ISO-10303-21;
HEADER;
FILE_DESCRIPTION(('STEP AP242'),'1');
FILE_NAME('0522070360.stp','2025-01-16T15:42:15',('TraceParts'),('TraceParts S.A.'),'Spatial InterOp 3D',' ',' ');
FILE_SCHEMA(('AP242_MANAGED_MODEL_BASED_3D_ENGINEERING_MIM_LF  {1 0 10303 442 1 1 4}'));
ENDSEC;
DATA;
#1=MECHANICAL_DESIGN_GEOMETRIC_PRESENTATION_REPRESENTATION(' ',(#10),#6);
#2=PRODUCT_DEFINITION_CONTEXT('',#11,'design');
#3=APPLICATION_PROTOCOL_DEFINITION('INTERNATIONAL STANDARD','ap242_managed_model_based_3d_engineering',2014,#11);
#4=PRODUCT_CATEGORY_RELATIONSHIP('NONE','NONE',#12,#13);
#5=SHAPE_DEFINITION_REPRESENTATION(#14,#15);
#6= (GEOMETRIC_REPRESENTATION_CONTEXT(3)GLOBAL_UNCERTAINTY_ASSIGNED_CONTEXT((#18))GLOBAL_UNIT_ASSIGNED_CONTEXT((#20,#21,#22))REPRESENTATION_CONTEXT('NONE','WORKSPACE'));
#10=STYLED_ITEM('',(#24),#25);
#11=APPLICATION_CONTEXT('managed model based 3d engineering');
#12=PRODUCT_CATEGORY('part','NONE');
#13=PRODUCT_RELATED_PRODUCT_CATEGORY('detail',' ',(#26));
#14=PRODUCT_DEFINITION_SHAPE('NONE','NONE',#27);
#15=ADVANCED_BREP_SHAPE_REPRESENTATION('0522070360',(#25,#28),#6);
#18=UNCERTAINTY_MEASURE_WITH_UNIT(LENGTH_MEASURE(1.0E-06),#20,'','');
#20= (CONVERSION_BASED_UNIT('MILLIMETRE',#31)LENGTH_UNIT()NAMED_UNIT(#34));
#21= (NAMED_UNIT(#36)PLANE_ANGLE_UNIT()SI_UNIT($,.RADIAN.));
#22= (NAMED_UNIT(#36)SOLID_ANGLE_UNIT()SI_UNIT($,.STERADIAN.));
#24=PRESENTATION_STYLE_ASSIGNMENT((#42));
#25=MANIFOLD_SOLID_BREP('0522070360',#43);
#26=PRODUCT('0522070360','','PART--DESC',(#44));
#27=PRODUCT_DEFINITION('','NONE',#45,#2);
#28=AXIS2_PLACEMENT_3D('',#46,#47,#48);
#31=LENGTH_MEASURE_WITH_UNIT(LENGTH_MEASURE(1.0),#49);
#34=DIMENSIONAL_EXPONENTS(1.0,0.0,0.0,0.0,0.0,0.0,0.0);
#36=DIMENSIONAL_EXPONENTS(0.0,0.0,0.0,0.0,0.0,0.0,0.0);
#42=SURFACE_STYLE_USAGE(.BOTH.,#50);
#43=CLOSED_SHELL('',(#51,#52,#53,#54,#55,#56,#57,#58,#59,#60,#61,#62,#63,#64,#65,#66,#67,#68,#69,#70,#71,#72,#73,#74,#75,#76,#77,#78,#79,#80,#81,#82,#83,#84,#85,#86,#87,#88,#89,#90,#91,#92,#93,#94,#95,#96,#97,#98,#99,#100,#101,#102,#103,#104,#105,#106,#107,#108,#109,#110,#111,#112,#113,#114,#115,#116,#117,#118,#119,#120,#121,#122,#123,#124,#125,#126,#127,#128,#129,#130,#131,#132,#133,#134,#135,#136,#137,#138,#139,#140,#141,#142,#143,#144,#145,#146,#147,#148,#149,#150,#151,#152,#153,#154,#155,#156,#157,#158,#159,#160,#161,#162,#163,#164,#165,#166,#167,#168,#169,#170,#171,#172,#173,#174,#175,#176,#177,#178,#179,#180,#181,#182,#183,#184,#185,#186,#187,#188,#189,#190,#191,#192,#193,#194,#195,#196,#197,#198,#199,#200,#201,#202,#203,#204,#205,#206,#207,#208,#209,#210,#211,#212,#213,#214,#215,#216,#217,#218,#219,#220,#221,#222,#223,#224,#225,#226,#227,#228,#229,#230,#231,#232,#233,#234,#235,#236,#237,#238,#239,#240,#241,#242,#243,#244,#245,#246,#247,#248,#249,#250,#251,#252,#253,#254,#255,#256,#257,#258,#259,#260,#261,#262,#263,#264,#265,#266,#267,#268,#269,#270,#271,#272,#273,#274,#275,#276,#277,#278,#279,#280,#281,#282,#283,#284,#285,#286,#287,#288,#289,#290,#291,#292,#293,#294,#295,#296));
#44=PRODUCT_CONTEXT('',#11,'mechanical');
#45=PRODUCT_DEFINITION_FORMATION_WITH_SPECIFIED_SOURCE(' ','NONE',#26,.NOT_KNOWN.);
#46=CARTESIAN_POINT('',(0.0,0.0,0.0));
#47=DIRECTION('',(0.0,0.0,1.0));
#48=DIRECTION('',(1.0,0.0,0.0));
#49= (NAMED_UNIT(#34)LENGTH_UNIT()SI_UNIT(.MILLI.,.METRE.));
#50=SURFACE_SIDE_STYLE('',(#298));
#51=ADVANCED_FACE('',(#299),#300,.T.);
#52=ADVANCED_FACE('',(#301),#302,.T.);
#53=ADVANCED_FACE('',(#303),#304,.T.);
#54=ADVANCED_FACE('',(#305),#306,.T.);
#55=ADVANCED_FACE('',(#307),#308,.T.);
#56=ADVANCED_FACE('',(#309),#310,.F.);
#57=ADVANCED_FACE('',(#311),#312,.F.);
#58=ADVANCED_FACE('',(#313),#314,.T.);
#59=ADVANCED_FACE('',(#315),#316,.F.);
#60=ADVANCED_FACE('',(#317),#318,.T.);
#61=ADVANCED_FACE('',(#319),#320,.T.);
#62=ADVANCED_FACE('',(#321),#322,.T.);
#63=ADVANCED_FACE('',(#323),#324,.F.);
#64=ADVANCED_FACE('',(#325),#326,.F.);
#65=ADVANCED_FACE('',(#327),#328,.T.);
#66=ADVANCED_FACE('',(#329),#330,.T.);
#67=ADVANCED_FACE('',(#331),#332,.T.);
#68=ADVANCED_FACE('',(#333),#334,.T.);
#69=ADVANCED_FACE('',(#335),#336,.T.);
#70=ADVANCED_FACE('',(#337,#338),#339,.T.);
#71=ADVANCED_FACE('',(#340),#341,.T.);
#72=ADVANCED_FACE('',(#342),#343,.F.);
#73=ADVANCED_FACE('',(#344),#345,.F.);
#74=ADVANCED_FACE('',(#346),#347,.F.);
#75=ADVANCED_FACE('',(#348),#349,.F.);
#76=ADVANCED_FACE('',(#350),#351,.F.);
#77=ADVANCED_FACE('',(#352),#353,.F.);
#78=ADVANCED_FACE('',(#354),#355,.F.);
#79=ADVANCED_FACE('',(#356),#357,.T.);
#80=ADVANCED_FACE('',(#358),#359,.T.);
#81=ADVANCED_FACE('',(#360),#361,.F.);
#82=ADVANCED_FACE('',(#362),#363,.T.);
#83=ADVANCED_FACE('',(#364),#365,.T.);
#84=ADVANCED_FACE('',(#366),#367,.T.);
#85=ADVANCED_FACE('',(#368),#369,.F.);
#86=ADVANCED_FACE('',(#370),#371,.T.);
#87=ADVANCED_FACE('',(#372),#373,.T.);
#88=ADVANCED_FACE('',(#374),#375,.T.);
#89=ADVANCED_FACE('',(#376),#377,.F.);
#90=ADVANCED_FACE('',(#378),#379,.F.);
#91=ADVANCED_FACE('',(#380),#381,.T.);
#92=ADVANCED_FACE('',(#382),#383,.F.);
#93=ADVANCED_FACE('',(#384),#385,.T.);
#94=ADVANCED_FACE('',(#386),#387,.F.);
#95=ADVANCED_FACE('',(#388),#389,.T.);
#96=ADVANCED_FACE('',(#390),#391,.T.);
#97=ADVANCED_FACE('',(#392),#393,.F.);
#98=ADVANCED_FACE('',(#394),#395,.T.);
#99=ADVANCED_FACE('',(#396),#397,.T.);
#100=ADVANCED_FACE('',(#398),#399,.T.);
#101=ADVANCED_FACE('',(#400),#401,.T.);
#102=ADVANCED_FACE('',(#402),#403,.T.);
#103=ADVANCED_FACE('',(#404),#405,.T.);
#104=ADVANCED_FACE('',(#406),#407,.F.);
#105=ADVANCED_FACE('',(#408),#409,.T.);
#106=ADVANCED_FACE('',(#410),#411,.T.);
#107=ADVANCED_FACE('',(#412),#413,.T.);
#108=ADVANCED_FACE('',(#414),#415,.T.);
#109=ADVANCED_FACE('',(#416),#417,.T.);
#110=ADVANCED_FACE('',(#418),#419,.F.);
#111=ADVANCED_FACE('',(#420),#421,.F.);
#112=ADVANCED_FACE('',(#422),#423,.F.);
#113=ADVANCED_FACE('',(#424),#425,.T.);
#114=ADVANCED_FACE('',(#426),#427,.F.);
#115=ADVANCED_FACE('',(#428),#429,.T.);
#116=ADVANCED_FACE('',(#430),#431,.T.);
#117=ADVANCED_FACE('',(#432),#433,.T.);
#118=ADVANCED_FACE('',(#434),#435,.F.);
#119=ADVANCED_FACE('',(#436),#437,.F.);
#120=ADVANCED_FACE('',(#438),#439,.T.);
#121=ADVANCED_FACE('',(#440),#441,.T.);
#122=ADVANCED_FACE('',(#442),#443,.T.);
#123=ADVANCED_FACE('',(#444),#445,.T.);
#124=ADVANCED_FACE('',(#446),#447,.F.);
#125=ADVANCED_FACE('',(#448),#449,.F.);
#126=ADVANCED_FACE('',(#450),#451,.T.);
#127=ADVANCED_FACE('',(#452),#453,.F.);
#128=ADVANCED_FACE('',(#454),#455,.F.);
#129=ADVANCED_FACE('',(#456),#457,.T.);
#130=ADVANCED_FACE('',(#458),#459,.F.);
#131=ADVANCED_FACE('',(#460),#461,.F.);
#132=ADVANCED_FACE('',(#462,#463),#464,.F.);
#133=ADVANCED_FACE('',(#465,#466),#467,.T.);
#134=ADVANCED_FACE('',(#468),#469,.F.);
#135=ADVANCED_FACE('',(#470),#471,.T.);
#136=ADVANCED_FACE('',(#472),#473,.F.);
#137=ADVANCED_FACE('',(#474),#475,.T.);
#138=ADVANCED_FACE('',(#476),#477,.F.);
#139=ADVANCED_FACE('',(#478,#479,#480,#481),#482,.F.);
#140=ADVANCED_FACE('',(#483),#484,.T.);
#141=ADVANCED_FACE('',(#485),#486,.F.);
#142=ADVANCED_FACE('',(#487),#488,.F.);
#143=ADVANCED_FACE('',(#489),#490,.T.);
#144=ADVANCED_FACE('',(#491),#492,.F.);
#145=ADVANCED_FACE('',(#493),#494,.F.);
#146=ADVANCED_FACE('',(#495),#496,.F.);
#147=ADVANCED_FACE('',(#497),#498,.F.);
#148=ADVANCED_FACE('',(#499),#500,.F.);
#149=ADVANCED_FACE('',(#501),#502,.F.);
#150=ADVANCED_FACE('',(#503),#504,.F.);
#151=ADVANCED_FACE('',(#505),#506,.T.);
#152=ADVANCED_FACE('',(#507),#508,.T.);
#153=ADVANCED_FACE('',(#509),#510,.F.);
#154=ADVANCED_FACE('',(#511),#512,.F.);
#155=ADVANCED_FACE('',(#513,#514,#515,#516),#517,.F.);
#156=ADVANCED_FACE('',(#518),#519,.T.);
#157=ADVANCED_FACE('',(#520),#521,.F.);
#158=ADVANCED_FACE('',(#522),#523,.T.);
#159=ADVANCED_FACE('',(#524),#525,.T.);
#160=ADVANCED_FACE('',(#526),#527,.T.);
#161=ADVANCED_FACE('',(#528),#529,.F.);
#162=ADVANCED_FACE('',(#530),#531,.T.);
#163=ADVANCED_FACE('',(#532),#533,.F.);
#164=ADVANCED_FACE('',(#534),#535,.F.);
#165=ADVANCED_FACE('',(#536),#537,.F.);
#166=ADVANCED_FACE('',(#538),#539,.F.);
#167=ADVANCED_FACE('',(#540),#541,.F.);
#168=ADVANCED_FACE('',(#542),#543,.F.);
#169=ADVANCED_FACE('',(#544),#545,.F.);
#170=ADVANCED_FACE('',(#546),#547,.F.);
#171=ADVANCED_FACE('',(#548),#549,.F.);
#172=ADVANCED_FACE('',(#550),#551,.F.);
#173=ADVANCED_FACE('',(#552),#553,.F.);
#174=ADVANCED_FACE('',(#554),#555,.F.);
#175=ADVANCED_FACE('',(#556),#557,.T.);
#176=ADVANCED_FACE('',(#558),#559,.F.);
#177=ADVANCED_FACE('',(#560),#561,.T.);
#178=ADVANCED_FACE('',(#562),#563,.F.);
#179=ADVANCED_FACE('',(#564),#565,.T.);
#180=ADVANCED_FACE('',(#566),#567,.F.);
#181=ADVANCED_FACE('',(#568),#569,.F.);
#182=ADVANCED_FACE('',(#570),#571,.T.);
#183=ADVANCED_FACE('',(#572),#573,.T.);
#184=ADVANCED_FACE('',(#574),#575,.T.);
#185=ADVANCED_FACE('',(#576),#577,.T.);
#186=ADVANCED_FACE('',(#578),#579,.F.);
#187=ADVANCED_FACE('',(#580),#581,.F.);
#188=ADVANCED_FACE('',(#582),#583,.F.);
#189=ADVANCED_FACE('',(#584),#585,.F.);
#190=ADVANCED_FACE('',(#586),#587,.F.);
#191=ADVANCED_FACE('',(#588),#589,.F.);
#192=ADVANCED_FACE('',(#590),#591,.F.);
#193=ADVANCED_FACE('',(#592),#593,.F.);
#194=ADVANCED_FACE('',(#594),#595,.F.);
#195=ADVANCED_FACE('',(#596),#597,.F.);
#196=ADVANCED_FACE('',(#598),#599,.F.);
#197=ADVANCED_FACE('',(#600),#601,.F.);
#198=ADVANCED_FACE('',(#602),#603,.F.);
#199=ADVANCED_FACE('',(#604),#605,.F.);
#200=ADVANCED_FACE('',(#606),#607,.F.);
#201=ADVANCED_FACE('',(#608),#609,.F.);
#202=ADVANCED_FACE('',(#610),#611,.T.);
#203=ADVANCED_FACE('',(#612),#613,.T.);
#204=ADVANCED_FACE('',(#614),#615,.F.);
#205=ADVANCED_FACE('',(#616),#617,.T.);
#206=ADVANCED_FACE('',(#618),#619,.F.);
#207=ADVANCED_FACE('',(#620),#621,.T.);
#208=ADVANCED_FACE('',(#622),#623,.T.);
#209=ADVANCED_FACE('',(#624),#625,.F.);
#210=ADVANCED_FACE('',(#626),#627,.T.);
#211=ADVANCED_FACE('',(#628),#629,.F.);
#212=ADVANCED_FACE('',(#630),#631,.F.);
#213=ADVANCED_FACE('',(#632),#633,.F.);
#214=ADVANCED_FACE('',(#634),#635,.F.);
#215=ADVANCED_FACE('',(#636),#637,.F.);
#216=ADVANCED_FACE('',(#638),#639,.T.);
#217=ADVANCED_FACE('',(#640),#641,.F.);
#218=ADVANCED_FACE('',(#642),#643,.F.);
#219=ADVANCED_FACE('',(#644),#645,.F.);
#220=ADVANCED_FACE('',(#646),#647,.F.);
#221=ADVANCED_FACE('',(#648),#649,.F.);
#222=ADVANCED_FACE('',(#650),#651,.F.);
#223=ADVANCED_FACE('',(#652),#653,.F.);
#224=ADVANCED_FACE('',(#654),#655,.F.);
#225=ADVANCED_FACE('',(#656),#657,.T.);
#226=ADVANCED_FACE('',(#658),#659,.F.);
#227=ADVANCED_FACE('',(#660),#661,.T.);
#228=ADVANCED_FACE('',(#662),#663,.F.);
#229=ADVANCED_FACE('',(#664),#665,.F.);
#230=ADVANCED_FACE('',(#666),#667,.F.);
#231=ADVANCED_FACE('',(#668),#669,.T.);
#232=ADVANCED_FACE('',(#670),#671,.F.);
#233=ADVANCED_FACE('',(#672),#673,.T.);
#234=ADVANCED_FACE('',(#674),#675,.F.);
#235=ADVANCED_FACE('',(#676),#677,.F.);
#236=ADVANCED_FACE('',(#678),#679,.F.);
#237=ADVANCED_FACE('',(#680),#681,.F.);
#238=ADVANCED_FACE('',(#682),#683,.F.);
#239=ADVANCED_FACE('',(#684),#685,.T.);
#240=ADVANCED_FACE('',(#686),#687,.F.);
#241=ADVANCED_FACE('',(#688),#689,.F.);
#242=ADVANCED_FACE('',(#690),#691,.F.);
#243=ADVANCED_FACE('',(#692),#693,.F.);
#244=ADVANCED_FACE('',(#694),#695,.F.);
#245=ADVANCED_FACE('',(#696),#697,.F.);
#246=ADVANCED_FACE('',(#698),#699,.F.);
#247=ADVANCED_FACE('',(#700),#701,.F.);
#248=ADVANCED_FACE('',(#702),#703,.F.);
#249=ADVANCED_FACE('',(#704),#705,.F.);
#250=ADVANCED_FACE('',(#706),#707,.T.);
#251=ADVANCED_FACE('',(#708),#709,.F.);
#252=ADVANCED_FACE('',(#710),#711,.F.);
#253=ADVANCED_FACE('',(#712),#713,.F.);
#254=ADVANCED_FACE('',(#714),#715,.F.);
#255=ADVANCED_FACE('',(#716),#717,.F.);
#256=ADVANCED_FACE('',(#718),#719,.F.);
#257=ADVANCED_FACE('',(#720),#721,.F.);
#258=ADVANCED_FACE('',(#722),#723,.F.);
#259=ADVANCED_FACE('',(#724),#725,.T.);
#260=ADVANCED_FACE('',(#726),#727,.F.);
#261=ADVANCED_FACE('',(#728),#729,.T.);
#262=ADVANCED_FACE('',(#730),#731,.T.);
#263=ADVANCED_FACE('',(#732),#733,.T.);
#264=ADVANCED_FACE('',(#734),#735,.T.);
#265=ADVANCED_FACE('',(#736),#737,.T.);
#266=ADVANCED_FACE('',(#738),#739,.F.);
#267=ADVANCED_FACE('',(#740),#741,.T.);
#268=ADVANCED_FACE('',(#742),#743,.T.);
#269=ADVANCED_FACE('',(#744),#745,.F.);
#270=ADVANCED_FACE('',(#746),#747,.F.);
#271=ADVANCED_FACE('',(#748),#749,.F.);
#272=ADVANCED_FACE('',(#750),#751,.F.);
#273=ADVANCED_FACE('',(#752),#753,.F.);
#274=ADVANCED_FACE('',(#754),#755,.T.);
#275=ADVANCED_FACE('',(#756),#757,.T.);
#276=ADVANCED_FACE('',(#758),#759,.T.);
#277=ADVANCED_FACE('',(#760),#761,.T.);
#278=ADVANCED_FACE('',(#762),#763,.T.);
#279=ADVANCED_FACE('',(#764),#765,.F.);
#280=ADVANCED_FACE('',(#766),#767,.F.);
#281=ADVANCED_FACE('',(#768),#769,.T.);
#282=ADVANCED_FACE('',(#770),#771,.T.);
#283=ADVANCED_FACE('',(#772),#773,.T.);
#284=ADVANCED_FACE('',(#774),#775,.T.);
#285=ADVANCED_FACE('',(#776),#777,.F.);
#286=ADVANCED_FACE('',(#778),#779,.F.);
#287=ADVANCED_FACE('',(#780),#781,.T.);
#288=ADVANCED_FACE('',(#782),#783,.T.);
#289=ADVANCED_FACE('',(#784),#785,.T.);
#290=ADVANCED_FACE('',(#786),#787,.T.);
#291=ADVANCED_FACE('',(#788),#789,.F.);
#292=ADVANCED_FACE('',(#790),#791,.F.);
#293=ADVANCED_FACE('',(#792),#793,.F.);
#294=ADVANCED_FACE('',(#794),#795,.T.);
#295=ADVANCED_FACE('',(#796),#797,.T.);
#296=ADVANCED_FACE('',(#798),#799,.T.);
#298=SURFACE_STYLE_FILL_AREA(#800);
#299=FACE_OUTER_BOUND('',#801,.T.);
#300=CYLINDRICAL_SURFACE('',#802,0.1);
#301=FACE_OUTER_BOUND('',#803,.T.);
#302=CYLINDRICAL_SURFACE('',#804,0.1);
#303=FACE_OUTER_BOUND('',#805,.T.);
#304=CYLINDRICAL_SURFACE('',#806,0.1);
#305=FACE_OUTER_BOUND('',#807,.T.);
#306=CYLINDRICAL_SURFACE('',#808,0.2);
#307=FACE_OUTER_BOUND('',#809,.T.);
#308=CYLINDRICAL_SURFACE('',#810,0.2);
#309=FACE_OUTER_BOUND('',#811,.T.);
#310=PLANE('',#812);
#311=FACE_OUTER_BOUND('',#813,.T.);
#312=PLANE('',#814);
#313=FACE_OUTER_BOUND('',#815,.T.);
#314=PLANE('',#816);
#315=FACE_OUTER_BOUND('',#817,.T.);
#316=PLANE('',#818);
#317=FACE_OUTER_BOUND('',#819,.T.);
#318=PLANE('',#820);
#319=FACE_OUTER_BOUND('',#821,.T.);
#320=PLANE('',#822);
#321=FACE_OUTER_BOUND('',#823,.T.);
#322=PLANE('',#824);
#323=FACE_OUTER_BOUND('',#825,.T.);
#324=PLANE('',#826);
#325=FACE_OUTER_BOUND('',#827,.T.);
#326=PLANE('',#828);
#327=FACE_OUTER_BOUND('',#829,.T.);
#328=PLANE('',#830);
#329=FACE_OUTER_BOUND('',#831,.T.);
#330=PLANE('',#832);
#331=FACE_OUTER_BOUND('',#833,.T.);
#332=PLANE('',#834);
#333=FACE_OUTER_BOUND('',#835,.T.);
#334=PLANE('',#836);
#335=FACE_OUTER_BOUND('',#837,.T.);
#336=PLANE('',#838);
#337=FACE_BOUND('',#839,.T.);
#338=FACE_OUTER_BOUND('',#840,.T.);
#339=PLANE('',#841);
#340=FACE_OUTER_BOUND('',#842,.T.);
#341=PLANE('',#843);
#342=FACE_OUTER_BOUND('',#844,.T.);
#343=PLANE('',#845);
#344=FACE_OUTER_BOUND('',#846,.T.);
#345=PLANE('',#847);
#346=FACE_OUTER_BOUND('',#848,.T.);
#347=PLANE('',#849);
#348=FACE_OUTER_BOUND('',#850,.T.);
#349=PLANE('',#851);
#350=FACE_OUTER_BOUND('',#852,.T.);
#351=PLANE('',#853);
#352=FACE_OUTER_BOUND('',#854,.T.);
#353=PLANE('',#855);
#354=FACE_OUTER_BOUND('',#856,.T.);
#355=PLANE('',#857);
#356=FACE_OUTER_BOUND('',#858,.T.);
#357=PLANE('',#859);
#358=FACE_OUTER_BOUND('',#860,.T.);
#359=PLANE('',#861);
#360=FACE_OUTER_BOUND('',#862,.T.);
#361=PLANE('',#863);
#362=FACE_OUTER_BOUND('',#864,.T.);
#363=PLANE('',#865);
#364=FACE_OUTER_BOUND('',#866,.T.);
#365=CYLINDRICAL_SURFACE('',#867,0.2);
#366=FACE_OUTER_BOUND('',#868,.T.);
#367=PLANE('',#869);
#368=FACE_OUTER_BOUND('',#870,.T.);
#369=PLANE('',#871);
#370=FACE_OUTER_BOUND('',#872,.T.);
#371=PLANE('',#873);
#372=FACE_OUTER_BOUND('',#874,.T.);
#373=PLANE('',#875);
#374=FACE_OUTER_BOUND('',#876,.T.);
#375=PLANE('',#877);
#376=FACE_OUTER_BOUND('',#878,.T.);
#377=PLANE('',#879);
#378=FACE_OUTER_BOUND('',#880,.T.);
#379=PLANE('',#881);
#380=FACE_OUTER_BOUND('',#882,.T.);
#381=PLANE('',#883);
#382=FACE_OUTER_BOUND('',#884,.T.);
#383=PLANE('',#885);
#384=FACE_OUTER_BOUND('',#886,.T.);
#385=CYLINDRICAL_SURFACE('',#887,0.2);
#386=FACE_OUTER_BOUND('',#888,.T.);
#387=PLANE('',#889);
#388=FACE_OUTER_BOUND('',#890,.T.);
#389=PLANE('',#891);
#390=FACE_OUTER_BOUND('',#892,.T.);
#391=PLANE('',#893);
#392=FACE_OUTER_BOUND('',#894,.T.);
#393=PLANE('',#895);
#394=FACE_OUTER_BOUND('',#896,.T.);
#395=PLANE('',#897);
#396=FACE_OUTER_BOUND('',#898,.T.);
#397=PLANE('',#899);
#398=FACE_OUTER_BOUND('',#900,.T.);
#399=PLANE('',#901);
#400=FACE_OUTER_BOUND('',#902,.T.);
#401=PLANE('',#903);
#402=FACE_OUTER_BOUND('',#904,.T.);
#403=PLANE('',#905);
#404=FACE_OUTER_BOUND('',#906,.T.);
#405=PLANE('',#907);
#406=FACE_OUTER_BOUND('',#908,.T.);
#407=PLANE('',#909);
#408=FACE_OUTER_BOUND('',#910,.T.);
#409=PLANE('',#911);
#410=FACE_OUTER_BOUND('',#912,.T.);
#411=PLANE('',#913);
#412=FACE_OUTER_BOUND('',#914,.T.);
#413=PLANE('',#915);
#414=FACE_OUTER_BOUND('',#916,.T.);
#415=PLANE('',#917);
#416=FACE_OUTER_BOUND('',#918,.T.);
#417=PLANE('',#919);
#418=FACE_OUTER_BOUND('',#920,.T.);
#419=PLANE('',#921);
#420=FACE_OUTER_BOUND('',#922,.T.);
#421=PLANE('',#923);
#422=FACE_OUTER_BOUND('',#924,.T.);
#423=PLANE('',#925);
#424=FACE_OUTER_BOUND('',#926,.T.);
#425=PLANE('',#927);
#426=FACE_OUTER_BOUND('',#928,.T.);
#427=PLANE('',#929);
#428=FACE_OUTER_BOUND('',#930,.T.);
#429=PLANE('',#931);
#430=FACE_OUTER_BOUND('',#932,.T.);
#431=PLANE('',#933);
#432=FACE_OUTER_BOUND('',#934,.T.);
#433=PLANE('',#935);
#434=FACE_OUTER_BOUND('',#936,.T.);
#435=PLANE('',#937);
#436=FACE_OUTER_BOUND('',#938,.T.);
#437=PLANE('',#939);
#438=FACE_OUTER_BOUND('',#940,.T.);
#439=CYLINDRICAL_SURFACE('',#941,0.15);
#440=FACE_OUTER_BOUND('',#942,.T.);
#441=CYLINDRICAL_SURFACE('',#943,0.15);
#442=FACE_OUTER_BOUND('',#944,.T.);
#443=CYLINDRICAL_SURFACE('',#945,0.15);
#444=FACE_OUTER_BOUND('',#946,.T.);
#445=PLANE('',#947);
#446=FACE_OUTER_BOUND('',#948,.T.);
#447=PLANE('',#949);
#448=FACE_OUTER_BOUND('',#950,.T.);
#449=PLANE('',#951);
#450=FACE_OUTER_BOUND('',#952,.T.);
#451=PLANE('',#953);
#452=FACE_OUTER_BOUND('',#954,.T.);
#453=PLANE('',#955);
#454=FACE_OUTER_BOUND('',#956,.T.);
#455=PLANE('',#957);
#456=FACE_OUTER_BOUND('',#958,.T.);
#457=PLANE('',#959);
#458=FACE_OUTER_BOUND('',#960,.T.);
#459=PLANE('',#961);
#460=FACE_OUTER_BOUND('',#962,.T.);
#461=PLANE('',#963);
#462=FACE_OUTER_BOUND('',#964,.T.);
#463=FACE_BOUND('',#965,.T.);
#464=PLANE('',#966);
#465=FACE_OUTER_BOUND('',#967,.T.);
#466=FACE_BOUND('',#968,.T.);
#467=PLANE('',#969);
#468=FACE_OUTER_BOUND('',#970,.T.);
#469=PLANE('',#971);
#470=FACE_OUTER_BOUND('',#972,.T.);
#471=PLANE('',#973);
#472=FACE_OUTER_BOUND('',#974,.T.);
#473=PLANE('',#975);
#474=FACE_OUTER_BOUND('',#976,.T.);
#475=PLANE('',#977);
#476=FACE_OUTER_BOUND('',#978,.T.);
#477=PLANE('',#979);
#478=FACE_BOUND('',#980,.T.);
#479=FACE_BOUND('',#981,.T.);
#480=FACE_BOUND('',#982,.T.);
#481=FACE_OUTER_BOUND('',#983,.T.);
#482=PLANE('',#984);
#483=FACE_OUTER_BOUND('',#985,.T.);
#484=PLANE('',#986);
#485=FACE_OUTER_BOUND('',#987,.T.);
#486=PLANE('',#988);
#487=FACE_OUTER_BOUND('',#989,.T.);
#488=PLANE('',#990);
#489=FACE_OUTER_BOUND('',#991,.T.);
#490=PLANE('',#992);
#491=FACE_OUTER_BOUND('',#993,.T.);
#492=PLANE('',#994);
#493=FACE_OUTER_BOUND('',#995,.T.);
#494=PLANE('',#996);
#495=FACE_OUTER_BOUND('',#997,.T.);
#496=PLANE('',#998);
#497=FACE_OUTER_BOUND('',#999,.T.);
#498=CYLINDRICAL_SURFACE('',#1000,0.15);
#499=FACE_OUTER_BOUND('',#1001,.T.);
#500=PLANE('',#1002);
#501=FACE_OUTER_BOUND('',#1003,.T.);
#502=PLANE('',#1004);
#503=FACE_OUTER_BOUND('',#1005,.T.);
#504=CYLINDRICAL_SURFACE('',#1006,0.15);
#505=FACE_OUTER_BOUND('',#1007,.T.);
#506=PLANE('',#1008);
#507=FACE_OUTER_BOUND('',#1009,.T.);
#508=PLANE('',#1010);
#509=FACE_OUTER_BOUND('',#1011,.T.);
#510=PLANE('',#1012);
#511=FACE_OUTER_BOUND('',#1013,.T.);
#512=PLANE('',#1014);
#513=FACE_BOUND('',#1015,.T.);
#514=FACE_BOUND('',#1016,.T.);
#515=FACE_BOUND('',#1017,.T.);
#516=FACE_OUTER_BOUND('',#1018,.T.);
#517=PLANE('',#1019);
#518=FACE_OUTER_BOUND('',#1020,.T.);
#519=PLANE('',#1021);
#520=FACE_OUTER_BOUND('',#1022,.T.);
#521=PLANE('',#1023);
#522=FACE_OUTER_BOUND('',#1024,.T.);
#523=PLANE('',#1025);
#524=FACE_OUTER_BOUND('',#1026,.T.);
#525=PLANE('',#1027);
#526=FACE_OUTER_BOUND('',#1028,.T.);
#527=PLANE('',#1029);
#528=FACE_OUTER_BOUND('',#1030,.T.);
#529=PLANE('',#1031);
#530=FACE_OUTER_BOUND('',#1032,.T.);
#531=PLANE('',#1033);
#532=FACE_OUTER_BOUND('',#1034,.T.);
#533=PLANE('',#1035);
#534=FACE_OUTER_BOUND('',#1036,.T.);
#535=CYLINDRICAL_SURFACE('',#1037,0.15);
#536=FACE_OUTER_BOUND('',#1038,.T.);
#537=PLANE('',#1039);
#538=FACE_OUTER_BOUND('',#1040,.T.);
#539=PLANE('',#1041);
#540=FACE_OUTER_BOUND('',#1042,.T.);
#541=PLANE('',#1043);
#542=FACE_OUTER_BOUND('',#1044,.T.);
#543=CYLINDRICAL_SURFACE('',#1045,0.15);
#544=FACE_OUTER_BOUND('',#1046,.T.);
#545=PLANE('',#1047);
#546=FACE_OUTER_BOUND('',#1048,.T.);
#547=PLANE('',#1049);
#548=FACE_OUTER_BOUND('',#1050,.T.);
#549=PLANE('',#1051);
#550=FACE_OUTER_BOUND('',#1052,.T.);
#551=PLANE('',#1053);
#552=FACE_OUTER_BOUND('',#1054,.T.);
#553=PLANE('',#1055);
#554=FACE_OUTER_BOUND('',#1056,.T.);
#555=PLANE('',#1057);
#556=FACE_OUTER_BOUND('',#1058,.T.);
#557=PLANE('',#1059);
#558=FACE_OUTER_BOUND('',#1060,.T.);
#559=PLANE('',#1061);
#560=FACE_OUTER_BOUND('',#1062,.T.);
#561=PLANE('',#1063);
#562=FACE_OUTER_BOUND('',#1064,.T.);
#563=PLANE('',#1065);
#564=FACE_OUTER_BOUND('',#1066,.T.);
#565=PLANE('',#1067);
#566=FACE_OUTER_BOUND('',#1068,.T.);
#567=PLANE('',#1069);
#568=FACE_OUTER_BOUND('',#1070,.T.);
#569=PLANE('',#1071);
#570=FACE_OUTER_BOUND('',#1072,.T.);
#571=PLANE('',#1073);
#572=FACE_OUTER_BOUND('',#1074,.T.);
#573=PLANE('',#1075);
#574=FACE_OUTER_BOUND('',#1076,.T.);
#575=PLANE('',#1077);
#576=FACE_OUTER_BOUND('',#1078,.T.);
#577=PLANE('',#1079);
#578=FACE_OUTER_BOUND('',#1080,.T.);
#579=PLANE('',#1081);
#580=FACE_OUTER_BOUND('',#1082,.T.);
#581=PLANE('',#1083);
#582=FACE_OUTER_BOUND('',#1084,.T.);
#583=PLANE('',#1085);
#584=FACE_OUTER_BOUND('',#1086,.T.);
#585=PLANE('',#1087);
#586=FACE_OUTER_BOUND('',#1088,.T.);
#587=PLANE('',#1089);
#588=FACE_OUTER_BOUND('',#1090,.T.);
#589=PLANE('',#1091);
#590=FACE_OUTER_BOUND('',#1092,.T.);
#591=PLANE('',#1093);
#592=FACE_OUTER_BOUND('',#1094,.T.);
#593=PLANE('',#1095);
#594=FACE_OUTER_BOUND('',#1096,.T.);
#595=PLANE('',#1097);
#596=FACE_OUTER_BOUND('',#1098,.T.);
#597=PLANE('',#1099);
#598=FACE_OUTER_BOUND('',#1100,.T.);
#599=PLANE('',#1101);
#600=FACE_OUTER_BOUND('',#1102,.T.);
#601=PLANE('',#1103);
#602=FACE_OUTER_BOUND('',#1104,.T.);
#603=PLANE('',#1105);
#604=FACE_OUTER_BOUND('',#1106,.T.);
#605=PLANE('',#1107);
#606=FACE_OUTER_BOUND('',#1108,.T.);
#607=PLANE('',#1109);
#608=FACE_OUTER_BOUND('',#1110,.T.);
#609=PLANE('',#1111);
#610=FACE_OUTER_BOUND('',#1112,.T.);
#611=PLANE('',#1113);
#612=FACE_OUTER_BOUND('',#1114,.T.);
#613=PLANE('',#1115);
#614=FACE_OUTER_BOUND('',#1116,.T.);
#615=PLANE('',#1117);
#616=FACE_OUTER_BOUND('',#1118,.T.);
#617=PLANE('',#1119);
#618=FACE_OUTER_BOUND('',#1120,.T.);
#619=PLANE('',#1121);
#620=FACE_OUTER_BOUND('',#1122,.T.);
#621=PLANE('',#1123);
#622=FACE_OUTER_BOUND('',#1124,.T.);
#623=CYLINDRICAL_SURFACE('',#1125,0.1);
#624=FACE_OUTER_BOUND('',#1126,.T.);
#625=PLANE('',#1127);
#626=FACE_OUTER_BOUND('',#1128,.T.);
#627=PLANE('',#1129);
#628=FACE_OUTER_BOUND('',#1130,.T.);
#629=PLANE('',#1131);
#630=FACE_OUTER_BOUND('',#1132,.T.);
#631=PLANE('',#1133);
#632=FACE_OUTER_BOUND('',#1134,.T.);
#633=PLANE('',#1135);
#634=FACE_OUTER_BOUND('',#1136,.T.);
#635=CYLINDRICAL_SURFACE('',#1137,0.15);
#636=FACE_OUTER_BOUND('',#1138,.T.);
#637=PLANE('',#1139);
#638=FACE_OUTER_BOUND('',#1140,.T.);
#639=PLANE('',#1141);
#640=FACE_OUTER_BOUND('',#1142,.T.);
#641=PLANE('',#1143);
#642=FACE_OUTER_BOUND('',#1144,.T.);
#643=PLANE('',#1145);
#644=FACE_OUTER_BOUND('',#1146,.T.);
#645=PLANE('',#1147);
#646=FACE_OUTER_BOUND('',#1148,.T.);
#647=PLANE('',#1149);
#648=FACE_OUTER_BOUND('',#1150,.T.);
#649=PLANE('',#1151);
#650=FACE_OUTER_BOUND('',#1152,.T.);
#651=PLANE('',#1153);
#652=FACE_OUTER_BOUND('',#1154,.T.);
#653=PLANE('',#1155);
#654=FACE_OUTER_BOUND('',#1156,.T.);
#655=PLANE('',#1157);
#656=FACE_OUTER_BOUND('',#1158,.T.);
#657=CYLINDRICAL_SURFACE('',#1159,0.1);
#658=FACE_OUTER_BOUND('',#1160,.T.);
#659=PLANE('',#1161);
#660=FACE_OUTER_BOUND('',#1162,.T.);
#661=PLANE('',#1163);
#662=FACE_OUTER_BOUND('',#1164,.T.);
#663=PLANE('',#1165);
#664=FACE_OUTER_BOUND('',#1166,.T.);
#665=PLANE('',#1167);
#666=FACE_OUTER_BOUND('',#1168,.T.);
#667=PLANE('',#1169);
#668=FACE_OUTER_BOUND('',#1170,.T.);
#669=CYLINDRICAL_SURFACE('',#1171,0.1);
#670=FACE_OUTER_BOUND('',#1172,.T.);
#671=PLANE('',#1173);
#672=FACE_OUTER_BOUND('',#1174,.T.);
#673=PLANE('',#1175);
#674=FACE_OUTER_BOUND('',#1176,.T.);
#675=PLANE('',#1177);
#676=FACE_OUTER_BOUND('',#1178,.T.);
#677=PLANE('',#1179);
#678=FACE_OUTER_BOUND('',#1180,.T.);
#679=PLANE('',#1181);
#680=FACE_OUTER_BOUND('',#1182,.T.);
#681=CYLINDRICAL_SURFACE('',#1183,0.15);
#682=FACE_OUTER_BOUND('',#1184,.T.);
#683=PLANE('',#1185);
#684=FACE_OUTER_BOUND('',#1186,.T.);
#685=PLANE('',#1187);
#686=FACE_OUTER_BOUND('',#1188,.T.);
#687=PLANE('',#1189);
#688=FACE_OUTER_BOUND('',#1190,.T.);
#689=PLANE('',#1191);
#690=FACE_OUTER_BOUND('',#1192,.T.);
#691=PLANE('',#1193);
#692=FACE_OUTER_BOUND('',#1194,.T.);
#693=PLANE('',#1195);
#694=FACE_OUTER_BOUND('',#1196,.T.);
#695=PLANE('',#1197);
#696=FACE_OUTER_BOUND('',#1198,.T.);
#697=PLANE('',#1199);
#698=FACE_OUTER_BOUND('',#1200,.T.);
#699=PLANE('',#1201);
#700=FACE_OUTER_BOUND('',#1202,.T.);
#701=PLANE('',#1203);
#702=FACE_OUTER_BOUND('',#1204,.T.);
#703=CYLINDRICAL_SURFACE('',#1205,0.15);
#704=FACE_OUTER_BOUND('',#1206,.T.);
#705=PLANE('',#1207);
#706=FACE_OUTER_BOUND('',#1208,.T.);
#707=PLANE('',#1209);
#708=FACE_OUTER_BOUND('',#1210,.T.);
#709=PLANE('',#1211);
#710=FACE_OUTER_BOUND('',#1212,.T.);
#711=PLANE('',#1213);
#712=FACE_OUTER_BOUND('',#1214,.T.);
#713=PLANE('',#1215);
#714=FACE_OUTER_BOUND('',#1216,.T.);
#715=PLANE('',#1217);
#716=FACE_OUTER_BOUND('',#1218,.T.);
#717=PLANE('',#1219);
#718=FACE_OUTER_BOUND('',#1220,.T.);
#719=PLANE('',#1221);
#720=FACE_OUTER_BOUND('',#1222,.T.);
#721=PLANE('',#1223);
#722=FACE_OUTER_BOUND('',#1224,.T.);
#723=PLANE('',#1225);
#724=FACE_OUTER_BOUND('',#1226,.T.);
#725=PLANE('',#1227);
#726=FACE_OUTER_BOUND('',#1228,.T.);
#727=CYLINDRICAL_SURFACE('',#1229,0.15);
#728=FACE_OUTER_BOUND('',#1230,.T.);
#729=CYLINDRICAL_SURFACE('',#1231,0.4);
#730=FACE_OUTER_BOUND('',#1232,.T.);
#731=PLANE('',#1233);
#732=FACE_OUTER_BOUND('',#1234,.T.);
#733=PLANE('',#1235);
#734=FACE_OUTER_BOUND('',#1236,.T.);
#735=PLANE('',#1237);
#736=FACE_OUTER_BOUND('',#1238,.T.);
#737=PLANE('',#1239);
#738=FACE_OUTER_BOUND('',#1240,.T.);
#739=CYLINDRICAL_SURFACE('',#1241,0.15);
#740=FACE_OUTER_BOUND('',#1242,.T.);
#741=CYLINDRICAL_SURFACE('',#1243,0.4);
#742=FACE_OUTER_BOUND('',#1244,.T.);
#743=PLANE('',#1245);
#744=FACE_OUTER_BOUND('',#1246,.T.);
#745=PLANE('',#1247);
#746=FACE_OUTER_BOUND('',#1248,.T.);
#747=PLANE('',#1249);
#748=FACE_OUTER_BOUND('',#1250,.T.);
#749=PLANE('',#1251);
#750=FACE_OUTER_BOUND('',#1252,.T.);
#751=PLANE('',#1253);
#752=FACE_OUTER_BOUND('',#1254,.T.);
#753=PLANE('',#1255);
#754=FACE_OUTER_BOUND('',#1256,.T.);
#755=PLANE('',#1257);
#756=FACE_OUTER_BOUND('',#1258,.T.);
#757=PLANE('',#1259);
#758=FACE_OUTER_BOUND('',#1260,.T.);
#759=PLANE('',#1261);
#760=FACE_OUTER_BOUND('',#1262,.T.);
#761=PLANE('',#1263);
#762=FACE_OUTER_BOUND('',#1264,.T.);
#763=CYLINDRICAL_SURFACE('',#1265,0.4);
#764=FACE_OUTER_BOUND('',#1266,.T.);
#765=CYLINDRICAL_SURFACE('',#1267,0.15);
#766=FACE_OUTER_BOUND('',#1268,.T.);
#767=PLANE('',#1269);
#768=FACE_OUTER_BOUND('',#1270,.T.);
#769=PLANE('',#1271);
#770=FACE_OUTER_BOUND('',#1272,.T.);
#771=PLANE('',#1273);
#772=FACE_OUTER_BOUND('',#1274,.T.);
#773=PLANE('',#1275);
#774=FACE_OUTER_BOUND('',#1276,.T.);
#775=PLANE('',#1277);
#776=FACE_OUTER_BOUND('',#1278,.T.);
#777=PLANE('',#1279);
#778=FACE_OUTER_BOUND('',#1280,.T.);
#779=CYLINDRICAL_SURFACE('',#1281,0.15);
#780=FACE_OUTER_BOUND('',#1282,.T.);
#781=PLANE('',#1283);
#782=FACE_OUTER_BOUND('',#1284,.T.);
#783=PLANE('',#1285);
#784=FACE_OUTER_BOUND('',#1286,.T.);
#785=PLANE('',#1287);
#786=FACE_OUTER_BOUND('',#1288,.T.);
#787=CYLINDRICAL_SURFACE('',#1289,0.400000000000001);
#788=FACE_OUTER_BOUND('',#1290,.T.);
#789=PLANE('',#1291);
#790=FACE_OUTER_BOUND('',#1292,.T.);
#791=PLANE('',#1293);
#792=FACE_OUTER_BOUND('',#1294,.T.);
#793=PLANE('',#1295);
#794=FACE_OUTER_BOUND('',#1296,.T.);
#795=PLANE('',#1297);
#796=FACE_OUTER_BOUND('',#1298,.T.);
#797=PLANE('',#1299);
#798=FACE_OUTER_BOUND('',#1300,.T.);
#799=PLANE('',#1301);
#800=FILL_AREA_STYLE('',(#1302));
#801=EDGE_LOOP('',(#1303,#1304,#1305,#1306));
#802=AXIS2_PLACEMENT_3D('',#1307,#1308,#1309);
#803=EDGE_LOOP('',(#1310,#1311,#1312,#1313));
#804=AXIS2_PLACEMENT_3D('',#1314,#1315,#1316);
#805=EDGE_LOOP('',(#1317,#1318,#1319,#1320));
#806=AXIS2_PLACEMENT_3D('',#1321,#1322,#1323);
#807=EDGE_LOOP('',(#1324,#1325,#1326,#1327));
#808=AXIS2_PLACEMENT_3D('',#1328,#1329,#1330);
#809=EDGE_LOOP('',(#1331,#1332,#1333,#1334));
#810=AXIS2_PLACEMENT_3D('',#1335,#1336,#1337);
#811=EDGE_LOOP('',(#1338,#1339,#1340,#1341,#1342,#1343,#1344,#1345,#1346,#1347));
#812=AXIS2_PLACEMENT_3D('',#1348,#1349,#1350);
#813=EDGE_LOOP('',(#1351,#1352,#1353,#1354));
#814=AXIS2_PLACEMENT_3D('',#1355,#1356,#1357);
#815=EDGE_LOOP('',(#1358,#1359,#1360,#1361,#1362,#1363,#1364,#1365,#1366,#1367));
#816=AXIS2_PLACEMENT_3D('',#1368,#1369,#1370);
#817=EDGE_LOOP('',(#1371,#1372,#1373,#1374,#1375,#1376,#1377,#1378,#1379,#1380,#1381,#1382,#1383,#1384,#1385,#1386,#1387,#1388,#1389,#1390,#1391,#1392,#1393,#1394,#1395,#1396,#1397,#1398,#1399,#1400,#1401,#1402));
#818=AXIS2_PLACEMENT_3D('',#1403,#1404,#1405);
#819=EDGE_LOOP('',(#1406,#1407,#1408,#1409,#1410,#1411,#1412,#1413,#1414,#1415));
#820=AXIS2_PLACEMENT_3D('',#1416,#1417,#1418);
#821=EDGE_LOOP('',(#1419,#1420,#1421,#1422,#1423,#1424,#1425,#1426,#1427,#1428));
#822=AXIS2_PLACEMENT_3D('',#1429,#1430,#1431);
#823=EDGE_LOOP('',(#1432,#1433,#1434,#1435));
#824=AXIS2_PLACEMENT_3D('',#1436,#1437,#1438);
#825=EDGE_LOOP('',(#1439,#1440,#1441,#1442,#1443,#1444,#1445,#1446,#1447,#1448,#1449,#1450,#1451,#1452,#1453,#1454,#1455,#1456,#1457,#1458,#1459,#1460,#1461,#1462,#1463,#1464,#1465,#1466));
#826=AXIS2_PLACEMENT_3D('',#1467,#1468,#1469);
#827=EDGE_LOOP('',(#1470,#1471,#1472,#1473,#1474,#1475,#1476,#1477,#1478,#1479,#1480,#1481,#1482,#1483,#1484,#1485));
#828=AXIS2_PLACEMENT_3D('',#1486,#1487,#1488);
#829=EDGE_LOOP('',(#1489,#1490,#1491,#1492,#1493,#1494,#1495,#1496,#1497,#1498,#1499,#1500,#1501,#1502,#1503,#1504,#1505,#1506));
#830=AXIS2_PLACEMENT_3D('',#1507,#1508,#1509);
#831=EDGE_LOOP('',(#1510,#1511,#1512,#1513));
#832=AXIS2_PLACEMENT_3D('',#1514,#1515,#1516);
#833=EDGE_LOOP('',(#1517,#1518,#1519,#1520,#1521,#1522));
#834=AXIS2_PLACEMENT_3D('',#1523,#1524,#1525);
#835=EDGE_LOOP('',(#1526,#1527,#1528,#1529,#1530,#1531,#1532,#1533,#1534,#1535,#1536,#1537));
#836=AXIS2_PLACEMENT_3D('',#1538,#1539,#1540);
#837=EDGE_LOOP('',(#1541,#1542,#1543,#1544,#1545,#1546));
#838=AXIS2_PLACEMENT_3D('',#1547,#1548,#1549);
#839=EDGE_LOOP('',(#1550,#1551,#1552));
#840=EDGE_LOOP('',(#1553,#1554,#1555,#1556));
#841=AXIS2_PLACEMENT_3D('',#1557,#1558,#1559);
#842=EDGE_LOOP('',(#1560,#1561,#1562,#1563,#1564,#1565,#1566,#1567,#1568,#1569,#1570,#1571));
#843=AXIS2_PLACEMENT_3D('',#1572,#1573,#1574);
#844=EDGE_LOOP('',(#1575,#1576,#1577,#1578));
#845=AXIS2_PLACEMENT_3D('',#1579,#1580,#1581);
#846=EDGE_LOOP('',(#1582,#1583,#1584,#1585));
#847=AXIS2_PLACEMENT_3D('',#1586,#1587,#1588);
#848=EDGE_LOOP('',(#1589,#1590,#1591,#1592));
#849=AXIS2_PLACEMENT_3D('',#1593,#1594,#1595);
#850=EDGE_LOOP('',(#1596,#1597,#1598,#1599));
#851=AXIS2_PLACEMENT_3D('',#1600,#1601,#1602);
#852=EDGE_LOOP('',(#1603,#1604,#1605,#1606,#1607,#1608));
#853=AXIS2_PLACEMENT_3D('',#1609,#1610,#1611);
#854=EDGE_LOOP('',(#1612,#1613,#1614,#1615,#1616,#1617));
#855=AXIS2_PLACEMENT_3D('',#1618,#1619,#1620);
#856=EDGE_LOOP('',(#1621,#1622,#1623,#1624,#1625,#1626,#1627,#1628,#1629,#1630,#1631,#1632,#1633));
#857=AXIS2_PLACEMENT_3D('',#1634,#1635,#1636);
#858=EDGE_LOOP('',(#1637,#1638,#1639,#1640));
#859=AXIS2_PLACEMENT_3D('',#1641,#1642,#1643);
#860=EDGE_LOOP('',(#1644,#1645,#1646,#1647));
#861=AXIS2_PLACEMENT_3D('',#1648,#1649,#1650);
#862=EDGE_LOOP('',(#1651,#1652,#1653,#1654));
#863=AXIS2_PLACEMENT_3D('',#1655,#1656,#1657);
#864=EDGE_LOOP('',(#1658,#1659,#1660,#1661));
#865=AXIS2_PLACEMENT_3D('',#1662,#1663,#1664);
#866=EDGE_LOOP('',(#1665,#1666,#1667,#1668));
#867=AXIS2_PLACEMENT_3D('',#1669,#1670,#1671);
#868=EDGE_LOOP('',(#1672,#1673,#1674,#1675));
#869=AXIS2_PLACEMENT_3D('',#1676,#1677,#1678);
#870=EDGE_LOOP('',(#1679,#1680,#1681,#1682,#1683));
#871=AXIS2_PLACEMENT_3D('',#1684,#1685,#1686);
#872=EDGE_LOOP('',(#1687,#1688,#1689,#1690,#1691,#1692));
#873=AXIS2_PLACEMENT_3D('',#1693,#1694,#1695);
#874=EDGE_LOOP('',(#1696,#1697,#1698,#1699,#1700,#1701));
#875=AXIS2_PLACEMENT_3D('',#1702,#1703,#1704);
#876=EDGE_LOOP('',(#1705,#1706,#1707,#1708,#1709,#1710,#1711,#1712,#1713,#1714,#1715,#1716,#1717));
#877=AXIS2_PLACEMENT_3D('',#1718,#1719,#1720);
#878=EDGE_LOOP('',(#1721,#1722,#1723,#1724));
#879=AXIS2_PLACEMENT_3D('',#1725,#1726,#1727);
#880=EDGE_LOOP('',(#1728,#1729,#1730,#1731));
#881=AXIS2_PLACEMENT_3D('',#1732,#1733,#1734);
#882=EDGE_LOOP('',(#1735,#1736,#1737,#1738));
#883=AXIS2_PLACEMENT_3D('',#1739,#1740,#1741);
#884=EDGE_LOOP('',(#1742,#1743,#1744,#1745));
#885=AXIS2_PLACEMENT_3D('',#1746,#1747,#1748);
#886=EDGE_LOOP('',(#1749,#1750,#1751,#1752));
#887=AXIS2_PLACEMENT_3D('',#1753,#1754,#1755);
#888=EDGE_LOOP('',(#1756,#1757,#1758,#1759));
#889=AXIS2_PLACEMENT_3D('',#1760,#1761,#1762);
#890=EDGE_LOOP('',(#1763,#1764,#1765,#1766,#1767));
#891=AXIS2_PLACEMENT_3D('',#1768,#1769,#1770);
#892=EDGE_LOOP('',(#1771,#1772,#1773,#1774));
#893=AXIS2_PLACEMENT_3D('',#1775,#1776,#1777);
#894=EDGE_LOOP('',(#1778,#1779,#1780,#1781));
#895=AXIS2_PLACEMENT_3D('',#1782,#1783,#1784);
#896=EDGE_LOOP('',(#1785,#1786,#1787,#1788));
#897=AXIS2_PLACEMENT_3D('',#1789,#1790,#1791);
#898=EDGE_LOOP('',(#1792,#1793,#1794,#1795));
#899=AXIS2_PLACEMENT_3D('',#1796,#1797,#1798);
#900=EDGE_LOOP('',(#1799,#1800,#1801,#1802));
#901=AXIS2_PLACEMENT_3D('',#1803,#1804,#1805);
#902=EDGE_LOOP('',(#1806,#1807,#1808,#1809));
#903=AXIS2_PLACEMENT_3D('',#1810,#1811,#1812);
#904=EDGE_LOOP('',(#1813,#1814,#1815,#1816));
#905=AXIS2_PLACEMENT_3D('',#1817,#1818,#1819);
#906=EDGE_LOOP('',(#1820,#1821,#1822,#1823));
#907=AXIS2_PLACEMENT_3D('',#1824,#1825,#1826);
#908=EDGE_LOOP('',(#1827,#1828,#1829,#1830));
#909=AXIS2_PLACEMENT_3D('',#1831,#1832,#1833);
#910=EDGE_LOOP('',(#1834,#1835,#1836,#1837));
#911=AXIS2_PLACEMENT_3D('',#1838,#1839,#1840);
#912=EDGE_LOOP('',(#1841,#1842,#1843,#1844));
#913=AXIS2_PLACEMENT_3D('',#1845,#1846,#1847);
#914=EDGE_LOOP('',(#1848,#1849,#1850,#1851));
#915=AXIS2_PLACEMENT_3D('',#1852,#1853,#1854);
#916=EDGE_LOOP('',(#1855,#1856,#1857,#1858));
#917=AXIS2_PLACEMENT_3D('',#1859,#1860,#1861);
#918=EDGE_LOOP('',(#1862,#1863,#1864,#1865));
#919=AXIS2_PLACEMENT_3D('',#1866,#1867,#1868);
#920=EDGE_LOOP('',(#1869,#1870,#1871,#1872));
#921=AXIS2_PLACEMENT_3D('',#1873,#1874,#1875);
#922=EDGE_LOOP('',(#1876,#1877,#1878,#1879));
#923=AXIS2_PLACEMENT_3D('',#1880,#1881,#1882);
#924=EDGE_LOOP('',(#1883,#1884,#1885,#1886));
#925=AXIS2_PLACEMENT_3D('',#1887,#1888,#1889);
#926=EDGE_LOOP('',(#1890,#1891,#1892));
#927=AXIS2_PLACEMENT_3D('',#1893,#1894,#1895);
#928=EDGE_LOOP('',(#1896,#1897,#1898,#1899));
#929=AXIS2_PLACEMENT_3D('',#1900,#1901,#1902);
#930=EDGE_LOOP('',(#1903,#1904,#1905,#1906));
#931=AXIS2_PLACEMENT_3D('',#1907,#1908,#1909);
#932=EDGE_LOOP('',(#1910,#1911,#1912,#1913,#1914,#1915));
#933=AXIS2_PLACEMENT_3D('',#1916,#1917,#1918);
#934=EDGE_LOOP('',(#1919,#1920,#1921,#1922,#1923,#1924));
#935=AXIS2_PLACEMENT_3D('',#1925,#1926,#1927);
#936=EDGE_LOOP('',(#1928,#1929,#1930,#1931));
#937=AXIS2_PLACEMENT_3D('',#1932,#1933,#1934);
#938=EDGE_LOOP('',(#1935,#1936,#1937,#1938));
#939=AXIS2_PLACEMENT_3D('',#1939,#1940,#1941);
#940=EDGE_LOOP('',(#1942,#1943,#1944,#1945));
#941=AXIS2_PLACEMENT_3D('',#1946,#1947,#1948);
#942=EDGE_LOOP('',(#1949,#1950,#1951,#1952));
#943=AXIS2_PLACEMENT_3D('',#1953,#1954,#1955);
#944=EDGE_LOOP('',(#1956,#1957,#1958,#1959));
#945=AXIS2_PLACEMENT_3D('',#1960,#1961,#1962);
#946=EDGE_LOOP('',(#1963,#1964,#1965,#1966,#1967,#1968));
#947=AXIS2_PLACEMENT_3D('',#1969,#1970,#1971);
#948=EDGE_LOOP('',(#1972,#1973,#1974,#1975,#1976,#1977));
#949=AXIS2_PLACEMENT_3D('',#1978,#1979,#1980);
#950=EDGE_LOOP('',(#1981,#1982,#1983,#1984));
#951=AXIS2_PLACEMENT_3D('',#1985,#1986,#1987);
#952=EDGE_LOOP('',(#1988,#1989,#1990,#1991,#1992,#1993));
#953=AXIS2_PLACEMENT_3D('',#1994,#1995,#1996);
#954=EDGE_LOOP('',(#1997,#1998,#1999,#2000,#2001,#2002));
#955=AXIS2_PLACEMENT_3D('',#2003,#2004,#2005);
#956=EDGE_LOOP('',(#2006,#2007,#2008,#2009));
#957=AXIS2_PLACEMENT_3D('',#2010,#2011,#2012);
#958=EDGE_LOOP('',(#2013,#2014,#2015,#2016,#2017,#2018));
#959=AXIS2_PLACEMENT_3D('',#2019,#2020,#2021);
#960=EDGE_LOOP('',(#2022,#2023,#2024,#2025,#2026,#2027));
#961=AXIS2_PLACEMENT_3D('',#2028,#2029,#2030);
#962=EDGE_LOOP('',(#2031,#2032,#2033,#2034));
#963=AXIS2_PLACEMENT_3D('',#2035,#2036,#2037);
#964=EDGE_LOOP('',(#2038,#2039,#2040,#2041,#2042,#2043,#2044,#2045,#2046,#2047,#2048,#2049,#2050,#2051));
#965=EDGE_LOOP('',(#2052,#2053,#2054,#2055));
#966=AXIS2_PLACEMENT_3D('',#2056,#2057,#2058);
#967=EDGE_LOOP('',(#2059,#2060,#2061,#2062,#2063,#2064,#2065,#2066,#2067,#2068,#2069,#2070,#2071,#2072));
#968=EDGE_LOOP('',(#2073,#2074,#2075,#2076));
#969=AXIS2_PLACEMENT_3D('',#2077,#2078,#2079);
#970=EDGE_LOOP('',(#2080,#2081,#2082,#2083,#2084,#2085,#2086,#2087));
#971=AXIS2_PLACEMENT_3D('',#2088,#2089,#2090);
#972=EDGE_LOOP('',(#2091,#2092,#2093,#2094,#2095,#2096,#2097,#2098));
#973=AXIS2_PLACEMENT_3D('',#2099,#2100,#2101);
#974=EDGE_LOOP('',(#2102,#2103,#2104));
#975=AXIS2_PLACEMENT_3D('',#2105,#2106,#2107);
#976=EDGE_LOOP('',(#2108,#2109,#2110,#2111,#2112,#2113,#2114,#2115));
#977=AXIS2_PLACEMENT_3D('',#2116,#2117,#2118);
#978=EDGE_LOOP('',(#2119,#2120,#2121,#2122,#2123,#2124));
#979=AXIS2_PLACEMENT_3D('',#2125,#2126,#2127);
#980=EDGE_LOOP('',(#2128,#2129,#2130,#2131));
#981=EDGE_LOOP('',(#2132,#2133,#2134,#2135));
#982=EDGE_LOOP('',(#2136,#2137,#2138,#2139));
#983=EDGE_LOOP('',(#2140,#2141,#2142,#2143,#2144,#2145,#2146,#2147,#2148,#2149,#2150,#2151,#2152,#2153,#2154,#2155));
#984=AXIS2_PLACEMENT_3D('',#2156,#2157,#2158);
#985=EDGE_LOOP('',(#2159,#2160,#2161,#2162,#2163,#2164,#2165,#2166,#2167,#2168));
#986=AXIS2_PLACEMENT_3D('',#2169,#2170,#2171);
#987=EDGE_LOOP('',(#2172,#2173,#2174,#2175,#2176,#2177,#2178,#2179,#2180,#2181));
#988=AXIS2_PLACEMENT_3D('',#2182,#2183,#2184);
#989=EDGE_LOOP('',(#2185,#2186,#2187,#2188));
#990=AXIS2_PLACEMENT_3D('',#2189,#2190,#2191);
#991=EDGE_LOOP('',(#2192,#2193,#2194,#2195,#2196,#2197,#2198,#2199,#2200,#2201,#2202,#2203,#2204,#2205,#2206,#2207,#2208,#2209,#2210,#2211));
#992=AXIS2_PLACEMENT_3D('',#2212,#2213,#2214);
#993=EDGE_LOOP('',(#2215,#2216,#2217,#2218,#2219,#2220));
#994=AXIS2_PLACEMENT_3D('',#2221,#2222,#2223);
#995=EDGE_LOOP('',(#2224,#2225,#2226,#2227,#2228,#2229));
#996=AXIS2_PLACEMENT_3D('',#2230,#2231,#2232);
#997=EDGE_LOOP('',(#2233,#2234,#2235,#2236,#2237,#2238,#2239));
#998=AXIS2_PLACEMENT_3D('',#2240,#2241,#2242);
#999=EDGE_LOOP('',(#2243,#2244,#2245,#2246,#2247));
#1000=AXIS2_PLACEMENT_3D('',#2248,#2249,#2250);
#1001=EDGE_LOOP('',(#2251,#2252,#2253,#2254,#2255,#2256));
#1002=AXIS2_PLACEMENT_3D('',#2257,#2258,#2259);
#1003=EDGE_LOOP('',(#2260,#2261,#2262,#2263,#2264,#2265,#2266));
#1004=AXIS2_PLACEMENT_3D('',#2267,#2268,#2269);
#1005=EDGE_LOOP('',(#2270,#2271,#2272,#2273,#2274));
#1006=AXIS2_PLACEMENT_3D('',#2275,#2276,#2277);
#1007=EDGE_LOOP('',(#2278,#2279,#2280,#2281,#2282,#2283,#2284,#2285,#2286,#2287));
#1008=AXIS2_PLACEMENT_3D('',#2288,#2289,#2290);
#1009=EDGE_LOOP('',(#2291,#2292,#2293,#2294,#2295,#2296,#2297,#2298,#2299,#2300,#2301,#2302,#2303,#2304,#2305,#2306));
#1010=AXIS2_PLACEMENT_3D('',#2307,#2308,#2309);
#1011=EDGE_LOOP('',(#2310,#2311,#2312,#2313));
#1012=AXIS2_PLACEMENT_3D('',#2314,#2315,#2316);
#1013=EDGE_LOOP('',(#2317,#2318,#2319,#2320));
#1014=AXIS2_PLACEMENT_3D('',#2321,#2322,#2323);
#1015=EDGE_LOOP('',(#2324,#2325,#2326,#2327));
#1016=EDGE_LOOP('',(#2328,#2329,#2330,#2331));
#1017=EDGE_LOOP('',(#2332,#2333,#2334,#2335));
#1018=EDGE_LOOP('',(#2336,#2337,#2338,#2339,#2340,#2341,#2342,#2343));
#1019=AXIS2_PLACEMENT_3D('',#2344,#2345,#2346);
#1020=EDGE_LOOP('',(#2347,#2348,#2349,#2350,#2351,#2352,#2353));
#1021=AXIS2_PLACEMENT_3D('',#2354,#2355,#2356);
#1022=EDGE_LOOP('',(#2357,#2358,#2359,#2360,#2361,#2362,#2363));
#1023=AXIS2_PLACEMENT_3D('',#2364,#2365,#2366);
#1024=EDGE_LOOP('',(#2367,#2368,#2369,#2370,#2371,#2372,#2373,#2374,#2375,#2376,#2377,#2378,#2379,#2380,#2381,#2382,#2383,#2384,#2385,#2386,#2387,#2388,#2389,#2390,#2391,#2392));
#1025=AXIS2_PLACEMENT_3D('',#2393,#2394,#2395);
#1026=EDGE_LOOP('',(#2396,#2397,#2398,#2399,#2400,#2401,#2402,#2403,#2404,#2405,#2406,#2407,#2408,#2409,#2410,#2411));
#1027=AXIS2_PLACEMENT_3D('',#2412,#2413,#2414);
#1028=EDGE_LOOP('',(#2415,#2416,#2417,#2418));
#1029=AXIS2_PLACEMENT_3D('',#2419,#2420,#2421);
#1030=EDGE_LOOP('',(#2422,#2423,#2424,#2425,#2426,#2427,#2428));
#1031=AXIS2_PLACEMENT_3D('',#2429,#2430,#2431);
#1032=EDGE_LOOP('',(#2432,#2433,#2434,#2435,#2436,#2437,#2438));
#1033=AXIS2_PLACEMENT_3D('',#2439,#2440,#2441);
#1034=EDGE_LOOP('',(#2442,#2443,#2444,#2445,#2446,#2447,#2448,#2449));
#1035=AXIS2_PLACEMENT_3D('',#2450,#2451,#2452);
#1036=EDGE_LOOP('',(#2453,#2454,#2455,#2456,#2457));
#1037=AXIS2_PLACEMENT_3D('',#2458,#2459,#2460);
#1038=EDGE_LOOP('',(#2461,#2462,#2463,#2464));
#1039=AXIS2_PLACEMENT_3D('',#2465,#2466,#2467);
#1040=EDGE_LOOP('',(#2468,#2469,#2470,#2471,#2472,#2473,#2474,#2475,#2476,#2477));
#1041=AXIS2_PLACEMENT_3D('',#2478,#2479,#2480);
#1042=EDGE_LOOP('',(#2481,#2482,#2483,#2484));
#1043=AXIS2_PLACEMENT_3D('',#2485,#2486,#2487);
#1044=EDGE_LOOP('',(#2488,#2489,#2490,#2491,#2492));
#1045=AXIS2_PLACEMENT_3D('',#2493,#2494,#2495);
#1046=EDGE_LOOP('',(#2496,#2497,#2498,#2499,#2500,#2501,#2502,#2503,#2504));
#1047=AXIS2_PLACEMENT_3D('',#2505,#2506,#2507);
#1048=EDGE_LOOP('',(#2508,#2509,#2510,#2511,#2512,#2513,#2514,#2515,#2516));
#1049=AXIS2_PLACEMENT_3D('',#2517,#2518,#2519);
#1050=EDGE_LOOP('',(#2520,#2521,#2522,#2523,#2524,#2525,#2526,#2527,#2528));
#1051=AXIS2_PLACEMENT_3D('',#2529,#2530,#2531);
#1052=EDGE_LOOP('',(#2532,#2533,#2534));
#1053=AXIS2_PLACEMENT_3D('',#2535,#2536,#2537);
#1054=EDGE_LOOP('',(#2538,#2539,#2540,#2541,#2542,#2543,#2544,#2545,#2546));
#1055=AXIS2_PLACEMENT_3D('',#2547,#2548,#2549);
#1056=EDGE_LOOP('',(#2550,#2551,#2552,#2553,#2554));
#1057=AXIS2_PLACEMENT_3D('',#2555,#2556,#2557);
#1058=EDGE_LOOP('',(#2558,#2559,#2560,#2561));
#1059=AXIS2_PLACEMENT_3D('',#2562,#2563,#2564);
#1060=EDGE_LOOP('',(#2565,#2566,#2567,#2568,#2569));
#1061=AXIS2_PLACEMENT_3D('',#2570,#2571,#2572);
#1062=EDGE_LOOP('',(#2573,#2574,#2575,#2576));
#1063=AXIS2_PLACEMENT_3D('',#2577,#2578,#2579);
#1064=EDGE_LOOP('',(#2580,#2581,#2582,#2583,#2584,#2585));
#1065=AXIS2_PLACEMENT_3D('',#2586,#2587,#2588);
#1066=EDGE_LOOP('',(#2589,#2590,#2591,#2592));
#1067=AXIS2_PLACEMENT_3D('',#2593,#2594,#2595);
#1068=EDGE_LOOP('',(#2596,#2597,#2598,#2599));
#1069=AXIS2_PLACEMENT_3D('',#2600,#2601,#2602);
#1070=EDGE_LOOP('',(#2603,#2604,#2605,#2606));
#1071=AXIS2_PLACEMENT_3D('',#2607,#2608,#2609);
#1072=EDGE_LOOP('',(#2610,#2611,#2612,#2613,#2614,#2615));
#1073=AXIS2_PLACEMENT_3D('',#2616,#2617,#2618);
#1074=EDGE_LOOP('',(#2619,#2620,#2621,#2622));
#1075=AXIS2_PLACEMENT_3D('',#2623,#2624,#2625);
#1076=EDGE_LOOP('',(#2626,#2627,#2628,#2629));
#1077=AXIS2_PLACEMENT_3D('',#2630,#2631,#2632);
#1078=EDGE_LOOP('',(#2633,#2634,#2635,#2636));
#1079=AXIS2_PLACEMENT_3D('',#2637,#2638,#2639);
#1080=EDGE_LOOP('',(#2640,#2641,#2642,#2643));
#1081=AXIS2_PLACEMENT_3D('',#2644,#2645,#2646);
#1082=EDGE_LOOP('',(#2647,#2648,#2649,#2650));
#1083=AXIS2_PLACEMENT_3D('',#2651,#2652,#2653);
#1084=EDGE_LOOP('',(#2654,#2655,#2656,#2657));
#1085=AXIS2_PLACEMENT_3D('',#2658,#2659,#2660);
#1086=EDGE_LOOP('',(#2661,#2662,#2663,#2664));
#1087=AXIS2_PLACEMENT_3D('',#2665,#2666,#2667);
#1088=EDGE_LOOP('',(#2668,#2669,#2670,#2671));
#1089=AXIS2_PLACEMENT_3D('',#2672,#2673,#2674);
#1090=EDGE_LOOP('',(#2675,#2676,#2677,#2678));
#1091=AXIS2_PLACEMENT_3D('',#2679,#2680,#2681);
#1092=EDGE_LOOP('',(#2682,#2683,#2684,#2685));
#1093=AXIS2_PLACEMENT_3D('',#2686,#2687,#2688);
#1094=EDGE_LOOP('',(#2689,#2690,#2691,#2692));
#1095=AXIS2_PLACEMENT_3D('',#2693,#2694,#2695);
#1096=EDGE_LOOP('',(#2696,#2697,#2698,#2699));
#1097=AXIS2_PLACEMENT_3D('',#2700,#2701,#2702);
#1098=EDGE_LOOP('',(#2703,#2704,#2705,#2706));
#1099=AXIS2_PLACEMENT_3D('',#2707,#2708,#2709);
#1100=EDGE_LOOP('',(#2710,#2711,#2712,#2713));
#1101=AXIS2_PLACEMENT_3D('',#2714,#2715,#2716);
#1102=EDGE_LOOP('',(#2717,#2718,#2719,#2720));
#1103=AXIS2_PLACEMENT_3D('',#2721,#2722,#2723);
#1104=EDGE_LOOP('',(#2724,#2725,#2726,#2727));
#1105=AXIS2_PLACEMENT_3D('',#2728,#2729,#2730);
#1106=EDGE_LOOP('',(#2731,#2732,#2733,#2734));
#1107=AXIS2_PLACEMENT_3D('',#2735,#2736,#2737);
#1108=EDGE_LOOP('',(#2738,#2739,#2740,#2741));
#1109=AXIS2_PLACEMENT_3D('',#2742,#2743,#2744);
#1110=EDGE_LOOP('',(#2745,#2746,#2747,#2748));
#1111=AXIS2_PLACEMENT_3D('',#2749,#2750,#2751);
#1112=EDGE_LOOP('',(#2752,#2753,#2754,#2755));
#1113=AXIS2_PLACEMENT_3D('',#2756,#2757,#2758);
#1114=EDGE_LOOP('',(#2759,#2760,#2761,#2762));
#1115=AXIS2_PLACEMENT_3D('',#2763,#2764,#2765);
#1116=EDGE_LOOP('',(#2766,#2767,#2768,#2769));
#1117=AXIS2_PLACEMENT_3D('',#2770,#2771,#2772);
#1118=EDGE_LOOP('',(#2773,#2774,#2775,#2776,#2777));
#1119=AXIS2_PLACEMENT_3D('',#2778,#2779,#2780);
#1120=EDGE_LOOP('',(#2781,#2782,#2783,#2784));
#1121=AXIS2_PLACEMENT_3D('',#2785,#2786,#2787);
#1122=EDGE_LOOP('',(#2788,#2789,#2790,#2791,#2792));
#1123=AXIS2_PLACEMENT_3D('',#2793,#2794,#2795);
#1124=EDGE_LOOP('',(#2796,#2797,#2798,#2799));
#1125=AXIS2_PLACEMENT_3D('',#2800,#2801,#2802);
#1126=EDGE_LOOP('',(#2803,#2804,#2805,#2806));
#1127=AXIS2_PLACEMENT_3D('',#2807,#2808,#2809);
#1128=EDGE_LOOP('',(#2810,#2811,#2812,#2813,#2814,#2815));
#1129=AXIS2_PLACEMENT_3D('',#2816,#2817,#2818);
#1130=EDGE_LOOP('',(#2819,#2820,#2821,#2822,#2823,#2824));
#1131=AXIS2_PLACEMENT_3D('',#2825,#2826,#2827);
#1132=EDGE_LOOP('',(#2828,#2829,#2830,#2831));
#1133=AXIS2_PLACEMENT_3D('',#2832,#2833,#2834);
#1134=EDGE_LOOP('',(#2835,#2836,#2837,#2838));
#1135=AXIS2_PLACEMENT_3D('',#2839,#2840,#2841);
#1136=EDGE_LOOP('',(#2842,#2843,#2844,#2845));
#1137=AXIS2_PLACEMENT_3D('',#2846,#2847,#2848);
#1138=EDGE_LOOP('',(#2849,#2850,#2851,#2852));
#1139=AXIS2_PLACEMENT_3D('',#2853,#2854,#2855);
#1140=EDGE_LOOP('',(#2856,#2857,#2858,#2859,#2860,#2861,#2862,#2863,#2864,#2865));
#1141=AXIS2_PLACEMENT_3D('',#2866,#2867,#2868);
#1142=EDGE_LOOP('',(#2869,#2870,#2871,#2872,#2873,#2874,#2875,#2876,#2877,#2878));
#1143=AXIS2_PLACEMENT_3D('',#2879,#2880,#2881);
#1144=EDGE_LOOP('',(#2882,#2883,#2884,#2885));
#1145=AXIS2_PLACEMENT_3D('',#2886,#2887,#2888);
#1146=EDGE_LOOP('',(#2889,#2890,#2891,#2892));
#1147=AXIS2_PLACEMENT_3D('',#2893,#2894,#2895);
#1148=EDGE_LOOP('',(#2896,#2897,#2898,#2899));
#1149=AXIS2_PLACEMENT_3D('',#2900,#2901,#2902);
#1150=EDGE_LOOP('',(#2903,#2904,#2905,#2906));
#1151=AXIS2_PLACEMENT_3D('',#2907,#2908,#2909);
#1152=EDGE_LOOP('',(#2910,#2911,#2912,#2913));
#1153=AXIS2_PLACEMENT_3D('',#2914,#2915,#2916);
#1154=EDGE_LOOP('',(#2917,#2918,#2919,#2920));
#1155=AXIS2_PLACEMENT_3D('',#2921,#2922,#2923);
#1156=EDGE_LOOP('',(#2924,#2925,#2926,#2927));
#1157=AXIS2_PLACEMENT_3D('',#2928,#2929,#2930);
#1158=EDGE_LOOP('',(#2931,#2932,#2933,#2934));
#1159=AXIS2_PLACEMENT_3D('',#2935,#2936,#2937);
#1160=EDGE_LOOP('',(#2938,#2939,#2940,#2941));
#1161=AXIS2_PLACEMENT_3D('',#2942,#2943,#2944);
#1162=EDGE_LOOP('',(#2945,#2946,#2947,#2948,#2949,#2950));
#1163=AXIS2_PLACEMENT_3D('',#2951,#2952,#2953);
#1164=EDGE_LOOP('',(#2954,#2955,#2956,#2957,#2958,#2959));
#1165=AXIS2_PLACEMENT_3D('',#2960,#2961,#2962);
#1166=EDGE_LOOP('',(#2963,#2964,#2965,#2966));
#1167=AXIS2_PLACEMENT_3D('',#2967,#2968,#2969);
#1168=EDGE_LOOP('',(#2970,#2971,#2972,#2973));
#1169=AXIS2_PLACEMENT_3D('',#2974,#2975,#2976);
#1170=EDGE_LOOP('',(#2977,#2978,#2979,#2980));
#1171=AXIS2_PLACEMENT_3D('',#2981,#2982,#2983);
#1172=EDGE_LOOP('',(#2984,#2985,#2986,#2987));
#1173=AXIS2_PLACEMENT_3D('',#2988,#2989,#2990);
#1174=EDGE_LOOP('',(#2991,#2992,#2993,#2994,#2995,#2996));
#1175=AXIS2_PLACEMENT_3D('',#2997,#2998,#2999);
#1176=EDGE_LOOP('',(#3000,#3001,#3002,#3003,#3004,#3005));
#1177=AXIS2_PLACEMENT_3D('',#3006,#3007,#3008);
#1178=EDGE_LOOP('',(#3009,#3010,#3011,#3012));
#1179=AXIS2_PLACEMENT_3D('',#3013,#3014,#3015);
#1180=EDGE_LOOP('',(#3016,#3017,#3018,#3019));
#1181=AXIS2_PLACEMENT_3D('',#3020,#3021,#3022);
#1182=EDGE_LOOP('',(#3023,#3024,#3025,#3026));
#1183=AXIS2_PLACEMENT_3D('',#3027,#3028,#3029);
#1184=EDGE_LOOP('',(#3030,#3031,#3032,#3033));
#1185=AXIS2_PLACEMENT_3D('',#3034,#3035,#3036);
#1186=EDGE_LOOP('',(#3037,#3038,#3039,#3040,#3041,#3042,#3043,#3044,#3045,#3046));
#1187=AXIS2_PLACEMENT_3D('',#3047,#3048,#3049);
#1188=EDGE_LOOP('',(#3050,#3051,#3052,#3053,#3054,#3055,#3056,#3057,#3058,#3059));
#1189=AXIS2_PLACEMENT_3D('',#3060,#3061,#3062);
#1190=EDGE_LOOP('',(#3063,#3064,#3065,#3066));
#1191=AXIS2_PLACEMENT_3D('',#3067,#3068,#3069);
#1192=EDGE_LOOP('',(#3070,#3071,#3072,#3073));
#1193=AXIS2_PLACEMENT_3D('',#3074,#3075,#3076);
#1194=EDGE_LOOP('',(#3077,#3078,#3079,#3080));
#1195=AXIS2_PLACEMENT_3D('',#3081,#3082,#3083);
#1196=EDGE_LOOP('',(#3084,#3085,#3086,#3087));
#1197=AXIS2_PLACEMENT_3D('',#3088,#3089,#3090);
#1198=EDGE_LOOP('',(#3091,#3092,#3093,#3094));
#1199=AXIS2_PLACEMENT_3D('',#3095,#3096,#3097);
#1200=EDGE_LOOP('',(#3098,#3099,#3100,#3101));
#1201=AXIS2_PLACEMENT_3D('',#3102,#3103,#3104);
#1202=EDGE_LOOP('',(#3105,#3106,#3107,#3108));
#1203=AXIS2_PLACEMENT_3D('',#3109,#3110,#3111);
#1204=EDGE_LOOP('',(#3112,#3113,#3114,#3115));
#1205=AXIS2_PLACEMENT_3D('',#3116,#3117,#3118);
#1206=EDGE_LOOP('',(#3119,#3120,#3121,#3122));
#1207=AXIS2_PLACEMENT_3D('',#3123,#3124,#3125);
#1208=EDGE_LOOP('',(#3126,#3127,#3128,#3129,#3130,#3131,#3132,#3133,#3134,#3135));
#1209=AXIS2_PLACEMENT_3D('',#3136,#3137,#3138);
#1210=EDGE_LOOP('',(#3139,#3140,#3141,#3142,#3143,#3144,#3145,#3146,#3147,#3148));
#1211=AXIS2_PLACEMENT_3D('',#3149,#3150,#3151);
#1212=EDGE_LOOP('',(#3152,#3153,#3154,#3155));
#1213=AXIS2_PLACEMENT_3D('',#3156,#3157,#3158);
#1214=EDGE_LOOP('',(#3159,#3160,#3161,#3162));
#1215=AXIS2_PLACEMENT_3D('',#3163,#3164,#3165);
#1216=EDGE_LOOP('',(#3166,#3167,#3168,#3169));
#1217=AXIS2_PLACEMENT_3D('',#3170,#3171,#3172);
#1218=EDGE_LOOP('',(#3173,#3174,#3175,#3176));
#1219=AXIS2_PLACEMENT_3D('',#3177,#3178,#3179);
#1220=EDGE_LOOP('',(#3180,#3181,#3182,#3183));
#1221=AXIS2_PLACEMENT_3D('',#3184,#3185,#3186);
#1222=EDGE_LOOP('',(#3187,#3188,#3189,#3190));
#1223=AXIS2_PLACEMENT_3D('',#3191,#3192,#3193);
#1224=EDGE_LOOP('',(#3194,#3195,#3196,#3197));
#1225=AXIS2_PLACEMENT_3D('',#3198,#3199,#3200);
#1226=EDGE_LOOP('',(#3201,#3202,#3203,#3204,#3205,#3206,#3207,#3208,#3209,#3210,#3211,#3212));
#1227=AXIS2_PLACEMENT_3D('',#3213,#3214,#3215);
#1228=EDGE_LOOP('',(#3216,#3217,#3218,#3219));
#1229=AXIS2_PLACEMENT_3D('',#3220,#3221,#3222);
#1230=EDGE_LOOP('',(#3223,#3224,#3225,#3226));
#1231=AXIS2_PLACEMENT_3D('',#3227,#3228,#3229);
#1232=EDGE_LOOP('',(#3230,#3231,#3232,#3233,#3234,#3235,#3236,#3237,#3238,#3239,#3240,#3241));
#1233=AXIS2_PLACEMENT_3D('',#3242,#3243,#3244);
#1234=EDGE_LOOP('',(#3245,#3246,#3247,#3248));
#1235=AXIS2_PLACEMENT_3D('',#3249,#3250,#3251);
#1236=EDGE_LOOP('',(#3252,#3253,#3254,#3255));
#1237=AXIS2_PLACEMENT_3D('',#3256,#3257,#3258);
#1238=EDGE_LOOP('',(#3259,#3260,#3261,#3262));
#1239=AXIS2_PLACEMENT_3D('',#3263,#3264,#3265);
#1240=EDGE_LOOP('',(#3266,#3267,#3268,#3269));
#1241=AXIS2_PLACEMENT_3D('',#3270,#3271,#3272);
#1242=EDGE_LOOP('',(#3273,#3274,#3275,#3276));
#1243=AXIS2_PLACEMENT_3D('',#3277,#3278,#3279);
#1244=EDGE_LOOP('',(#3280,#3281,#3282,#3283,#3284,#3285,#3286,#3287));
#1245=AXIS2_PLACEMENT_3D('',#3288,#3289,#3290);
#1246=EDGE_LOOP('',(#3291,#3292,#3293,#3294,#3295,#3296,#3297,#3298));
#1247=AXIS2_PLACEMENT_3D('',#3299,#3300,#3301);
#1248=EDGE_LOOP('',(#3302,#3303,#3304,#3305));
#1249=AXIS2_PLACEMENT_3D('',#3306,#3307,#3308);
#1250=EDGE_LOOP('',(#3309,#3310,#3311,#3312,#3313,#3314));
#1251=AXIS2_PLACEMENT_3D('',#3315,#3316,#3317);
#1252=EDGE_LOOP('',(#3318,#3319,#3320,#3321));
#1253=AXIS2_PLACEMENT_3D('',#3322,#3323,#3324);
#1254=EDGE_LOOP('',(#3325,#3326,#3327,#3328));
#1255=AXIS2_PLACEMENT_3D('',#3329,#3330,#3331);
#1256=EDGE_LOOP('',(#3332,#3333,#3334,#3335));
#1257=AXIS2_PLACEMENT_3D('',#3336,#3337,#3338);
#1258=EDGE_LOOP('',(#3339,#3340,#3341,#3342,#3343,#3344));
#1259=AXIS2_PLACEMENT_3D('',#3345,#3346,#3347);
#1260=EDGE_LOOP('',(#3348,#3349,#3350,#3351));
#1261=AXIS2_PLACEMENT_3D('',#3352,#3353,#3354);
#1262=EDGE_LOOP('',(#3355,#3356,#3357,#3358));
#1263=AXIS2_PLACEMENT_3D('',#3359,#3360,#3361);
#1264=EDGE_LOOP('',(#3362,#3363,#3364,#3365));
#1265=AXIS2_PLACEMENT_3D('',#3366,#3367,#3368);
#1266=EDGE_LOOP('',(#3369,#3370,#3371,#3372));
#1267=AXIS2_PLACEMENT_3D('',#3373,#3374,#3375);
#1268=EDGE_LOOP('',(#3376,#3377,#3378,#3379,#3380,#3381));
#1269=AXIS2_PLACEMENT_3D('',#3382,#3383,#3384);
#1270=EDGE_LOOP('',(#3385,#3386,#3387,#3388,#3389,#3390));
#1271=AXIS2_PLACEMENT_3D('',#3391,#3392,#3393);
#1272=EDGE_LOOP('',(#3394,#3395,#3396,#3397,#3398,#3399,#3400,#3401,#3402,#3403,#3404,#3405));
#1273=AXIS2_PLACEMENT_3D('',#3406,#3407,#3408);
#1274=EDGE_LOOP('',(#3409,#3410,#3411,#3412,#3413,#3414,#3415,#3416,#3417,#3418,#3419,#3420));
#1275=AXIS2_PLACEMENT_3D('',#3421,#3422,#3423);
#1276=EDGE_LOOP('',(#3424,#3425,#3426,#3427,#3428,#3429,#3430,#3431));
#1277=AXIS2_PLACEMENT_3D('',#3432,#3433,#3434);
#1278=EDGE_LOOP('',(#3435,#3436,#3437,#3438,#3439,#3440,#3441,#3442));
#1279=AXIS2_PLACEMENT_3D('',#3443,#3444,#3445);
#1280=EDGE_LOOP('',(#3446,#3447,#3448,#3449));
#1281=AXIS2_PLACEMENT_3D('',#3450,#3451,#3452);
#1282=EDGE_LOOP('',(#3453,#3454,#3455,#3456));
#1283=AXIS2_PLACEMENT_3D('',#3457,#3458,#3459);
#1284=EDGE_LOOP('',(#3460,#3461,#3462,#3463));
#1285=AXIS2_PLACEMENT_3D('',#3464,#3465,#3466);
#1286=EDGE_LOOP('',(#3467,#3468,#3469,#3470));
#1287=AXIS2_PLACEMENT_3D('',#3471,#3472,#3473);
#1288=EDGE_LOOP('',(#3474,#3475,#3476,#3477));
#1289=AXIS2_PLACEMENT_3D('',#3478,#3479,#3480);
#1290=EDGE_LOOP('',(#3481,#3482,#3483,#3484));
#1291=AXIS2_PLACEMENT_3D('',#3485,#3486,#3487);
#1292=EDGE_LOOP('',(#3488,#3489,#3490,#3491));
#1293=AXIS2_PLACEMENT_3D('',#3492,#3493,#3494);
#1294=EDGE_LOOP('',(#3495,#3496,#3497,#3498));
#1295=AXIS2_PLACEMENT_3D('',#3499,#3500,#3501);
#1296=EDGE_LOOP('',(#3502,#3503,#3504,#3505));
#1297=AXIS2_PLACEMENT_3D('',#3506,#3507,#3508);
#1298=EDGE_LOOP('',(#3509,#3510,#3511,#3512));
#1299=AXIS2_PLACEMENT_3D('',#3513,#3514,#3515);
#1300=EDGE_LOOP('',(#3516,#3517,#3518,#3519));
#1301=AXIS2_PLACEMENT_3D('',#3520,#3521,#3522);
#1302=FILL_AREA_STYLE_COLOUR('',#3523);
#1303=ORIENTED_EDGE('',*,*,#3524,.F.);
#1304=ORIENTED_EDGE('',*,*,#3525,.T.);
#1305=ORIENTED_EDGE('',*,*,#3526,.F.);
#1306=ORIENTED_EDGE('',*,*,#3527,.F.);
#1307=CARTESIAN_POINT('',(0.16,0.450000000000001,1.7));
#1308=DIRECTION('',(1.0,-0.0,0.0));
#1309=DIRECTION('',(0.0,0.0,1.0));
#1310=ORIENTED_EDGE('',*,*,#3528,.F.);
#1311=ORIENTED_EDGE('',*,*,#3529,.T.);
#1312=ORIENTED_EDGE('',*,*,#3530,.F.);
#1313=ORIENTED_EDGE('',*,*,#3531,.F.);
#1314=CARTESIAN_POINT('',(-0.84,0.450000000000001,1.7));
#1315=DIRECTION('',(1.0,-0.0,0.0));
#1316=DIRECTION('',(0.0,0.0,1.0));
#1317=ORIENTED_EDGE('',*,*,#3532,.F.);
#1318=ORIENTED_EDGE('',*,*,#3533,.T.);
#1319=ORIENTED_EDGE('',*,*,#3534,.F.);
#1320=ORIENTED_EDGE('',*,*,#3535,.F.);
#1321=CARTESIAN_POINT('',(1.16,0.450000000000001,1.7));
#1322=DIRECTION('',(1.0,-0.0,0.0));
#1323=DIRECTION('',(0.0,0.0,1.0));
#1324=ORIENTED_EDGE('',*,*,#3536,.F.);
#1325=ORIENTED_EDGE('',*,*,#3537,.T.);
#1326=ORIENTED_EDGE('',*,*,#3538,.F.);
#1327=ORIENTED_EDGE('',*,*,#3539,.F.);
#1328=CARTESIAN_POINT('',(-3.295,1.50585062420488,1.32));
#1329=DIRECTION('',(0.0,0.0,-1.0));
#1330=DIRECTION('',(1.0,0.0,0.0));
#1331=ORIENTED_EDGE('',*,*,#3540,.F.);
#1332=ORIENTED_EDGE('',*,*,#3541,.T.);
#1333=ORIENTED_EDGE('',*,*,#3542,.T.);
#1334=ORIENTED_EDGE('',*,*,#3543,.F.);
#1335=CARTESIAN_POINT('',(3.295,1.50585062420488,1.32));
#1336=DIRECTION('',(0.0,0.0,-1.0));
#1337=DIRECTION('',(1.0,0.0,0.0));
#1338=ORIENTED_EDGE('',*,*,#3544,.F.);
#1339=ORIENTED_EDGE('',*,*,#3545,.F.);
#1340=ORIENTED_EDGE('',*,*,#3546,.F.);
#1341=ORIENTED_EDGE('',*,*,#3547,.F.);
#1342=ORIENTED_EDGE('',*,*,#3548,.T.);
#1343=ORIENTED_EDGE('',*,*,#3549,.F.);
#1344=ORIENTED_EDGE('',*,*,#3550,.F.);
#1345=ORIENTED_EDGE('',*,*,#3551,.F.);
#1346=ORIENTED_EDGE('',*,*,#3552,.F.);
#1347=ORIENTED_EDGE('',*,*,#3553,.F.);
#1348=CARTESIAN_POINT('',(-3.375,0.0,0.0));
#1349=DIRECTION('',(1.0,0.0,0.0));
#1350=DIRECTION('',(0.0,1.0,0.0));
#1351=ORIENTED_EDGE('',*,*,#3554,.F.);
#1352=ORIENTED_EDGE('',*,*,#3555,.F.);
#1353=ORIENTED_EDGE('',*,*,#3556,.F.);
#1354=ORIENTED_EDGE('',*,*,#3557,.F.);
#1355=CARTESIAN_POINT('',(-3.375,0.0,0.0));
#1356=DIRECTION('',(1.0,0.0,0.0));
#1357=DIRECTION('',(0.0,1.0,0.0));
#1358=ORIENTED_EDGE('',*,*,#3558,.T.);
#1359=ORIENTED_EDGE('',*,*,#3559,.T.);
#1360=ORIENTED_EDGE('',*,*,#3560,.T.);
#1361=ORIENTED_EDGE('',*,*,#3561,.T.);
#1362=ORIENTED_EDGE('',*,*,#3562,.T.);
#1363=ORIENTED_EDGE('',*,*,#3563,.T.);
#1364=ORIENTED_EDGE('',*,*,#3564,.T.);
#1365=ORIENTED_EDGE('',*,*,#3565,.F.);
#1366=ORIENTED_EDGE('',*,*,#3566,.T.);
#1367=ORIENTED_EDGE('',*,*,#3567,.T.);
#1368=CARTESIAN_POINT('',(3.375,0.0,0.0));
#1369=DIRECTION('',(1.0,0.0,0.0));
#1370=DIRECTION('',(0.0,1.0,0.0));
#1371=ORIENTED_EDGE('',*,*,#3568,.F.);
#1372=ORIENTED_EDGE('',*,*,#3569,.F.);
#1373=ORIENTED_EDGE('',*,*,#3570,.T.);
#1374=ORIENTED_EDGE('',*,*,#3571,.F.);
#1375=ORIENTED_EDGE('',*,*,#3572,.F.);
#1376=ORIENTED_EDGE('',*,*,#3573,.F.);
#1377=ORIENTED_EDGE('',*,*,#3574,.F.);
#1378=ORIENTED_EDGE('',*,*,#3575,.F.);
#1379=ORIENTED_EDGE('',*,*,#3576,.F.);
#1380=ORIENTED_EDGE('',*,*,#3556,.T.);
#1381=ORIENTED_EDGE('',*,*,#3577,.F.);
#1382=ORIENTED_EDGE('',*,*,#3578,.F.);
#1383=ORIENTED_EDGE('',*,*,#3579,.T.);
#1384=ORIENTED_EDGE('',*,*,#3580,.T.);
#1385=ORIENTED_EDGE('',*,*,#3581,.F.);
#1386=ORIENTED_EDGE('',*,*,#3582,.F.);
#1387=ORIENTED_EDGE('',*,*,#3583,.F.);
#1388=ORIENTED_EDGE('',*,*,#3584,.F.);
#1389=ORIENTED_EDGE('',*,*,#3585,.T.);
#1390=ORIENTED_EDGE('',*,*,#3586,.T.);
#1391=ORIENTED_EDGE('',*,*,#3587,.F.);
#1392=ORIENTED_EDGE('',*,*,#3588,.F.);
#1393=ORIENTED_EDGE('',*,*,#3589,.F.);
#1394=ORIENTED_EDGE('',*,*,#3590,.F.);
#1395=ORIENTED_EDGE('',*,*,#3591,.F.);
#1396=ORIENTED_EDGE('',*,*,#3592,.T.);
#1397=ORIENTED_EDGE('',*,*,#3593,.T.);
#1398=ORIENTED_EDGE('',*,*,#3594,.F.);
#1399=ORIENTED_EDGE('',*,*,#3595,.F.);
#1400=ORIENTED_EDGE('',*,*,#3596,.F.);
#1401=ORIENTED_EDGE('',*,*,#3597,.F.);
#1402=ORIENTED_EDGE('',*,*,#3598,.F.);
#1403=CARTESIAN_POINT('',(0.0,-2.16840434497101E-16,0.0));
#1404=DIRECTION('',(0.0,-1.0,0.0));
#1405=DIRECTION('',(0.0,0.0,-1.0));
#1406=ORIENTED_EDGE('',*,*,#3599,.F.);
#1407=ORIENTED_EDGE('',*,*,#3600,.T.);
#1408=ORIENTED_EDGE('',*,*,#3601,.F.);
#1409=ORIENTED_EDGE('',*,*,#3602,.F.);
#1410=ORIENTED_EDGE('',*,*,#3596,.T.);
#1411=ORIENTED_EDGE('',*,*,#3603,.T.);
#1412=ORIENTED_EDGE('',*,*,#3604,.F.);
#1413=ORIENTED_EDGE('',*,*,#3605,.T.);
#1414=ORIENTED_EDGE('',*,*,#3606,.T.);
#1415=ORIENTED_EDGE('',*,*,#3607,.T.);
#1416=CARTESIAN_POINT('',(-4.3,-2.16840434497101E-16,2.6));
#1417=DIRECTION('',(-1.0,0.0,0.0));
#1418=DIRECTION('',(0.0,0.0,1.0));
#1419=ORIENTED_EDGE('',*,*,#3608,.T.);
#1420=ORIENTED_EDGE('',*,*,#3609,.T.);
#1421=ORIENTED_EDGE('',*,*,#3610,.F.);
#1422=ORIENTED_EDGE('',*,*,#3611,.F.);
#1423=ORIENTED_EDGE('',*,*,#3612,.T.);
#1424=ORIENTED_EDGE('',*,*,#3613,.T.);
#1425=ORIENTED_EDGE('',*,*,#3614,.F.);
#1426=ORIENTED_EDGE('',*,*,#3590,.T.);
#1427=ORIENTED_EDGE('',*,*,#3615,.T.);
#1428=ORIENTED_EDGE('',*,*,#3616,.F.);
#1429=CARTESIAN_POINT('',(4.3,-2.16840434497101E-16,0.299999999999999));
#1430=DIRECTION('',(1.0,0.0,0.0));
#1431=DIRECTION('',(0.0,1.0,0.0));
#1432=ORIENTED_EDGE('',*,*,#3617,.F.);
#1433=ORIENTED_EDGE('',*,*,#3618,.T.);
#1434=ORIENTED_EDGE('',*,*,#3578,.T.);
#1435=ORIENTED_EDGE('',*,*,#3619,.T.);
#1436=CARTESIAN_POINT('',(3.375,0.0,0.0));
#1437=DIRECTION('',(1.0,0.0,0.0));
#1438=DIRECTION('',(0.0,1.0,0.0));
#1439=ORIENTED_EDGE('',*,*,#3620,.T.);
#1440=ORIENTED_EDGE('',*,*,#3621,.F.);
#1441=ORIENTED_EDGE('',*,*,#3622,.F.);
#1442=ORIENTED_EDGE('',*,*,#3623,.F.);
#1443=ORIENTED_EDGE('',*,*,#3624,.F.);
#1444=ORIENTED_EDGE('',*,*,#3625,.T.);
#1445=ORIENTED_EDGE('',*,*,#3626,.F.);
#1446=ORIENTED_EDGE('',*,*,#3560,.F.);
#1447=ORIENTED_EDGE('',*,*,#3627,.F.);
#1448=ORIENTED_EDGE('',*,*,#3619,.F.);
#1449=ORIENTED_EDGE('',*,*,#3577,.T.);
#1450=ORIENTED_EDGE('',*,*,#3555,.T.);
#1451=ORIENTED_EDGE('',*,*,#3628,.T.);
#1452=ORIENTED_EDGE('',*,*,#3553,.T.);
#1453=ORIENTED_EDGE('',*,*,#3629,.T.);
#1454=ORIENTED_EDGE('',*,*,#3630,.F.);
#1455=ORIENTED_EDGE('',*,*,#3631,.F.);
#1456=ORIENTED_EDGE('',*,*,#3632,.F.);
#1457=ORIENTED_EDGE('',*,*,#3633,.F.);
#1458=ORIENTED_EDGE('',*,*,#3634,.T.);
#1459=ORIENTED_EDGE('',*,*,#3635,.T.);
#1460=ORIENTED_EDGE('',*,*,#3636,.F.);
#1461=ORIENTED_EDGE('',*,*,#3637,.F.);
#1462=ORIENTED_EDGE('',*,*,#3638,.T.);
#1463=ORIENTED_EDGE('',*,*,#3639,.T.);
#1464=ORIENTED_EDGE('',*,*,#3640,.F.);
#1465=ORIENTED_EDGE('',*,*,#3641,.F.);
#1466=ORIENTED_EDGE('',*,*,#3642,.T.);
#1467=CARTESIAN_POINT('',(2.675,0.0,0.799999999999997));
#1468=DIRECTION('',(0.0,-5.13569450124713E-16,1.0));
#1469=DIRECTION('',(0.0,-1.0,-5.13569450124713E-16));
#1470=ORIENTED_EDGE('',*,*,#3622,.T.);
#1471=ORIENTED_EDGE('',*,*,#3643,.F.);
#1472=ORIENTED_EDGE('',*,*,#3644,.T.);
#1473=ORIENTED_EDGE('',*,*,#3645,.T.);
#1474=ORIENTED_EDGE('',*,*,#3641,.T.);
#1475=ORIENTED_EDGE('',*,*,#3646,.F.);
#1476=ORIENTED_EDGE('',*,*,#3647,.T.);
#1477=ORIENTED_EDGE('',*,*,#3648,.T.);
#1478=ORIENTED_EDGE('',*,*,#3637,.T.);
#1479=ORIENTED_EDGE('',*,*,#3649,.F.);
#1480=ORIENTED_EDGE('',*,*,#3650,.T.);
#1481=ORIENTED_EDGE('',*,*,#3651,.T.);
#1482=ORIENTED_EDGE('',*,*,#3633,.T.);
#1483=ORIENTED_EDGE('',*,*,#3652,.T.);
#1484=ORIENTED_EDGE('',*,*,#3653,.F.);
#1485=ORIENTED_EDGE('',*,*,#3654,.F.);
#1486=CARTESIAN_POINT('',(2.675,1.9,0.799999999999998));
#1487=DIRECTION('',(0.0,-1.0,-7.22801448323668E-16));
#1488=DIRECTION('',(0.0,7.22801448323668E-16,-1.0));
#1489=ORIENTED_EDGE('',*,*,#3655,.F.);
#1490=ORIENTED_EDGE('',*,*,#3656,.T.);
#1491=ORIENTED_EDGE('',*,*,#3657,.T.);
#1492=ORIENTED_EDGE('',*,*,#3607,.F.);
#1493=ORIENTED_EDGE('',*,*,#3658,.T.);
#1494=ORIENTED_EDGE('',*,*,#3659,.T.);
#1495=ORIENTED_EDGE('',*,*,#3660,.T.);
#1496=ORIENTED_EDGE('',*,*,#3603,.F.);
#1497=ORIENTED_EDGE('',*,*,#3595,.T.);
#1498=ORIENTED_EDGE('',*,*,#3661,.T.);
#1499=ORIENTED_EDGE('',*,*,#3591,.T.);
#1500=ORIENTED_EDGE('',*,*,#3614,.T.);
#1501=ORIENTED_EDGE('',*,*,#3662,.T.);
#1502=ORIENTED_EDGE('',*,*,#3663,.T.);
#1503=ORIENTED_EDGE('',*,*,#3664,.T.);
#1504=ORIENTED_EDGE('',*,*,#3610,.T.);
#1505=ORIENTED_EDGE('',*,*,#3665,.T.);
#1506=ORIENTED_EDGE('',*,*,#3666,.T.);
#1507=CARTESIAN_POINT('',(-4.3,-2.16840434497101E-16,0.299999999999999));
#1508=DIRECTION('',(0.0,0.0,-1.0));
#1509=DIRECTION('',(0.0,-1.0,0.0));
#1510=ORIENTED_EDGE('',*,*,#3667,.F.);
#1511=ORIENTED_EDGE('',*,*,#3615,.F.);
#1512=ORIENTED_EDGE('',*,*,#3589,.T.);
#1513=ORIENTED_EDGE('',*,*,#3668,.T.);
#1514=CARTESIAN_POINT('',(4.3,-2.16840434497101E-16,2.6));
#1515=DIRECTION('',(-1.37989367407246E-15,0.0,1.0));
#1516=DIRECTION('',(1.0,-0.0,1.37989367407246E-15));
#1517=ORIENTED_EDGE('',*,*,#3669,.F.);
#1518=ORIENTED_EDGE('',*,*,#3668,.F.);
#1519=ORIENTED_EDGE('',*,*,#3588,.T.);
#1520=ORIENTED_EDGE('',*,*,#3670,.T.);
#1521=ORIENTED_EDGE('',*,*,#3582,.T.);
#1522=ORIENTED_EDGE('',*,*,#3671,.T.);
#1523=CARTESIAN_POINT('',(2.1,-2.16840434497101E-16,2.6));
#1524=DIRECTION('',(-1.0,0.0,0.0));
#1525=DIRECTION('',(0.0,0.0,1.0));
#1526=ORIENTED_EDGE('',*,*,#3672,.F.);
#1527=ORIENTED_EDGE('',*,*,#3653,.T.);
#1528=ORIENTED_EDGE('',*,*,#3673,.F.);
#1529=ORIENTED_EDGE('',*,*,#3674,.F.);
#1530=ORIENTED_EDGE('',*,*,#3675,.T.);
#1531=ORIENTED_EDGE('',*,*,#3574,.T.);
#1532=ORIENTED_EDGE('',*,*,#3676,.T.);
#1533=ORIENTED_EDGE('',*,*,#3677,.F.);
#1534=ORIENTED_EDGE('',*,*,#3671,.F.);
#1535=ORIENTED_EDGE('',*,*,#3581,.T.);
#1536=ORIENTED_EDGE('',*,*,#3678,.F.);
#1537=ORIENTED_EDGE('',*,*,#3679,.F.);
#1538=CARTESIAN_POINT('',(2.1,-2.16840434497101E-16,1.4));
#1539=DIRECTION('',(0.0,0.0,1.0));
#1540=DIRECTION('',(1.0,0.0,0.0));
#1541=ORIENTED_EDGE('',*,*,#3680,.F.);
#1542=ORIENTED_EDGE('',*,*,#3676,.F.);
#1543=ORIENTED_EDGE('',*,*,#3573,.T.);
#1544=ORIENTED_EDGE('',*,*,#3681,.T.);
#1545=ORIENTED_EDGE('',*,*,#3598,.T.);
#1546=ORIENTED_EDGE('',*,*,#3682,.T.);
#1547=CARTESIAN_POINT('',(-2.1,-2.16840434497101E-16,1.4));
#1548=DIRECTION('',(1.0,0.0,0.0));
#1549=DIRECTION('',(0.0,1.0,0.0));
#1550=ORIENTED_EDGE('',*,*,#3683,.F.);
#1551=ORIENTED_EDGE('',*,*,#3684,.F.);
#1552=ORIENTED_EDGE('',*,*,#3685,.F.);
#1553=ORIENTED_EDGE('',*,*,#3686,.F.);
#1554=ORIENTED_EDGE('',*,*,#3682,.F.);
#1555=ORIENTED_EDGE('',*,*,#3597,.T.);
#1556=ORIENTED_EDGE('',*,*,#3602,.T.);
#1557=CARTESIAN_POINT('',(-2.1,-2.16840434497101E-16,2.6));
#1558=DIRECTION('',(0.0,0.0,1.0));
#1559=DIRECTION('',(1.0,0.0,0.0));
#1560=ORIENTED_EDGE('',*,*,#3601,.T.);
#1561=ORIENTED_EDGE('',*,*,#3687,.T.);
#1562=ORIENTED_EDGE('',*,*,#3688,.T.);
#1563=ORIENTED_EDGE('',*,*,#3655,.T.);
#1564=ORIENTED_EDGE('',*,*,#3689,.F.);
#1565=ORIENTED_EDGE('',*,*,#3690,.T.);
#1566=ORIENTED_EDGE('',*,*,#3616,.T.);
#1567=ORIENTED_EDGE('',*,*,#3667,.T.);
#1568=ORIENTED_EDGE('',*,*,#3669,.T.);
#1569=ORIENTED_EDGE('',*,*,#3677,.T.);
#1570=ORIENTED_EDGE('',*,*,#3680,.T.);
#1571=ORIENTED_EDGE('',*,*,#3686,.T.);
#1572=CARTESIAN_POINT('',(0.0,-1.3,0.0));
#1573=DIRECTION('',(0.0,-1.0,0.0));
#1574=DIRECTION('',(0.0,0.0,-1.0));
#1575=ORIENTED_EDGE('',*,*,#3631,.T.);
#1576=ORIENTED_EDGE('',*,*,#3691,.T.);
#1577=ORIENTED_EDGE('',*,*,#3674,.T.);
#1578=ORIENTED_EDGE('',*,*,#3692,.T.);
#1579=CARTESIAN_POINT('',(-2.675,1.25,-4.53999999999999));
#1580=DIRECTION('',(-2.89120579329468E-16,-1.0,0.0));
#1581=DIRECTION('',(-1.0,2.89120579329468E-16,0.0));
#1582=ORIENTED_EDGE('',*,*,#3632,.T.);
#1583=ORIENTED_EDGE('',*,*,#3692,.F.);
#1584=ORIENTED_EDGE('',*,*,#3673,.T.);
#1585=ORIENTED_EDGE('',*,*,#3652,.F.);
#1586=CARTESIAN_POINT('',(-1.925,1.25,-4.53999999999999));
#1587=DIRECTION('',(1.0,-3.33600668457078E-16,0.0));
#1588=DIRECTION('',(-3.33600668457078E-16,-1.0,0.0));
#1589=ORIENTED_EDGE('',*,*,#3623,.T.);
#1590=ORIENTED_EDGE('',*,*,#3654,.T.);
#1591=ORIENTED_EDGE('',*,*,#3672,.T.);
#1592=ORIENTED_EDGE('',*,*,#3693,.T.);
#1593=CARTESIAN_POINT('',(1.925,1.9,-4.53999999999999));
#1594=DIRECTION('',(-1.0,-3.33600668457078E-16,0.0));
#1595=DIRECTION('',(-3.33600668457078E-16,1.0,0.0));
#1596=ORIENTED_EDGE('',*,*,#3624,.T.);
#1597=ORIENTED_EDGE('',*,*,#3693,.F.);
#1598=ORIENTED_EDGE('',*,*,#3679,.T.);
#1599=ORIENTED_EDGE('',*,*,#3694,.F.);
#1600=CARTESIAN_POINT('',(1.925,1.25,-4.53999999999999));
#1601=DIRECTION('',(2.89120579329468E-16,-1.0,0.0));
#1602=DIRECTION('',(0.0,0.0,-1.0));
#1603=ORIENTED_EDGE('',*,*,#3625,.F.);
#1604=ORIENTED_EDGE('',*,*,#3694,.T.);
#1605=ORIENTED_EDGE('',*,*,#3678,.T.);
#1606=ORIENTED_EDGE('',*,*,#3580,.F.);
#1607=ORIENTED_EDGE('',*,*,#3695,.F.);
#1608=ORIENTED_EDGE('',*,*,#3696,.F.);
#1609=CARTESIAN_POINT('',(2.675,0.0,0.0));
#1610=DIRECTION('',(1.0,0.0,0.0));
#1611=DIRECTION('',(0.0,1.0,0.0));
#1612=ORIENTED_EDGE('',*,*,#3696,.T.);
#1613=ORIENTED_EDGE('',*,*,#3697,.F.);
#1614=ORIENTED_EDGE('',*,*,#3698,.F.);
#1615=ORIENTED_EDGE('',*,*,#3699,.T.);
#1616=ORIENTED_EDGE('',*,*,#3561,.F.);
#1617=ORIENTED_EDGE('',*,*,#3626,.T.);
#1618=CARTESIAN_POINT('',(3.375,3.1,0.799999999999999));
#1619=DIRECTION('',(0.0,-1.0,-1.1616451848059E-15));
#1620=DIRECTION('',(0.0,1.1616451848059E-15,-1.0));
#1621=ORIENTED_EDGE('',*,*,#3695,.T.);
#1622=ORIENTED_EDGE('',*,*,#3579,.F.);
#1623=ORIENTED_EDGE('',*,*,#3618,.F.);
#1624=ORIENTED_EDGE('',*,*,#3700,.F.);
#1625=ORIENTED_EDGE('',*,*,#3558,.F.);
#1626=ORIENTED_EDGE('',*,*,#3701,.T.);
#1627=ORIENTED_EDGE('',*,*,#3702,.T.);
#1628=ORIENTED_EDGE('',*,*,#3543,.T.);
#1629=ORIENTED_EDGE('',*,*,#3703,.T.);
#1630=ORIENTED_EDGE('',*,*,#3564,.F.);
#1631=ORIENTED_EDGE('',*,*,#3704,.T.);
#1632=ORIENTED_EDGE('',*,*,#3705,.T.);
#1633=ORIENTED_EDGE('',*,*,#3697,.T.);
#1634=CARTESIAN_POINT('',(3.375,3.1,1.92));
#1635=DIRECTION('',(0.0,7.69433799828422E-16,-1.0));
#1636=DIRECTION('',(-1.0,0.0,0.0));
#1637=ORIENTED_EDGE('',*,*,#3704,.F.);
#1638=ORIENTED_EDGE('',*,*,#3563,.F.);
#1639=ORIENTED_EDGE('',*,*,#3706,.T.);
#1640=ORIENTED_EDGE('',*,*,#3707,.T.);
#1641=CARTESIAN_POINT('',(3.375,2.25,1.32));
#1642=DIRECTION('',(0.0,-1.0,0.0));
#1643=DIRECTION('',(0.0,0.0,-1.0));
#1644=ORIENTED_EDGE('',*,*,#3705,.F.);
#1645=ORIENTED_EDGE('',*,*,#3707,.F.);
#1646=ORIENTED_EDGE('',*,*,#3708,.T.);
#1647=ORIENTED_EDGE('',*,*,#3698,.T.);
#1648=CARTESIAN_POINT('',(3.825,2.25,1.32));
#1649=DIRECTION('',(0.91036647746258,0.413802944301239,0.0));
#1650=DIRECTION('',(0.0,0.0,-1.0));
#1651=ORIENTED_EDGE('',*,*,#3562,.F.);
#1652=ORIENTED_EDGE('',*,*,#3699,.F.);
#1653=ORIENTED_EDGE('',*,*,#3708,.F.);
#1654=ORIENTED_EDGE('',*,*,#3706,.F.);
#1655=CARTESIAN_POINT('',(0.0,0.0,1.32));
#1656=DIRECTION('',(0.0,0.0,1.0));
#1657=DIRECTION('',(1.0,0.0,0.0));
#1658=ORIENTED_EDGE('',*,*,#3701,.F.);
#1659=ORIENTED_EDGE('',*,*,#3567,.F.);
#1660=ORIENTED_EDGE('',*,*,#3709,.T.);
#1661=ORIENTED_EDGE('',*,*,#3710,.T.);
#1662=CARTESIAN_POINT('',(3.375,1.0,1.32));
#1663=DIRECTION('',(0.970295726275996,-0.241921895599668,0.0));
#1664=DIRECTION('',(0.0,0.0,-1.0));
#1665=ORIENTED_EDGE('',*,*,#3540,.T.);
#1666=ORIENTED_EDGE('',*,*,#3702,.F.);
#1667=ORIENTED_EDGE('',*,*,#3710,.F.);
#1668=ORIENTED_EDGE('',*,*,#3711,.T.);
#1669=CARTESIAN_POINT('',(3.295,1.50585062420488,1.32));
#1670=DIRECTION('',(0.0,0.0,-1.0));
#1671=DIRECTION('',(1.0,0.0,0.0));
#1672=ORIENTED_EDGE('',*,*,#3703,.F.);
#1673=ORIENTED_EDGE('',*,*,#3542,.F.);
#1674=ORIENTED_EDGE('',*,*,#3712,.T.);
#1675=ORIENTED_EDGE('',*,*,#3565,.T.);
#1676=CARTESIAN_POINT('',(3.46277931423174,1.61470879668599,1.32));
#1677=DIRECTION('',(0.83889657115869,0.544290862405565,0.0));
#1678=DIRECTION('',(0.0,0.0,-1.0));
#1679=ORIENTED_EDGE('',*,*,#3566,.F.);
#1680=ORIENTED_EDGE('',*,*,#3712,.F.);
#1681=ORIENTED_EDGE('',*,*,#3541,.F.);
#1682=ORIENTED_EDGE('',*,*,#3711,.F.);
#1683=ORIENTED_EDGE('',*,*,#3709,.F.);
#1684=CARTESIAN_POINT('',(3.295,1.50585062420488,1.32));
#1685=DIRECTION('',(0.0,0.0,1.0));
#1686=DIRECTION('',(1.0,0.0,0.0));
#1687=ORIENTED_EDGE('',*,*,#3691,.F.);
#1688=ORIENTED_EDGE('',*,*,#3630,.T.);
#1689=ORIENTED_EDGE('',*,*,#3713,.T.);
#1690=ORIENTED_EDGE('',*,*,#3714,.T.);
#1691=ORIENTED_EDGE('',*,*,#3575,.T.);
#1692=ORIENTED_EDGE('',*,*,#3675,.F.);
#1693=CARTESIAN_POINT('',(-2.675,0.0,0.0));
#1694=DIRECTION('',(1.0,0.0,0.0));
#1695=DIRECTION('',(0.0,1.0,0.0));
#1696=ORIENTED_EDGE('',*,*,#3713,.F.);
#1697=ORIENTED_EDGE('',*,*,#3629,.F.);
#1698=ORIENTED_EDGE('',*,*,#3552,.T.);
#1699=ORIENTED_EDGE('',*,*,#3715,.F.);
#1700=ORIENTED_EDGE('',*,*,#3716,.T.);
#1701=ORIENTED_EDGE('',*,*,#3717,.T.);
#1702=CARTESIAN_POINT('',(-3.375,3.1,0.799999999999999));
#1703=DIRECTION('',(0.0,1.0,1.1616451848059E-15));
#1704=DIRECTION('',(0.0,1.1616451848059E-15,-1.0));
#1705=ORIENTED_EDGE('',*,*,#3714,.F.);
#1706=ORIENTED_EDGE('',*,*,#3717,.F.);
#1707=ORIENTED_EDGE('',*,*,#3718,.F.);
#1708=ORIENTED_EDGE('',*,*,#3719,.F.);
#1709=ORIENTED_EDGE('',*,*,#3549,.T.);
#1710=ORIENTED_EDGE('',*,*,#3720,.F.);
#1711=ORIENTED_EDGE('',*,*,#3537,.F.);
#1712=ORIENTED_EDGE('',*,*,#3721,.F.);
#1713=ORIENTED_EDGE('',*,*,#3722,.F.);
#1714=ORIENTED_EDGE('',*,*,#3545,.T.);
#1715=ORIENTED_EDGE('',*,*,#3723,.T.);
#1716=ORIENTED_EDGE('',*,*,#3557,.T.);
#1717=ORIENTED_EDGE('',*,*,#3576,.T.);
#1718=CARTESIAN_POINT('',(-3.375,3.1,1.92));
#1719=DIRECTION('',(0.0,-7.69433799828422E-16,1.0));
#1720=DIRECTION('',(0.0,-1.0,-7.69433799828422E-16));
#1721=ORIENTED_EDGE('',*,*,#3719,.T.);
#1722=ORIENTED_EDGE('',*,*,#3724,.F.);
#1723=ORIENTED_EDGE('',*,*,#3725,.F.);
#1724=ORIENTED_EDGE('',*,*,#3550,.T.);
#1725=CARTESIAN_POINT('',(-3.375,2.25,1.32));
#1726=DIRECTION('',(-0.0,1.0,0.0));
#1727=DIRECTION('',(1.0,0.0,0.0));
#1728=ORIENTED_EDGE('',*,*,#3718,.T.);
#1729=ORIENTED_EDGE('',*,*,#3716,.F.);
#1730=ORIENTED_EDGE('',*,*,#3726,.F.);
#1731=ORIENTED_EDGE('',*,*,#3724,.T.);
#1732=CARTESIAN_POINT('',(-3.825,2.25,1.32));
#1733=DIRECTION('',(0.91036647746258,-0.413802944301239,0.0));
#1734=DIRECTION('',(0.0,0.0,-1.0));
#1735=ORIENTED_EDGE('',*,*,#3551,.T.);
#1736=ORIENTED_EDGE('',*,*,#3725,.T.);
#1737=ORIENTED_EDGE('',*,*,#3726,.T.);
#1738=ORIENTED_EDGE('',*,*,#3715,.T.);
#1739=CARTESIAN_POINT('',(0.0,0.0,1.32));
#1740=DIRECTION('',(0.0,0.0,-1.0));
#1741=DIRECTION('',(0.0,-1.0,0.0));
#1742=ORIENTED_EDGE('',*,*,#3722,.T.);
#1743=ORIENTED_EDGE('',*,*,#3727,.F.);
#1744=ORIENTED_EDGE('',*,*,#3728,.F.);
#1745=ORIENTED_EDGE('',*,*,#3546,.T.);
#1746=CARTESIAN_POINT('',(-3.375,1.0,1.32));
#1747=DIRECTION('',(0.970295726275996,0.241921895599668,0.0));
#1748=DIRECTION('',(0.0,0.0,-1.0));
#1749=ORIENTED_EDGE('',*,*,#3536,.T.);
#1750=ORIENTED_EDGE('',*,*,#3729,.F.);
#1751=ORIENTED_EDGE('',*,*,#3727,.T.);
#1752=ORIENTED_EDGE('',*,*,#3721,.T.);
#1753=CARTESIAN_POINT('',(-3.295,1.50585062420488,1.32));
#1754=DIRECTION('',(0.0,0.0,-1.0));
#1755=DIRECTION('',(1.0,0.0,0.0));
#1756=ORIENTED_EDGE('',*,*,#3720,.T.);
#1757=ORIENTED_EDGE('',*,*,#3548,.F.);
#1758=ORIENTED_EDGE('',*,*,#3730,.F.);
#1759=ORIENTED_EDGE('',*,*,#3538,.T.);
#1760=CARTESIAN_POINT('',(-3.46277931423174,1.61470879668599,1.32));
#1761=DIRECTION('',(0.83889657115869,-0.544290862405565,0.0));
#1762=DIRECTION('',(0.0,0.0,-1.0));
#1763=ORIENTED_EDGE('',*,*,#3547,.T.);
#1764=ORIENTED_EDGE('',*,*,#3728,.T.);
#1765=ORIENTED_EDGE('',*,*,#3729,.T.);
#1766=ORIENTED_EDGE('',*,*,#3539,.T.);
#1767=ORIENTED_EDGE('',*,*,#3730,.T.);
#1768=CARTESIAN_POINT('',(-3.295,1.50585062420488,1.32));
#1769=DIRECTION('',(0.0,0.0,-1.0));
#1770=DIRECTION('',(0.0,-1.0,0.0));
#1771=ORIENTED_EDGE('',*,*,#3611,.T.);
#1772=ORIENTED_EDGE('',*,*,#3664,.F.);
#1773=ORIENTED_EDGE('',*,*,#3731,.F.);
#1774=ORIENTED_EDGE('',*,*,#3732,.T.);
#1775=CARTESIAN_POINT('',(4.3,-0.5,-20.169999999999));
#1776=DIRECTION('',(0.832050294337843,-0.55470019622523,0.0));
#1777=DIRECTION('',(0.0,0.0,-1.0));
#1778=ORIENTED_EDGE('',*,*,#3612,.F.);
#1779=ORIENTED_EDGE('',*,*,#3732,.F.);
#1780=ORIENTED_EDGE('',*,*,#3733,.F.);
#1781=ORIENTED_EDGE('',*,*,#3734,.F.);
#1782=CARTESIAN_POINT('',(0.0,0.0,2.29999999999989));
#1783=DIRECTION('',(0.0,0.0,-1.0));
#1784=DIRECTION('',(0.0,-1.0,0.0));
#1785=ORIENTED_EDGE('',*,*,#3731,.T.);
#1786=ORIENTED_EDGE('',*,*,#3663,.F.);
#1787=ORIENTED_EDGE('',*,*,#3735,.F.);
#1788=ORIENTED_EDGE('',*,*,#3733,.T.);
#1789=CARTESIAN_POINT('',(4.5,-0.2,-20.169999999999));
#1790=DIRECTION('',(1.0,0.0,0.0));
#1791=DIRECTION('',(0.0,1.0,0.0));
#1792=ORIENTED_EDGE('',*,*,#3735,.T.);
#1793=ORIENTED_EDGE('',*,*,#3662,.F.);
#1794=ORIENTED_EDGE('',*,*,#3613,.F.);
#1795=ORIENTED_EDGE('',*,*,#3734,.T.);
#1796=CARTESIAN_POINT('',(4.5,-0.1,-20.169999999999));
#1797=DIRECTION('',(-2.03287907341032E-16,1.0,0.0));
#1798=DIRECTION('',(1.0,2.03287907341032E-16,-0.0));
#1799=ORIENTED_EDGE('',*,*,#3608,.F.);
#1800=ORIENTED_EDGE('',*,*,#3690,.F.);
#1801=ORIENTED_EDGE('',*,*,#3736,.F.);
#1802=ORIENTED_EDGE('',*,*,#3737,.F.);
#1803=CARTESIAN_POINT('',(0.0,0.0,2.29999999999989));
#1804=DIRECTION('',(0.0,0.0,1.0));
#1805=DIRECTION('',(1.0,0.0,0.0));
#1806=ORIENTED_EDGE('',*,*,#3689,.T.);
#1807=ORIENTED_EDGE('',*,*,#3666,.F.);
#1808=ORIENTED_EDGE('',*,*,#3738,.F.);
#1809=ORIENTED_EDGE('',*,*,#3736,.T.);
#1810=CARTESIAN_POINT('',(4.5,-1.3,-20.169999999999));
#1811=DIRECTION('',(1.0,0.0,0.0));
#1812=DIRECTION('',(0.0,1.0,0.0));
#1813=ORIENTED_EDGE('',*,*,#3738,.T.);
#1814=ORIENTED_EDGE('',*,*,#3665,.F.);
#1815=ORIENTED_EDGE('',*,*,#3609,.F.);
#1816=ORIENTED_EDGE('',*,*,#3737,.T.);
#1817=CARTESIAN_POINT('',(4.5,-0.700000000000001,-20.169999999999));
#1818=DIRECTION('',(-0.0,1.0,0.0));
#1819=DIRECTION('',(1.0,0.0,0.0));
#1820=ORIENTED_EDGE('',*,*,#3739,.T.);
#1821=ORIENTED_EDGE('',*,*,#3658,.F.);
#1822=ORIENTED_EDGE('',*,*,#3606,.F.);
#1823=ORIENTED_EDGE('',*,*,#3740,.T.);
#1824=CARTESIAN_POINT('',(-4.50000000000003,-0.2,-20.169999999999));
#1825=DIRECTION('',(-0.832050294337844,-0.554700196225228,0.0));
#1826=DIRECTION('',(-0.554700196225228,0.832050294337844,0.0));
#1827=ORIENTED_EDGE('',*,*,#3741,.F.);
#1828=ORIENTED_EDGE('',*,*,#3740,.F.);
#1829=ORIENTED_EDGE('',*,*,#3605,.F.);
#1830=ORIENTED_EDGE('',*,*,#3742,.F.);
#1831=CARTESIAN_POINT('',(0.0,0.0,2.29999999999989));
#1832=DIRECTION('',(0.0,0.0,-1.0));
#1833=DIRECTION('',(0.0,-1.0,0.0));
#1834=ORIENTED_EDGE('',*,*,#3743,.T.);
#1835=ORIENTED_EDGE('',*,*,#3659,.F.);
#1836=ORIENTED_EDGE('',*,*,#3739,.F.);
#1837=ORIENTED_EDGE('',*,*,#3741,.T.);
#1838=CARTESIAN_POINT('',(-4.50000000000003,-0.1,-20.169999999999));
#1839=DIRECTION('',(-1.0,0.0,0.0));
#1840=DIRECTION('',(0.0,0.0,1.0));
#1841=ORIENTED_EDGE('',*,*,#3604,.T.);
#1842=ORIENTED_EDGE('',*,*,#3660,.F.);
#1843=ORIENTED_EDGE('',*,*,#3743,.F.);
#1844=ORIENTED_EDGE('',*,*,#3742,.T.);
#1845=CARTESIAN_POINT('',(-4.30000000000003,-0.1,-20.169999999999));
#1846=DIRECTION('',(2.03287907341033E-16,1.0,0.0));
#1847=DIRECTION('',(1.0,-2.03287907341033E-16,0.0));
#1848=ORIENTED_EDGE('',*,*,#3744,.F.);
#1849=ORIENTED_EDGE('',*,*,#3687,.F.);
#1850=ORIENTED_EDGE('',*,*,#3600,.F.);
#1851=ORIENTED_EDGE('',*,*,#3745,.F.);
#1852=CARTESIAN_POINT('',(0.0,0.0,2.29999999999989));
#1853=DIRECTION('',(0.0,0.0,1.0));
#1854=DIRECTION('',(1.0,0.0,0.0));
#1855=ORIENTED_EDGE('',*,*,#3746,.T.);
#1856=ORIENTED_EDGE('',*,*,#3656,.F.);
#1857=ORIENTED_EDGE('',*,*,#3688,.F.);
#1858=ORIENTED_EDGE('',*,*,#3744,.T.);
#1859=CARTESIAN_POINT('',(-4.50000000000003,-0.700000000000001,-20.169999999999));
#1860=DIRECTION('',(-1.0,0.0,0.0));
#1861=DIRECTION('',(0.0,0.0,1.0));
#1862=ORIENTED_EDGE('',*,*,#3599,.T.);
#1863=ORIENTED_EDGE('',*,*,#3657,.F.);
#1864=ORIENTED_EDGE('',*,*,#3746,.F.);
#1865=ORIENTED_EDGE('',*,*,#3745,.T.);
#1866=CARTESIAN_POINT('',(-4.30000000000003,-0.700000000000001,-20.169999999999));
#1867=DIRECTION('',(-0.0,1.0,0.0));
#1868=DIRECTION('',(1.0,0.0,0.0));
#1869=ORIENTED_EDGE('',*,*,#3683,.T.);
#1870=ORIENTED_EDGE('',*,*,#3747,.T.);
#1871=ORIENTED_EDGE('',*,*,#3748,.T.);
#1872=ORIENTED_EDGE('',*,*,#3749,.F.);
#1873=CARTESIAN_POINT('',(-3.40000000000003,-0.1,2.55));
#1874=DIRECTION('',(-0.866025403784439,-0.5,0.0));
#1875=DIRECTION('',(-0.5,0.866025403784439,0.0));
#1876=ORIENTED_EDGE('',*,*,#3685,.T.);
#1877=ORIENTED_EDGE('',*,*,#3750,.T.);
#1878=ORIENTED_EDGE('',*,*,#3751,.T.);
#1879=ORIENTED_EDGE('',*,*,#3747,.F.);
#1880=CARTESIAN_POINT('',(-3.00000000000003,-0.792820323027553,2.55));
#1881=DIRECTION('',(0.866025403784439,-0.5,0.0));
#1882=DIRECTION('',(0.0,0.0,-1.0));
#1883=ORIENTED_EDGE('',*,*,#3684,.T.);
#1884=ORIENTED_EDGE('',*,*,#3749,.T.);
#1885=ORIENTED_EDGE('',*,*,#3752,.T.);
#1886=ORIENTED_EDGE('',*,*,#3750,.F.);
#1887=CARTESIAN_POINT('',(-2.60000000000003,-0.1,2.55));
#1888=DIRECTION('',(-1.35525271560688E-16,1.0,0.0));
#1889=DIRECTION('',(1.0,1.35525271560688E-16,-0.0));
#1890=ORIENTED_EDGE('',*,*,#3748,.F.);
#1891=ORIENTED_EDGE('',*,*,#3751,.F.);
#1892=ORIENTED_EDGE('',*,*,#3752,.F.);
#1893=CARTESIAN_POINT('',(0.0,0.0,2.55));
#1894=DIRECTION('',(0.0,0.0,1.0));
#1895=DIRECTION('',(1.0,0.0,0.0));
#1896=ORIENTED_EDGE('',*,*,#3628,.F.);
#1897=ORIENTED_EDGE('',*,*,#3753,.F.);
#1898=ORIENTED_EDGE('',*,*,#3754,.T.);
#1899=ORIENTED_EDGE('',*,*,#3755,.F.);
#1900=CARTESIAN_POINT('',(-3.375,3.5,2.05));
#1901=DIRECTION('',(-1.0,0.0,0.0));
#1902=DIRECTION('',(0.0,0.0,1.0));
#1903=ORIENTED_EDGE('',*,*,#3661,.F.);
#1904=ORIENTED_EDGE('',*,*,#3756,.F.);
#1905=ORIENTED_EDGE('',*,*,#3757,.T.);
#1906=ORIENTED_EDGE('',*,*,#3758,.T.);
#1907=CARTESIAN_POINT('',(0.0,0.0,0.0));
#1908=DIRECTION('',(0.0,-1.0,0.0));
#1909=DIRECTION('',(0.0,0.0,-1.0));
#1910=ORIENTED_EDGE('',*,*,#3681,.F.);
#1911=ORIENTED_EDGE('',*,*,#3759,.F.);
#1912=ORIENTED_EDGE('',*,*,#3760,.F.);
#1913=ORIENTED_EDGE('',*,*,#3761,.T.);
#1914=ORIENTED_EDGE('',*,*,#3762,.T.);
#1915=ORIENTED_EDGE('',*,*,#3763,.F.);
#1916=CARTESIAN_POINT('',(0.0,0.0,0.0));
#1917=DIRECTION('',(0.0,-1.0,0.0));
#1918=DIRECTION('',(0.0,0.0,-1.0));
#1919=ORIENTED_EDGE('',*,*,#3670,.F.);
#1920=ORIENTED_EDGE('',*,*,#3764,.F.);
#1921=ORIENTED_EDGE('',*,*,#3765,.F.);
#1922=ORIENTED_EDGE('',*,*,#3766,.T.);
#1923=ORIENTED_EDGE('',*,*,#3767,.T.);
#1924=ORIENTED_EDGE('',*,*,#3768,.F.);
#1925=CARTESIAN_POINT('',(0.0,0.0,0.0));
#1926=DIRECTION('',(0.0,-1.0,0.0));
#1927=DIRECTION('',(0.0,0.0,-1.0));
#1928=ORIENTED_EDGE('',*,*,#3769,.T.);
#1929=ORIENTED_EDGE('',*,*,#3700,.T.);
#1930=ORIENTED_EDGE('',*,*,#3770,.F.);
#1931=ORIENTED_EDGE('',*,*,#3771,.T.);
#1932=CARTESIAN_POINT('',(3.375,3.5,0.749999999999996));
#1933=DIRECTION('',(1.0,0.0,0.0));
#1934=DIRECTION('',(0.0,1.0,0.0));
#1935=ORIENTED_EDGE('',*,*,#3772,.F.);
#1936=ORIENTED_EDGE('',*,*,#3627,.T.);
#1937=ORIENTED_EDGE('',*,*,#3773,.T.);
#1938=ORIENTED_EDGE('',*,*,#3774,.F.);
#1939=CARTESIAN_POINT('',(3.375,3.5,0.749999999999996));
#1940=DIRECTION('',(1.0,0.0,0.0));
#1941=DIRECTION('',(0.0,1.0,0.0));
#1942=ORIENTED_EDGE('',*,*,#3775,.F.);
#1943=ORIENTED_EDGE('',*,*,#3620,.F.);
#1944=ORIENTED_EDGE('',*,*,#3776,.T.);
#1945=ORIENTED_EDGE('',*,*,#3777,.F.);
#1946=CARTESIAN_POINT('',(1.16,0.400000000000001,0.699999999999995));
#1947=DIRECTION('',(1.0,-0.0,0.0));
#1948=DIRECTION('',(0.0,0.0,1.0));
#1949=ORIENTED_EDGE('',*,*,#3778,.F.);
#1950=ORIENTED_EDGE('',*,*,#3635,.F.);
#1951=ORIENTED_EDGE('',*,*,#3779,.T.);
#1952=ORIENTED_EDGE('',*,*,#3780,.F.);
#1953=CARTESIAN_POINT('',(-0.84,0.400000000000001,0.699999999999995));
#1954=DIRECTION('',(1.0,-0.0,0.0));
#1955=DIRECTION('',(0.0,0.0,1.0));
#1956=ORIENTED_EDGE('',*,*,#3781,.F.);
#1957=ORIENTED_EDGE('',*,*,#3639,.F.);
#1958=ORIENTED_EDGE('',*,*,#3782,.T.);
#1959=ORIENTED_EDGE('',*,*,#3783,.F.);
#1960=CARTESIAN_POINT('',(0.16,0.400000000000001,0.699999999999995));
#1961=DIRECTION('',(1.0,-0.0,0.0));
#1962=DIRECTION('',(0.0,0.0,1.0));
#1963=ORIENTED_EDGE('',*,*,#3621,.T.);
#1964=ORIENTED_EDGE('',*,*,#3775,.T.);
#1965=ORIENTED_EDGE('',*,*,#3784,.T.);
#1966=ORIENTED_EDGE('',*,*,#3785,.T.);
#1967=ORIENTED_EDGE('',*,*,#3786,.T.);
#1968=ORIENTED_EDGE('',*,*,#3643,.T.);
#1969=CARTESIAN_POINT('',(1.16,0.1,1.99999999999999));
#1970=DIRECTION('',(1.0,0.0,0.0));
#1971=DIRECTION('',(0.0,1.0,0.0));
#1972=ORIENTED_EDGE('',*,*,#3776,.F.);
#1973=ORIENTED_EDGE('',*,*,#3642,.F.);
#1974=ORIENTED_EDGE('',*,*,#3645,.F.);
#1975=ORIENTED_EDGE('',*,*,#3787,.F.);
#1976=ORIENTED_EDGE('',*,*,#3788,.F.);
#1977=ORIENTED_EDGE('',*,*,#3789,.F.);
#1978=CARTESIAN_POINT('',(0.84,0.1,1.99999999999999));
#1979=DIRECTION('',(1.0,0.0,0.0));
#1980=DIRECTION('',(0.0,1.0,0.0));
#1981=ORIENTED_EDGE('',*,*,#3787,.T.);
#1982=ORIENTED_EDGE('',*,*,#3644,.F.);
#1983=ORIENTED_EDGE('',*,*,#3786,.F.);
#1984=ORIENTED_EDGE('',*,*,#3790,.F.);
#1985=CARTESIAN_POINT('',(1.16,2.25,0.849999999999995));
#1986=DIRECTION('',(0.0,0.0,-1.0));
#1987=DIRECTION('',(0.0,-1.0,0.0));
#1988=ORIENTED_EDGE('',*,*,#3636,.T.);
#1989=ORIENTED_EDGE('',*,*,#3778,.T.);
#1990=ORIENTED_EDGE('',*,*,#3791,.T.);
#1991=ORIENTED_EDGE('',*,*,#3792,.T.);
#1992=ORIENTED_EDGE('',*,*,#3793,.T.);
#1993=ORIENTED_EDGE('',*,*,#3649,.T.);
#1994=CARTESIAN_POINT('',(-0.84,0.1,1.99999999999999));
#1995=DIRECTION('',(1.0,0.0,0.0));
#1996=DIRECTION('',(0.0,1.0,0.0));
#1997=ORIENTED_EDGE('',*,*,#3779,.F.);
#1998=ORIENTED_EDGE('',*,*,#3634,.F.);
#1999=ORIENTED_EDGE('',*,*,#3651,.F.);
#2000=ORIENTED_EDGE('',*,*,#3794,.F.);
#2001=ORIENTED_EDGE('',*,*,#3795,.F.);
#2002=ORIENTED_EDGE('',*,*,#3796,.F.);
#2003=CARTESIAN_POINT('',(-1.16,0.1,1.99999999999999));
#2004=DIRECTION('',(1.0,0.0,0.0));
#2005=DIRECTION('',(0.0,1.0,0.0));
#2006=ORIENTED_EDGE('',*,*,#3794,.T.);
#2007=ORIENTED_EDGE('',*,*,#3650,.F.);
#2008=ORIENTED_EDGE('',*,*,#3793,.F.);
#2009=ORIENTED_EDGE('',*,*,#3797,.F.);
#2010=CARTESIAN_POINT('',(-0.84,2.25,0.849999999999995));
#2011=DIRECTION('',(0.0,0.0,-1.0));
#2012=DIRECTION('',(0.0,-1.0,0.0));
#2013=ORIENTED_EDGE('',*,*,#3640,.T.);
#2014=ORIENTED_EDGE('',*,*,#3781,.T.);
#2015=ORIENTED_EDGE('',*,*,#3798,.T.);
#2016=ORIENTED_EDGE('',*,*,#3799,.T.);
#2017=ORIENTED_EDGE('',*,*,#3800,.T.);
#2018=ORIENTED_EDGE('',*,*,#3646,.T.);
#2019=CARTESIAN_POINT('',(0.16,0.1,1.99999999999999));
#2020=DIRECTION('',(1.0,0.0,0.0));
#2021=DIRECTION('',(0.0,1.0,0.0));
#2022=ORIENTED_EDGE('',*,*,#3782,.F.);
#2023=ORIENTED_EDGE('',*,*,#3638,.F.);
#2024=ORIENTED_EDGE('',*,*,#3648,.F.);
#2025=ORIENTED_EDGE('',*,*,#3801,.F.);
#2026=ORIENTED_EDGE('',*,*,#3802,.F.);
#2027=ORIENTED_EDGE('',*,*,#3803,.F.);
#2028=CARTESIAN_POINT('',(-0.16,0.1,1.99999999999999));
#2029=DIRECTION('',(1.0,0.0,0.0));
#2030=DIRECTION('',(0.0,1.0,0.0));
#2031=ORIENTED_EDGE('',*,*,#3801,.T.);
#2032=ORIENTED_EDGE('',*,*,#3647,.F.);
#2033=ORIENTED_EDGE('',*,*,#3800,.F.);
#2034=ORIENTED_EDGE('',*,*,#3804,.F.);
#2035=CARTESIAN_POINT('',(0.16,2.25,0.849999999999995));
#2036=DIRECTION('',(0.0,0.0,-1.0));
#2037=DIRECTION('',(0.0,-1.0,0.0));
#2038=ORIENTED_EDGE('',*,*,#3805,.T.);
#2039=ORIENTED_EDGE('',*,*,#3806,.T.);
#2040=ORIENTED_EDGE('',*,*,#3807,.T.);
#2041=ORIENTED_EDGE('',*,*,#3808,.F.);
#2042=ORIENTED_EDGE('',*,*,#3809,.T.);
#2043=ORIENTED_EDGE('',*,*,#3810,.T.);
#2044=ORIENTED_EDGE('',*,*,#3811,.T.);
#2045=ORIENTED_EDGE('',*,*,#3812,.T.);
#2046=ORIENTED_EDGE('',*,*,#3813,.T.);
#2047=ORIENTED_EDGE('',*,*,#3814,.T.);
#2048=ORIENTED_EDGE('',*,*,#3815,.T.);
#2049=ORIENTED_EDGE('',*,*,#3816,.T.);
#2050=ORIENTED_EDGE('',*,*,#3817,.T.);
#2051=ORIENTED_EDGE('',*,*,#3818,.T.);
#2052=ORIENTED_EDGE('',*,*,#3819,.F.);
#2053=ORIENTED_EDGE('',*,*,#3820,.T.);
#2054=ORIENTED_EDGE('',*,*,#3821,.T.);
#2055=ORIENTED_EDGE('',*,*,#3822,.T.);
#2056=CARTESIAN_POINT('',(-1.8425,4.3,0.3));
#2057=DIRECTION('',(0.0,-2.71050543121376E-17,1.0));
#2058=DIRECTION('',(0.0,-1.0,-2.71050543121376E-17));
#2059=ORIENTED_EDGE('',*,*,#3823,.F.);
#2060=ORIENTED_EDGE('',*,*,#3824,.F.);
#2061=ORIENTED_EDGE('',*,*,#3825,.F.);
#2062=ORIENTED_EDGE('',*,*,#3826,.T.);
#2063=ORIENTED_EDGE('',*,*,#3827,.T.);
#2064=ORIENTED_EDGE('',*,*,#3828,.T.);
#2065=ORIENTED_EDGE('',*,*,#3829,.T.);
#2066=ORIENTED_EDGE('',*,*,#3830,.T.);
#2067=ORIENTED_EDGE('',*,*,#3831,.T.);
#2068=ORIENTED_EDGE('',*,*,#3832,.T.);
#2069=ORIENTED_EDGE('',*,*,#3833,.T.);
#2070=ORIENTED_EDGE('',*,*,#3834,.F.);
#2071=ORIENTED_EDGE('',*,*,#3835,.F.);
#2072=ORIENTED_EDGE('',*,*,#3836,.F.);
#2073=ORIENTED_EDGE('',*,*,#3837,.F.);
#2074=ORIENTED_EDGE('',*,*,#3838,.T.);
#2075=ORIENTED_EDGE('',*,*,#3839,.F.);
#2076=ORIENTED_EDGE('',*,*,#3840,.F.);
#2077=CARTESIAN_POINT('',(1.8425,4.3,0.3));
#2078=DIRECTION('',(0.0,2.71050543121376E-17,-1.0));
#2079=DIRECTION('',(-1.0,0.0,0.0));
#2080=ORIENTED_EDGE('',*,*,#3841,.F.);
#2081=ORIENTED_EDGE('',*,*,#3586,.F.);
#2082=ORIENTED_EDGE('',*,*,#3842,.F.);
#2083=ORIENTED_EDGE('',*,*,#3843,.F.);
#2084=ORIENTED_EDGE('',*,*,#3844,.T.);
#2085=ORIENTED_EDGE('',*,*,#3845,.F.);
#2086=ORIENTED_EDGE('',*,*,#3846,.T.);
#2087=ORIENTED_EDGE('',*,*,#3847,.F.);
#2088=CARTESIAN_POINT('',(2.975,3.35,-24.03));
#2089=DIRECTION('',(-1.0,-2.58913951638329E-16,0.0));
#2090=DIRECTION('',(-2.58913951638329E-16,1.0,0.0));
#2091=ORIENTED_EDGE('',*,*,#3848,.F.);
#2092=ORIENTED_EDGE('',*,*,#3843,.T.);
#2093=ORIENTED_EDGE('',*,*,#3849,.T.);
#2094=ORIENTED_EDGE('',*,*,#3850,.F.);
#2095=ORIENTED_EDGE('',*,*,#3851,.T.);
#2096=ORIENTED_EDGE('',*,*,#3852,.F.);
#2097=ORIENTED_EDGE('',*,*,#3853,.T.);
#2098=ORIENTED_EDGE('',*,*,#3854,.F.);
#2099=CARTESIAN_POINT('',(0.0,3.5,0.0));
#2100=DIRECTION('',(0.0,-1.0,0.0));
#2101=DIRECTION('',(0.0,0.0,-1.0));
#2102=ORIENTED_EDGE('',*,*,#3844,.F.);
#2103=ORIENTED_EDGE('',*,*,#3848,.T.);
#2104=ORIENTED_EDGE('',*,*,#3855,.F.);
#2105=CARTESIAN_POINT('',(3.375,3.5,2.05));
#2106=DIRECTION('',(0.0,0.0,1.0));
#2107=DIRECTION('',(1.0,0.0,0.0));
#2108=ORIENTED_EDGE('',*,*,#3856,.T.);
#2109=ORIENTED_EDGE('',*,*,#3857,.T.);
#2110=ORIENTED_EDGE('',*,*,#3858,.F.);
#2111=ORIENTED_EDGE('',*,*,#3859,.F.);
#2112=ORIENTED_EDGE('',*,*,#3860,.T.);
#2113=ORIENTED_EDGE('',*,*,#3861,.F.);
#2114=ORIENTED_EDGE('',*,*,#3862,.T.);
#2115=ORIENTED_EDGE('',*,*,#3863,.F.);
#2116=CARTESIAN_POINT('',(0.0,3.5,0.0));
#2117=DIRECTION('',(0.0,-1.0,0.0));
#2118=DIRECTION('',(0.0,0.0,-1.0));
#2119=ORIENTED_EDGE('',*,*,#3864,.F.);
#2120=ORIENTED_EDGE('',*,*,#3863,.T.);
#2121=ORIENTED_EDGE('',*,*,#3865,.T.);
#2122=ORIENTED_EDGE('',*,*,#3866,.F.);
#2123=ORIENTED_EDGE('',*,*,#3867,.T.);
#2124=ORIENTED_EDGE('',*,*,#3571,.T.);
#2125=CARTESIAN_POINT('',(-2.575,3.5,0.749999999999996));
#2126=DIRECTION('',(1.0,0.0,0.0));
#2127=DIRECTION('',(0.0,1.0,0.0));
#2128=ORIENTED_EDGE('',*,*,#3868,.F.);
#2129=ORIENTED_EDGE('',*,*,#3869,.T.);
#2130=ORIENTED_EDGE('',*,*,#3870,.F.);
#2131=ORIENTED_EDGE('',*,*,#3871,.F.);
#2132=ORIENTED_EDGE('',*,*,#3872,.F.);
#2133=ORIENTED_EDGE('',*,*,#3873,.T.);
#2134=ORIENTED_EDGE('',*,*,#3874,.F.);
#2135=ORIENTED_EDGE('',*,*,#3875,.F.);
#2136=ORIENTED_EDGE('',*,*,#3876,.F.);
#2137=ORIENTED_EDGE('',*,*,#3877,.T.);
#2138=ORIENTED_EDGE('',*,*,#3878,.F.);
#2139=ORIENTED_EDGE('',*,*,#3879,.F.);
#2140=ORIENTED_EDGE('',*,*,#3880,.F.);
#2141=ORIENTED_EDGE('',*,*,#3825,.T.);
#2142=ORIENTED_EDGE('',*,*,#3881,.F.);
#2143=ORIENTED_EDGE('',*,*,#3882,.F.);
#2144=ORIENTED_EDGE('',*,*,#3883,.F.);
#2145=ORIENTED_EDGE('',*,*,#3884,.T.);
#2146=ORIENTED_EDGE('',*,*,#3885,.F.);
#2147=ORIENTED_EDGE('',*,*,#3886,.F.);
#2148=ORIENTED_EDGE('',*,*,#3887,.F.);
#2149=ORIENTED_EDGE('',*,*,#3888,.F.);
#2150=ORIENTED_EDGE('',*,*,#3889,.T.);
#2151=ORIENTED_EDGE('',*,*,#3890,.T.);
#2152=ORIENTED_EDGE('',*,*,#3891,.F.);
#2153=ORIENTED_EDGE('',*,*,#3818,.F.);
#2154=ORIENTED_EDGE('',*,*,#3892,.T.);
#2155=ORIENTED_EDGE('',*,*,#3893,.F.);
#2156=CARTESIAN_POINT('',(0.0,4.3,0.0));
#2157=DIRECTION('',(0.0,-1.0,0.0));
#2158=DIRECTION('',(0.0,0.0,-1.0));
#2159=ORIENTED_EDGE('',*,*,#3894,.T.);
#2160=ORIENTED_EDGE('',*,*,#3895,.T.);
#2161=ORIENTED_EDGE('',*,*,#3896,.T.);
#2162=ORIENTED_EDGE('',*,*,#3897,.F.);
#2163=ORIENTED_EDGE('',*,*,#3885,.T.);
#2164=ORIENTED_EDGE('',*,*,#3898,.T.);
#2165=ORIENTED_EDGE('',*,*,#3899,.T.);
#2166=ORIENTED_EDGE('',*,*,#3900,.T.);
#2167=ORIENTED_EDGE('',*,*,#3881,.T.);
#2168=ORIENTED_EDGE('',*,*,#3824,.T.);
#2169=CARTESIAN_POINT('',(-3.85,4.3,2.7));
#2170=DIRECTION('',(-1.0,0.0,3.21245088143853E-16));
#2171=DIRECTION('',(0.0,1.0,0.0));
#2172=ORIENTED_EDGE('',*,*,#3901,.F.);
#2173=ORIENTED_EDGE('',*,*,#3902,.F.);
#2174=ORIENTED_EDGE('',*,*,#3903,.T.);
#2175=ORIENTED_EDGE('',*,*,#3753,.T.);
#2176=ORIENTED_EDGE('',*,*,#3554,.T.);
#2177=ORIENTED_EDGE('',*,*,#3904,.T.);
#2178=ORIENTED_EDGE('',*,*,#3905,.T.);
#2179=ORIENTED_EDGE('',*,*,#3906,.F.);
#2180=ORIENTED_EDGE('',*,*,#3907,.T.);
#2181=ORIENTED_EDGE('',*,*,#3896,.F.);
#2182=CARTESIAN_POINT('',(-3.27500000000001,0.199999999999999,-24.03));
#2183=DIRECTION('',(-5.75098543666225E-15,1.0,0.0));
#2184=DIRECTION('',(1.0,5.75098543666225E-15,-0.0));
#2185=ORIENTED_EDGE('',*,*,#3723,.F.);
#2186=ORIENTED_EDGE('',*,*,#3908,.F.);
#2187=ORIENTED_EDGE('',*,*,#3909,.F.);
#2188=ORIENTED_EDGE('',*,*,#3904,.F.);
#2189=CARTESIAN_POINT('',(-3.375,3.5,2.05));
#2190=DIRECTION('',(-1.0,0.0,0.0));
#2191=DIRECTION('',(0.0,0.0,1.0));
#2192=ORIENTED_EDGE('',*,*,#3910,.F.);
#2193=ORIENTED_EDGE('',*,*,#3893,.T.);
#2194=ORIENTED_EDGE('',*,*,#3911,.F.);
#2195=ORIENTED_EDGE('',*,*,#3912,.F.);
#2196=ORIENTED_EDGE('',*,*,#3913,.F.);
#2197=ORIENTED_EDGE('',*,*,#3914,.F.);
#2198=ORIENTED_EDGE('',*,*,#3915,.F.);
#2199=ORIENTED_EDGE('',*,*,#3916,.F.);
#2200=ORIENTED_EDGE('',*,*,#3917,.F.);
#2201=ORIENTED_EDGE('',*,*,#3918,.F.);
#2202=ORIENTED_EDGE('',*,*,#3919,.T.);
#2203=ORIENTED_EDGE('',*,*,#3757,.F.);
#2204=ORIENTED_EDGE('',*,*,#3920,.T.);
#2205=ORIENTED_EDGE('',*,*,#3921,.F.);
#2206=ORIENTED_EDGE('',*,*,#3922,.F.);
#2207=ORIENTED_EDGE('',*,*,#3923,.F.);
#2208=ORIENTED_EDGE('',*,*,#3924,.F.);
#2209=ORIENTED_EDGE('',*,*,#3925,.F.);
#2210=ORIENTED_EDGE('',*,*,#3926,.F.);
#2211=ORIENTED_EDGE('',*,*,#3927,.F.);
#2212=CARTESIAN_POINT('',(-3.85,4.3,-1.99840144432528E-15));
#2213=DIRECTION('',(0.0,0.0,-1.0));
#2214=DIRECTION('',(0.0,-1.0,0.0));
#2215=ORIENTED_EDGE('',*,*,#3928,.F.);
#2216=ORIENTED_EDGE('',*,*,#3929,.F.);
#2217=ORIENTED_EDGE('',*,*,#3930,.T.);
#2218=ORIENTED_EDGE('',*,*,#3931,.T.);
#2219=ORIENTED_EDGE('',*,*,#3807,.F.);
#2220=ORIENTED_EDGE('',*,*,#3932,.F.);
#2221=CARTESIAN_POINT('',(3.275,0.199999999999999,-24.03));
#2222=DIRECTION('',(1.0,1.37676466347366E-16,0.0));
#2223=DIRECTION('',(-1.37676466347366E-16,1.0,0.0));
#2224=ORIENTED_EDGE('',*,*,#3850,.T.);
#2225=ORIENTED_EDGE('',*,*,#3933,.T.);
#2226=ORIENTED_EDGE('',*,*,#3584,.T.);
#2227=ORIENTED_EDGE('',*,*,#3934,.F.);
#2228=ORIENTED_EDGE('',*,*,#3935,.F.);
#2229=ORIENTED_EDGE('',*,*,#3936,.F.);
#2230=CARTESIAN_POINT('',(2.575,3.5,2.05));
#2231=DIRECTION('',(-1.0,0.0,0.0));
#2232=DIRECTION('',(0.0,0.0,1.0));
#2233=ORIENTED_EDGE('',*,*,#3937,.T.);
#2234=ORIENTED_EDGE('',*,*,#3834,.T.);
#2235=ORIENTED_EDGE('',*,*,#3938,.T.);
#2236=ORIENTED_EDGE('',*,*,#3920,.F.);
#2237=ORIENTED_EDGE('',*,*,#3756,.T.);
#2238=ORIENTED_EDGE('',*,*,#3594,.T.);
#2239=ORIENTED_EDGE('',*,*,#3939,.T.);
#2240=CARTESIAN_POINT('',(-2.97500000000001,-1.33226762955019E-15,-24.03));
#2241=DIRECTION('',(1.0,-2.58913951638329E-16,0.0));
#2242=DIRECTION('',(-2.58913951638329E-16,-1.0,0.0));
#2243=ORIENTED_EDGE('',*,*,#3940,.T.);
#2244=ORIENTED_EDGE('',*,*,#3941,.T.);
#2245=ORIENTED_EDGE('',*,*,#3942,.F.);
#2246=ORIENTED_EDGE('',*,*,#3943,.T.);
#2247=ORIENTED_EDGE('',*,*,#3944,.T.);
#2248=CARTESIAN_POINT('',(-3.12500000000001,3.35,-24.03));
#2249=DIRECTION('',(0.0,0.0,-1.0));
#2250=DIRECTION('',(1.0,0.0,0.0));
#2251=ORIENTED_EDGE('',*,*,#3945,.T.);
#2252=ORIENTED_EDGE('',*,*,#3836,.T.);
#2253=ORIENTED_EDGE('',*,*,#3946,.F.);
#2254=ORIENTED_EDGE('',*,*,#3947,.T.);
#2255=ORIENTED_EDGE('',*,*,#3902,.T.);
#2256=ORIENTED_EDGE('',*,*,#3948,.T.);
#2257=CARTESIAN_POINT('',(-3.275,3.35,-24.03));
#2258=DIRECTION('',(-1.0,1.37676466347366E-16,0.0));
#2259=DIRECTION('',(0.0,0.0,1.0));
#2260=ORIENTED_EDGE('',*,*,#3949,.T.);
#2261=ORIENTED_EDGE('',*,*,#3809,.F.);
#2262=ORIENTED_EDGE('',*,*,#3950,.F.);
#2263=ORIENTED_EDGE('',*,*,#3951,.T.);
#2264=ORIENTED_EDGE('',*,*,#3592,.F.);
#2265=ORIENTED_EDGE('',*,*,#3758,.F.);
#2266=ORIENTED_EDGE('',*,*,#3919,.F.);
#2267=CARTESIAN_POINT('',(2.975,3.35,-24.03));
#2268=DIRECTION('',(-1.0,-2.58913951638329E-16,0.0));
#2269=DIRECTION('',(-2.58913951638329E-16,1.0,0.0));
#2270=ORIENTED_EDGE('',*,*,#3855,.T.);
#2271=ORIENTED_EDGE('',*,*,#3952,.T.);
#2272=ORIENTED_EDGE('',*,*,#3953,.F.);
#2273=ORIENTED_EDGE('',*,*,#3954,.T.);
#2274=ORIENTED_EDGE('',*,*,#3845,.T.);
#2275=CARTESIAN_POINT('',(3.125,3.35,-24.03));
#2276=DIRECTION('',(0.0,0.0,-1.0));
#2277=DIRECTION('',(1.0,0.0,0.0));
#2278=ORIENTED_EDGE('',*,*,#3805,.F.);
#2279=ORIENTED_EDGE('',*,*,#3891,.T.);
#2280=ORIENTED_EDGE('',*,*,#3955,.F.);
#2281=ORIENTED_EDGE('',*,*,#3956,.F.);
#2282=ORIENTED_EDGE('',*,*,#3957,.F.);
#2283=ORIENTED_EDGE('',*,*,#3887,.T.);
#2284=ORIENTED_EDGE('',*,*,#3958,.T.);
#2285=ORIENTED_EDGE('',*,*,#3959,.F.);
#2286=ORIENTED_EDGE('',*,*,#3960,.F.);
#2287=ORIENTED_EDGE('',*,*,#3961,.F.);
#2288=CARTESIAN_POINT('',(3.85,4.3,-1.77635683940025E-15));
#2289=DIRECTION('',(1.0,0.0,-1.60622544071927E-16));
#2290=DIRECTION('',(-1.60622544071927E-16,0.0,-1.0));
#2291=ORIENTED_EDGE('',*,*,#3962,.F.);
#2292=ORIENTED_EDGE('',*,*,#3963,.F.);
#2293=ORIENTED_EDGE('',*,*,#3846,.F.);
#2294=ORIENTED_EDGE('',*,*,#3954,.F.);
#2295=ORIENTED_EDGE('',*,*,#3964,.F.);
#2296=ORIENTED_EDGE('',*,*,#3965,.F.);
#2297=ORIENTED_EDGE('',*,*,#3958,.F.);
#2298=ORIENTED_EDGE('',*,*,#3886,.T.);
#2299=ORIENTED_EDGE('',*,*,#3897,.T.);
#2300=ORIENTED_EDGE('',*,*,#3907,.F.);
#2301=ORIENTED_EDGE('',*,*,#3966,.F.);
#2302=ORIENTED_EDGE('',*,*,#3943,.F.);
#2303=ORIENTED_EDGE('',*,*,#3967,.F.);
#2304=ORIENTED_EDGE('',*,*,#3968,.F.);
#2305=ORIENTED_EDGE('',*,*,#3969,.T.);
#2306=ORIENTED_EDGE('',*,*,#3970,.F.);
#2307=CARTESIAN_POINT('',(3.85,4.3,2.7));
#2308=DIRECTION('',(5.63221907784678E-16,0.0,1.0));
#2309=DIRECTION('',(1.0,0.0,-5.63221907784678E-16));
#2310=ORIENTED_EDGE('',*,*,#3971,.T.);
#2311=ORIENTED_EDGE('',*,*,#3972,.F.);
#2312=ORIENTED_EDGE('',*,*,#3973,.F.);
#2313=ORIENTED_EDGE('',*,*,#3970,.T.);
#2314=CARTESIAN_POINT('',(1.9,-1.3,2.7));
#2315=DIRECTION('',(0.0,1.0,3.6140072416183E-16));
#2316=DIRECTION('',(0.0,3.6140072416183E-16,-1.0));
#2317=ORIENTED_EDGE('',*,*,#3974,.T.);
#2318=ORIENTED_EDGE('',*,*,#3975,.F.);
#2319=ORIENTED_EDGE('',*,*,#3976,.F.);
#2320=ORIENTED_EDGE('',*,*,#3972,.T.);
#2321=CARTESIAN_POINT('',(1.9,-1.3,2.1));
#2322=DIRECTION('',(0.0,0.316227766016837,0.948683298050514));
#2323=DIRECTION('',(1.0,-0.0,0.0));
#2324=ORIENTED_EDGE('',*,*,#3977,.F.);
#2325=ORIENTED_EDGE('',*,*,#3978,.T.);
#2326=ORIENTED_EDGE('',*,*,#3979,.F.);
#2327=ORIENTED_EDGE('',*,*,#3980,.F.);
#2328=ORIENTED_EDGE('',*,*,#3981,.F.);
#2329=ORIENTED_EDGE('',*,*,#3982,.T.);
#2330=ORIENTED_EDGE('',*,*,#3983,.F.);
#2331=ORIENTED_EDGE('',*,*,#3984,.F.);
#2332=ORIENTED_EDGE('',*,*,#3985,.F.);
#2333=ORIENTED_EDGE('',*,*,#3986,.T.);
#2334=ORIENTED_EDGE('',*,*,#3987,.F.);
#2335=ORIENTED_EDGE('',*,*,#3988,.F.);
#2336=ORIENTED_EDGE('',*,*,#3989,.T.);
#2337=ORIENTED_EDGE('',*,*,#3761,.F.);
#2338=ORIENTED_EDGE('',*,*,#3990,.F.);
#2339=ORIENTED_EDGE('',*,*,#3991,.F.);
#2340=ORIENTED_EDGE('',*,*,#3992,.T.);
#2341=ORIENTED_EDGE('',*,*,#3766,.F.);
#2342=ORIENTED_EDGE('',*,*,#3993,.F.);
#2343=ORIENTED_EDGE('',*,*,#3975,.T.);
#2344=CARTESIAN_POINT('',(1.9,-0.4,1.8));
#2345=DIRECTION('',(0.0,0.0,1.0));
#2346=DIRECTION('',(1.0,0.0,0.0));
#2347=ORIENTED_EDGE('',*,*,#3973,.T.);
#2348=ORIENTED_EDGE('',*,*,#3976,.T.);
#2349=ORIENTED_EDGE('',*,*,#3993,.T.);
#2350=ORIENTED_EDGE('',*,*,#3765,.T.);
#2351=ORIENTED_EDGE('',*,*,#3994,.F.);
#2352=ORIENTED_EDGE('',*,*,#3995,.T.);
#2353=ORIENTED_EDGE('',*,*,#3962,.T.);
#2354=CARTESIAN_POINT('',(1.9,0.0,0.0));
#2355=DIRECTION('',(1.0,0.0,0.0));
#2356=DIRECTION('',(0.0,1.0,0.0));
#2357=ORIENTED_EDGE('',*,*,#3971,.F.);
#2358=ORIENTED_EDGE('',*,*,#3969,.F.);
#2359=ORIENTED_EDGE('',*,*,#3996,.F.);
#2360=ORIENTED_EDGE('',*,*,#3997,.F.);
#2361=ORIENTED_EDGE('',*,*,#3762,.F.);
#2362=ORIENTED_EDGE('',*,*,#3989,.F.);
#2363=ORIENTED_EDGE('',*,*,#3974,.F.);
#2364=CARTESIAN_POINT('',(-1.9,0.0,0.0));
#2365=DIRECTION('',(1.0,0.0,0.0));
#2366=DIRECTION('',(0.0,1.0,0.0));
#2367=ORIENTED_EDGE('',*,*,#3798,.F.);
#2368=ORIENTED_EDGE('',*,*,#3783,.T.);
#2369=ORIENTED_EDGE('',*,*,#3803,.T.);
#2370=ORIENTED_EDGE('',*,*,#3998,.F.);
#2371=ORIENTED_EDGE('',*,*,#3791,.F.);
#2372=ORIENTED_EDGE('',*,*,#3780,.T.);
#2373=ORIENTED_EDGE('',*,*,#3796,.T.);
#2374=ORIENTED_EDGE('',*,*,#3999,.F.);
#2375=ORIENTED_EDGE('',*,*,#4000,.T.);
#2376=ORIENTED_EDGE('',*,*,#4001,.F.);
#2377=ORIENTED_EDGE('',*,*,#3865,.F.);
#2378=ORIENTED_EDGE('',*,*,#3862,.F.);
#2379=ORIENTED_EDGE('',*,*,#4002,.F.);
#2380=ORIENTED_EDGE('',*,*,#3939,.F.);
#2381=ORIENTED_EDGE('',*,*,#3593,.F.);
#2382=ORIENTED_EDGE('',*,*,#3951,.F.);
#2383=ORIENTED_EDGE('',*,*,#4003,.F.);
#2384=ORIENTED_EDGE('',*,*,#3851,.F.);
#2385=ORIENTED_EDGE('',*,*,#3936,.T.);
#2386=ORIENTED_EDGE('',*,*,#4004,.F.);
#2387=ORIENTED_EDGE('',*,*,#4005,.F.);
#2388=ORIENTED_EDGE('',*,*,#4006,.F.);
#2389=ORIENTED_EDGE('',*,*,#3784,.F.);
#2390=ORIENTED_EDGE('',*,*,#3777,.T.);
#2391=ORIENTED_EDGE('',*,*,#3789,.T.);
#2392=ORIENTED_EDGE('',*,*,#4007,.F.);
#2393=CARTESIAN_POINT('',(2.025,0.0,0.749999999999996));
#2394=DIRECTION('',(0.0,-3.7021537597066E-16,1.0));
#2395=DIRECTION('',(0.0,-1.0,-3.7021537597066E-16));
#2396=ORIENTED_EDGE('',*,*,#3799,.F.);
#2397=ORIENTED_EDGE('',*,*,#4007,.T.);
#2398=ORIENTED_EDGE('',*,*,#3788,.T.);
#2399=ORIENTED_EDGE('',*,*,#3790,.T.);
#2400=ORIENTED_EDGE('',*,*,#3785,.F.);
#2401=ORIENTED_EDGE('',*,*,#4006,.T.);
#2402=ORIENTED_EDGE('',*,*,#4008,.F.);
#2403=ORIENTED_EDGE('',*,*,#4009,.F.);
#2404=ORIENTED_EDGE('',*,*,#4010,.T.);
#2405=ORIENTED_EDGE('',*,*,#3999,.T.);
#2406=ORIENTED_EDGE('',*,*,#3795,.T.);
#2407=ORIENTED_EDGE('',*,*,#3797,.T.);
#2408=ORIENTED_EDGE('',*,*,#3792,.F.);
#2409=ORIENTED_EDGE('',*,*,#3998,.T.);
#2410=ORIENTED_EDGE('',*,*,#3802,.T.);
#2411=ORIENTED_EDGE('',*,*,#3804,.T.);
#2412=CARTESIAN_POINT('',(2.025,2.05,0.749999999999997));
#2413=DIRECTION('',(0.0,-0.707106781186548,0.707106781186547));
#2414=DIRECTION('',(-1.0,0.0,0.0));
#2415=ORIENTED_EDGE('',*,*,#4011,.T.);
#2416=ORIENTED_EDGE('',*,*,#4009,.T.);
#2417=ORIENTED_EDGE('',*,*,#4012,.F.);
#2418=ORIENTED_EDGE('',*,*,#3991,.T.);
#2419=CARTESIAN_POINT('',(2.025,2.5,1.2));
#2420=DIRECTION('',(0.0,-1.0,-7.22801448323671E-16));
#2421=DIRECTION('',(0.0,7.22801448323671E-16,-1.0));
#2422=ORIENTED_EDGE('',*,*,#4013,.F.);
#2423=ORIENTED_EDGE('',*,*,#4014,.T.);
#2424=ORIENTED_EDGE('',*,*,#3767,.F.);
#2425=ORIENTED_EDGE('',*,*,#3992,.F.);
#2426=ORIENTED_EDGE('',*,*,#4012,.T.);
#2427=ORIENTED_EDGE('',*,*,#4008,.T.);
#2428=ORIENTED_EDGE('',*,*,#4005,.T.);
#2429=CARTESIAN_POINT('',(2.025,0.0,0.0));
#2430=DIRECTION('',(1.0,0.0,0.0));
#2431=DIRECTION('',(0.0,1.0,0.0));
#2432=ORIENTED_EDGE('',*,*,#4015,.F.);
#2433=ORIENTED_EDGE('',*,*,#4000,.F.);
#2434=ORIENTED_EDGE('',*,*,#4010,.F.);
#2435=ORIENTED_EDGE('',*,*,#4011,.F.);
#2436=ORIENTED_EDGE('',*,*,#3990,.T.);
#2437=ORIENTED_EDGE('',*,*,#3760,.T.);
#2438=ORIENTED_EDGE('',*,*,#4016,.F.);
#2439=CARTESIAN_POINT('',(-2.025,0.0,0.0));
#2440=DIRECTION('',(1.0,0.0,0.0));
#2441=DIRECTION('',(0.0,1.0,0.0));
#2442=ORIENTED_EDGE('',*,*,#4017,.F.);
#2443=ORIENTED_EDGE('',*,*,#4018,.T.);
#2444=ORIENTED_EDGE('',*,*,#3967,.T.);
#2445=ORIENTED_EDGE('',*,*,#3942,.T.);
#2446=ORIENTED_EDGE('',*,*,#4019,.T.);
#2447=ORIENTED_EDGE('',*,*,#3857,.F.);
#2448=ORIENTED_EDGE('',*,*,#4020,.T.);
#2449=ORIENTED_EDGE('',*,*,#3569,.T.);
#2450=CARTESIAN_POINT('',(-2.97500000000001,-1.33226762955019E-15,-24.03));
#2451=DIRECTION('',(1.0,-2.58913951638329E-16,0.0));
#2452=DIRECTION('',(-2.58913951638329E-16,-1.0,0.0));
#2453=ORIENTED_EDGE('',*,*,#3946,.T.);
#2454=ORIENTED_EDGE('',*,*,#3835,.T.);
#2455=ORIENTED_EDGE('',*,*,#3937,.F.);
#2456=ORIENTED_EDGE('',*,*,#4002,.T.);
#2457=ORIENTED_EDGE('',*,*,#4021,.T.);
#2458=CARTESIAN_POINT('',(-3.12500000000001,3.35,-24.03));
#2459=DIRECTION('',(0.0,0.0,-1.0));
#2460=DIRECTION('',(1.0,0.0,0.0));
#2461=ORIENTED_EDGE('',*,*,#3906,.T.);
#2462=ORIENTED_EDGE('',*,*,#4022,.T.);
#2463=ORIENTED_EDGE('',*,*,#3944,.F.);
#2464=ORIENTED_EDGE('',*,*,#3966,.T.);
#2465=CARTESIAN_POINT('',(-3.275,3.35,-24.03));
#2466=DIRECTION('',(-1.0,1.37676466347366E-16,0.0));
#2467=DIRECTION('',(0.0,0.0,1.0));
#2468=ORIENTED_EDGE('',*,*,#3929,.T.);
#2469=ORIENTED_EDGE('',*,*,#4023,.T.);
#2470=ORIENTED_EDGE('',*,*,#3959,.T.);
#2471=ORIENTED_EDGE('',*,*,#3965,.T.);
#2472=ORIENTED_EDGE('',*,*,#4024,.T.);
#2473=ORIENTED_EDGE('',*,*,#4025,.T.);
#2474=ORIENTED_EDGE('',*,*,#3770,.T.);
#2475=ORIENTED_EDGE('',*,*,#3617,.T.);
#2476=ORIENTED_EDGE('',*,*,#3772,.T.);
#2477=ORIENTED_EDGE('',*,*,#4026,.T.);
#2478=CARTESIAN_POINT('',(3.85,0.199999999999996,-24.03));
#2479=DIRECTION('',(5.75098543666225E-15,1.0,0.0));
#2480=DIRECTION('',(1.0,-5.75098543666225E-15,0.0));
#2481=ORIENTED_EDGE('',*,*,#3953,.T.);
#2482=ORIENTED_EDGE('',*,*,#4027,.T.);
#2483=ORIENTED_EDGE('',*,*,#4024,.F.);
#2484=ORIENTED_EDGE('',*,*,#3964,.T.);
#2485=CARTESIAN_POINT('',(3.275,0.199999999999999,-24.03));
#2486=DIRECTION('',(1.0,1.37676466347366E-16,0.0));
#2487=DIRECTION('',(-1.37676466347366E-16,1.0,0.0));
#2488=ORIENTED_EDGE('',*,*,#3950,.T.);
#2489=ORIENTED_EDGE('',*,*,#3808,.T.);
#2490=ORIENTED_EDGE('',*,*,#3931,.F.);
#2491=ORIENTED_EDGE('',*,*,#4028,.T.);
#2492=ORIENTED_EDGE('',*,*,#4003,.T.);
#2493=CARTESIAN_POINT('',(3.125,3.35,-24.03));
#2494=DIRECTION('',(0.0,0.0,-1.0));
#2495=DIRECTION('',(1.0,0.0,0.0));
#2496=ORIENTED_EDGE('',*,*,#3774,.T.);
#2497=ORIENTED_EDGE('',*,*,#4029,.T.);
#2498=ORIENTED_EDGE('',*,*,#3955,.T.);
#2499=ORIENTED_EDGE('',*,*,#3890,.F.);
#2500=ORIENTED_EDGE('',*,*,#4030,.T.);
#2501=ORIENTED_EDGE('',*,*,#3852,.T.);
#2502=ORIENTED_EDGE('',*,*,#4028,.F.);
#2503=ORIENTED_EDGE('',*,*,#3930,.F.);
#2504=ORIENTED_EDGE('',*,*,#4026,.F.);
#2505=CARTESIAN_POINT('',(2.575,3.5,0.749999999999996));
#2506=DIRECTION('',(1.35525271560688E-16,0.0,-1.0));
#2507=DIRECTION('',(0.0,-1.0,0.0));
#2508=ORIENTED_EDGE('',*,*,#4025,.F.);
#2509=ORIENTED_EDGE('',*,*,#4027,.F.);
#2510=ORIENTED_EDGE('',*,*,#3952,.F.);
#2511=ORIENTED_EDGE('',*,*,#3854,.T.);
#2512=ORIENTED_EDGE('',*,*,#4031,.F.);
#2513=ORIENTED_EDGE('',*,*,#3888,.T.);
#2514=ORIENTED_EDGE('',*,*,#3957,.T.);
#2515=ORIENTED_EDGE('',*,*,#4032,.T.);
#2516=ORIENTED_EDGE('',*,*,#3771,.F.);
#2517=CARTESIAN_POINT('',(3.375,3.5,2.05));
#2518=DIRECTION('',(0.0,0.0,1.0));
#2519=DIRECTION('',(1.0,0.0,0.0));
#2520=ORIENTED_EDGE('',*,*,#3903,.F.);
#2521=ORIENTED_EDGE('',*,*,#3947,.F.);
#2522=ORIENTED_EDGE('',*,*,#4021,.F.);
#2523=ORIENTED_EDGE('',*,*,#3861,.T.);
#2524=ORIENTED_EDGE('',*,*,#4033,.F.);
#2525=ORIENTED_EDGE('',*,*,#3882,.T.);
#2526=ORIENTED_EDGE('',*,*,#3900,.F.);
#2527=ORIENTED_EDGE('',*,*,#4034,.F.);
#2528=ORIENTED_EDGE('',*,*,#3754,.F.);
#2529=CARTESIAN_POINT('',(-3.375,3.5,0.749999999999996));
#2530=DIRECTION('',(-1.35525271560688E-16,0.0,-1.0));
#2531=DIRECTION('',(-1.0,0.0,1.35525271560688E-16));
#2532=ORIENTED_EDGE('',*,*,#3858,.T.);
#2533=ORIENTED_EDGE('',*,*,#4019,.F.);
#2534=ORIENTED_EDGE('',*,*,#3941,.F.);
#2535=CARTESIAN_POINT('',(-2.575,3.5,2.05));
#2536=DIRECTION('',(0.0,0.0,1.0));
#2537=DIRECTION('',(1.0,0.0,0.0));
#2538=ORIENTED_EDGE('',*,*,#3940,.F.);
#2539=ORIENTED_EDGE('',*,*,#4022,.F.);
#2540=ORIENTED_EDGE('',*,*,#3905,.F.);
#2541=ORIENTED_EDGE('',*,*,#3909,.T.);
#2542=ORIENTED_EDGE('',*,*,#4035,.T.);
#2543=ORIENTED_EDGE('',*,*,#3898,.F.);
#2544=ORIENTED_EDGE('',*,*,#3884,.F.);
#2545=ORIENTED_EDGE('',*,*,#4036,.F.);
#2546=ORIENTED_EDGE('',*,*,#3859,.T.);
#2547=CARTESIAN_POINT('',(-2.575,3.5,2.05));
#2548=DIRECTION('',(0.0,0.0,1.0));
#2549=DIRECTION('',(1.0,0.0,0.0));
#2550=ORIENTED_EDGE('',*,*,#3759,.T.);
#2551=ORIENTED_EDGE('',*,*,#3572,.T.);
#2552=ORIENTED_EDGE('',*,*,#3867,.F.);
#2553=ORIENTED_EDGE('',*,*,#4037,.T.);
#2554=ORIENTED_EDGE('',*,*,#4016,.T.);
#2555=CARTESIAN_POINT('',(-2.025,1.35,1.45000000000008));
#2556=DIRECTION('',(1.37989367407246E-14,0.0,1.0));
#2557=DIRECTION('',(1.0,0.0,-1.37989367407246E-14));
#2558=ORIENTED_EDGE('',*,*,#3866,.T.);
#2559=ORIENTED_EDGE('',*,*,#4001,.T.);
#2560=ORIENTED_EDGE('',*,*,#4015,.T.);
#2561=ORIENTED_EDGE('',*,*,#4037,.F.);
#2562=CARTESIAN_POINT('',(0.0,1.35,0.0));
#2563=DIRECTION('',(0.0,-1.0,0.0));
#2564=DIRECTION('',(0.0,0.0,-1.0));
#2565=ORIENTED_EDGE('',*,*,#3583,.T.);
#2566=ORIENTED_EDGE('',*,*,#3768,.T.);
#2567=ORIENTED_EDGE('',*,*,#4014,.F.);
#2568=ORIENTED_EDGE('',*,*,#4038,.T.);
#2569=ORIENTED_EDGE('',*,*,#3934,.T.);
#2570=CARTESIAN_POINT('',(2.575,1.35,1.45000000000001));
#2571=DIRECTION('',(1.41931920761738E-14,0.0,1.0));
#2572=DIRECTION('',(1.0,0.0,-1.41931920761738E-14));
#2573=ORIENTED_EDGE('',*,*,#4013,.T.);
#2574=ORIENTED_EDGE('',*,*,#4004,.T.);
#2575=ORIENTED_EDGE('',*,*,#3935,.T.);
#2576=ORIENTED_EDGE('',*,*,#4038,.F.);
#2577=CARTESIAN_POINT('',(-2.74771008642115E-46,1.35,8.76649924972605E-33));
#2578=DIRECTION('',(3.38865360216972E-30,-1.0,-1.08114132592841E-16));
#2579=DIRECTION('',(0.0,1.08114132592841E-16,-1.0));
#2580=ORIENTED_EDGE('',*,*,#4032,.F.);
#2581=ORIENTED_EDGE('',*,*,#3956,.T.);
#2582=ORIENTED_EDGE('',*,*,#4029,.F.);
#2583=ORIENTED_EDGE('',*,*,#3773,.F.);
#2584=ORIENTED_EDGE('',*,*,#3559,.F.);
#2585=ORIENTED_EDGE('',*,*,#3769,.F.);
#2586=CARTESIAN_POINT('',(-1.8425,0.95,2.05));
#2587=DIRECTION('',(0.0,-1.0,-2.50200501342809E-16));
#2588=DIRECTION('',(0.0,2.50200501342809E-16,-1.0));
#2589=ORIENTED_EDGE('',*,*,#4030,.F.);
#2590=ORIENTED_EDGE('',*,*,#3889,.F.);
#2591=ORIENTED_EDGE('',*,*,#4031,.T.);
#2592=ORIENTED_EDGE('',*,*,#3853,.F.);
#2593=CARTESIAN_POINT('',(3.275,0.199999999999999,-24.03));
#2594=DIRECTION('',(1.0,1.37676466347366E-16,0.0));
#2595=DIRECTION('',(-1.37676466347366E-16,1.0,0.0));
#2596=ORIENTED_EDGE('',*,*,#3932,.T.);
#2597=ORIENTED_EDGE('',*,*,#3806,.F.);
#2598=ORIENTED_EDGE('',*,*,#3961,.T.);
#2599=ORIENTED_EDGE('',*,*,#4039,.T.);
#2600=CARTESIAN_POINT('',(-1.8425,2.3,0.3));
#2601=DIRECTION('',(0.0,-0.263117405792109,0.964763821237732));
#2602=DIRECTION('',(-1.0,0.0,0.0));
#2603=ORIENTED_EDGE('',*,*,#3928,.T.);
#2604=ORIENTED_EDGE('',*,*,#4039,.F.);
#2605=ORIENTED_EDGE('',*,*,#3960,.T.);
#2606=ORIENTED_EDGE('',*,*,#4023,.F.);
#2607=CARTESIAN_POINT('',(-1.8425,1.75,0.15));
#2608=DIRECTION('',(0.0,0.0,1.0));
#2609=DIRECTION('',(1.0,0.0,0.0));
#2610=ORIENTED_EDGE('',*,*,#3908,.T.);
#2611=ORIENTED_EDGE('',*,*,#3544,.T.);
#2612=ORIENTED_EDGE('',*,*,#3755,.T.);
#2613=ORIENTED_EDGE('',*,*,#4034,.T.);
#2614=ORIENTED_EDGE('',*,*,#3899,.F.);
#2615=ORIENTED_EDGE('',*,*,#4035,.F.);
#2616=CARTESIAN_POINT('',(1.8425,0.95,2.05));
#2617=DIRECTION('',(0.0,1.0,2.50200501342809E-16));
#2618=DIRECTION('',(0.0,2.50200501342809E-16,-1.0));
#2619=ORIENTED_EDGE('',*,*,#4036,.T.);
#2620=ORIENTED_EDGE('',*,*,#3883,.T.);
#2621=ORIENTED_EDGE('',*,*,#4033,.T.);
#2622=ORIENTED_EDGE('',*,*,#3860,.F.);
#2623=CARTESIAN_POINT('',(-3.275,0.199999999999999,-24.03));
#2624=DIRECTION('',(-1.0,1.37676466347366E-16,0.0));
#2625=DIRECTION('',(0.0,0.0,1.0));
#2626=ORIENTED_EDGE('',*,*,#4040,.F.);
#2627=ORIENTED_EDGE('',*,*,#3894,.F.);
#2628=ORIENTED_EDGE('',*,*,#3823,.T.);
#2629=ORIENTED_EDGE('',*,*,#3945,.F.);
#2630=CARTESIAN_POINT('',(1.8425,2.3,0.3));
#2631=DIRECTION('',(0.0,0.263117405792109,-0.964763821237732));
#2632=DIRECTION('',(-1.0,0.0,0.0));
#2633=ORIENTED_EDGE('',*,*,#3901,.T.);
#2634=ORIENTED_EDGE('',*,*,#3895,.F.);
#2635=ORIENTED_EDGE('',*,*,#4040,.T.);
#2636=ORIENTED_EDGE('',*,*,#3948,.F.);
#2637=CARTESIAN_POINT('',(1.8425,1.75,0.15));
#2638=DIRECTION('',(0.0,0.0,-1.0));
#2639=DIRECTION('',(0.0,-1.0,0.0));
#2640=ORIENTED_EDGE('',*,*,#3918,.T.);
#2641=ORIENTED_EDGE('',*,*,#4041,.T.);
#2642=ORIENTED_EDGE('',*,*,#3810,.F.);
#2643=ORIENTED_EDGE('',*,*,#3949,.F.);
#2644=CARTESIAN_POINT('',(3.85,2.73000000000001,2.97000000000003));
#2645=DIRECTION('',(-2.62836890299516E-16,-1.0,0.0));
#2646=DIRECTION('',(-1.0,2.62836890299516E-16,0.0));
#2647=ORIENTED_EDGE('',*,*,#4042,.F.);
#2648=ORIENTED_EDGE('',*,*,#3912,.T.);
#2649=ORIENTED_EDGE('',*,*,#4043,.T.);
#2650=ORIENTED_EDGE('',*,*,#3816,.F.);
#2651=CARTESIAN_POINT('',(2.2,3.87000000000001,2.97000000000003));
#2652=DIRECTION('',(9.13012355777267E-16,1.0,0.0));
#2653=DIRECTION('',(1.0,-9.13012355777267E-16,0.0));
#2654=ORIENTED_EDGE('',*,*,#4043,.F.);
#2655=ORIENTED_EDGE('',*,*,#3911,.T.);
#2656=ORIENTED_EDGE('',*,*,#3892,.F.);
#2657=ORIENTED_EDGE('',*,*,#3817,.F.);
#2658=CARTESIAN_POINT('',(3.15,3.87000000000001,2.97000000000003));
#2659=DIRECTION('',(-1.0,-1.00856016045163E-15,0.0));
#2660=DIRECTION('',(-1.00856016045163E-15,1.0,0.0));
#2661=ORIENTED_EDGE('',*,*,#4041,.F.);
#2662=ORIENTED_EDGE('',*,*,#3917,.T.);
#2663=ORIENTED_EDGE('',*,*,#4044,.T.);
#2664=ORIENTED_EDGE('',*,*,#3811,.F.);
#2665=CARTESIAN_POINT('',(2.2,2.73000000000001,2.97000000000003));
#2666=DIRECTION('',(-1.0,0.0,0.0));
#2667=DIRECTION('',(0.0,0.0,1.0));
#2668=ORIENTED_EDGE('',*,*,#4044,.F.);
#2669=ORIENTED_EDGE('',*,*,#3916,.T.);
#2670=ORIENTED_EDGE('',*,*,#4045,.T.);
#2671=ORIENTED_EDGE('',*,*,#3812,.F.);
#2672=CARTESIAN_POINT('',(2.2,2.9,2.97000000000003));
#2673=DIRECTION('',(0.0,-1.0,0.0));
#2674=DIRECTION('',(0.0,0.0,-1.0));
#2675=ORIENTED_EDGE('',*,*,#4046,.F.);
#2676=ORIENTED_EDGE('',*,*,#3913,.T.);
#2677=ORIENTED_EDGE('',*,*,#4042,.T.);
#2678=ORIENTED_EDGE('',*,*,#3815,.F.);
#2679=CARTESIAN_POINT('',(2.2,3.70000000000001,2.97000000000003));
#2680=DIRECTION('',(-1.0,0.0,0.0));
#2681=DIRECTION('',(0.0,0.0,1.0));
#2682=ORIENTED_EDGE('',*,*,#4045,.F.);
#2683=ORIENTED_EDGE('',*,*,#3915,.T.);
#2684=ORIENTED_EDGE('',*,*,#4047,.T.);
#2685=ORIENTED_EDGE('',*,*,#3813,.F.);
#2686=CARTESIAN_POINT('',(1.75,2.9,2.97000000000003));
#2687=DIRECTION('',(-1.0,5.42101086242747E-16,0.0));
#2688=DIRECTION('',(0.0,0.0,1.0));
#2689=ORIENTED_EDGE('',*,*,#4047,.F.);
#2690=ORIENTED_EDGE('',*,*,#3914,.T.);
#2691=ORIENTED_EDGE('',*,*,#4046,.T.);
#2692=ORIENTED_EDGE('',*,*,#3814,.F.);
#2693=CARTESIAN_POINT('',(1.75,3.70000000000001,2.97000000000003));
#2694=DIRECTION('',(1.92747052886312E-15,1.0,0.0));
#2695=DIRECTION('',(1.0,-1.92747052886312E-15,0.0));
#2696=ORIENTED_EDGE('',*,*,#3833,.F.);
#2697=ORIENTED_EDGE('',*,*,#4048,.F.);
#2698=ORIENTED_EDGE('',*,*,#3921,.T.);
#2699=ORIENTED_EDGE('',*,*,#3938,.F.);
#2700=CARTESIAN_POINT('',(-2.2,2.73000000000001,2.97000000000003));
#2701=DIRECTION('',(2.62836890299516E-16,-1.0,0.0));
#2702=DIRECTION('',(0.0,0.0,-1.0));
#2703=ORIENTED_EDGE('',*,*,#3880,.T.);
#2704=ORIENTED_EDGE('',*,*,#3910,.T.);
#2705=ORIENTED_EDGE('',*,*,#4049,.T.);
#2706=ORIENTED_EDGE('',*,*,#3826,.F.);
#2707=CARTESIAN_POINT('',(-3.15,4.30000000000001,2.97000000000003));
#2708=DIRECTION('',(1.0,-1.00856016045163E-15,0.0));
#2709=DIRECTION('',(-1.00856016045163E-15,-1.0,0.0));
#2710=ORIENTED_EDGE('',*,*,#4049,.F.);
#2711=ORIENTED_EDGE('',*,*,#3927,.T.);
#2712=ORIENTED_EDGE('',*,*,#4050,.T.);
#2713=ORIENTED_EDGE('',*,*,#3827,.F.);
#2714=CARTESIAN_POINT('',(-3.15,3.87000000000001,2.97000000000003));
#2715=DIRECTION('',(-9.13012355777267E-16,1.0,0.0));
#2716=DIRECTION('',(1.0,9.13012355777267E-16,-0.0));
#2717=ORIENTED_EDGE('',*,*,#4050,.F.);
#2718=ORIENTED_EDGE('',*,*,#3926,.T.);
#2719=ORIENTED_EDGE('',*,*,#4051,.T.);
#2720=ORIENTED_EDGE('',*,*,#3828,.F.);
#2721=CARTESIAN_POINT('',(-2.2,3.87000000000001,2.97000000000003));
#2722=DIRECTION('',(1.0,0.0,0.0));
#2723=DIRECTION('',(0.0,1.0,0.0));
#2724=ORIENTED_EDGE('',*,*,#4051,.F.);
#2725=ORIENTED_EDGE('',*,*,#3925,.T.);
#2726=ORIENTED_EDGE('',*,*,#4052,.T.);
#2727=ORIENTED_EDGE('',*,*,#3829,.F.);
#2728=CARTESIAN_POINT('',(-2.2,3.70000000000001,2.97000000000003));
#2729=DIRECTION('',(3.85494105772624E-15,1.0,0.0));
#2730=DIRECTION('',(1.0,-3.85494105772624E-15,0.0));
#2731=ORIENTED_EDGE('',*,*,#4052,.F.);
#2732=ORIENTED_EDGE('',*,*,#3924,.T.);
#2733=ORIENTED_EDGE('',*,*,#4053,.T.);
#2734=ORIENTED_EDGE('',*,*,#3830,.F.);
#2735=CARTESIAN_POINT('',(-1.75,3.70000000000001,2.97000000000003));
#2736=DIRECTION('',(1.0,5.42101086242747E-16,0.0));
#2737=DIRECTION('',(-5.42101086242747E-16,1.0,0.0));
#2738=ORIENTED_EDGE('',*,*,#4053,.F.);
#2739=ORIENTED_EDGE('',*,*,#3923,.T.);
#2740=ORIENTED_EDGE('',*,*,#4054,.T.);
#2741=ORIENTED_EDGE('',*,*,#3831,.F.);
#2742=CARTESIAN_POINT('',(-1.75,2.9,2.97000000000003));
#2743=DIRECTION('',(0.0,-1.0,0.0));
#2744=DIRECTION('',(0.0,0.0,-1.0));
#2745=ORIENTED_EDGE('',*,*,#4054,.F.);
#2746=ORIENTED_EDGE('',*,*,#3922,.T.);
#2747=ORIENTED_EDGE('',*,*,#4048,.T.);
#2748=ORIENTED_EDGE('',*,*,#3832,.F.);
#2749=CARTESIAN_POINT('',(-2.2,2.9,2.97000000000003));
#2750=DIRECTION('',(1.0,0.0,0.0));
#2751=DIRECTION('',(0.0,1.0,0.0));
#2752=ORIENTED_EDGE('',*,*,#3856,.F.);
#2753=ORIENTED_EDGE('',*,*,#3864,.T.);
#2754=ORIENTED_EDGE('',*,*,#3570,.F.);
#2755=ORIENTED_EDGE('',*,*,#4020,.F.);
#2756=CARTESIAN_POINT('',(-2.97499999999995,34.65,1.95000000000007));
#2757=DIRECTION('',(-1.35525271560688E-14,0.0,-1.0));
#2758=DIRECTION('',(-1.0,0.0,1.35525271560688E-14));
#2759=ORIENTED_EDGE('',*,*,#3849,.F.);
#2760=ORIENTED_EDGE('',*,*,#3842,.T.);
#2761=ORIENTED_EDGE('',*,*,#3585,.F.);
#2762=ORIENTED_EDGE('',*,*,#3933,.F.);
#2763=CARTESIAN_POINT('',(2.575,34.65,1.95));
#2764=DIRECTION('',(-1.35525271560688E-14,0.0,-1.0));
#2765=DIRECTION('',(-1.0,0.0,1.35525271560688E-14));
#2766=ORIENTED_EDGE('',*,*,#3963,.T.);
#2767=ORIENTED_EDGE('',*,*,#3995,.F.);
#2768=ORIENTED_EDGE('',*,*,#4055,.T.);
#2769=ORIENTED_EDGE('',*,*,#3847,.T.);
#2770=CARTESIAN_POINT('',(2.975,0.79999999999998,2.44999999999999));
#2771=DIRECTION('',(6.35392901084528E-15,1.0,0.0));
#2772=DIRECTION('',(1.0,-6.35392901084528E-15,0.0));
#2773=ORIENTED_EDGE('',*,*,#3994,.T.);
#2774=ORIENTED_EDGE('',*,*,#3764,.T.);
#2775=ORIENTED_EDGE('',*,*,#3587,.T.);
#2776=ORIENTED_EDGE('',*,*,#3841,.T.);
#2777=ORIENTED_EDGE('',*,*,#4055,.F.);
#2778=CARTESIAN_POINT('',(0.0,0.0,2.44999999999999));
#2779=DIRECTION('',(0.0,0.0,1.0));
#2780=DIRECTION('',(1.0,0.0,0.0));
#2781=ORIENTED_EDGE('',*,*,#3968,.T.);
#2782=ORIENTED_EDGE('',*,*,#4018,.F.);
#2783=ORIENTED_EDGE('',*,*,#4056,.T.);
#2784=ORIENTED_EDGE('',*,*,#3996,.T.);
#2785=CARTESIAN_POINT('',(-1.89999999999999,0.800000000000008,2.44999999999999));
#2786=DIRECTION('',(5.04280080225816E-15,1.0,0.0));
#2787=DIRECTION('',(1.0,-5.04280080225816E-15,0.0));
#2788=ORIENTED_EDGE('',*,*,#4017,.T.);
#2789=ORIENTED_EDGE('',*,*,#3568,.T.);
#2790=ORIENTED_EDGE('',*,*,#3763,.T.);
#2791=ORIENTED_EDGE('',*,*,#3997,.T.);
#2792=ORIENTED_EDGE('',*,*,#4056,.F.);
#2793=CARTESIAN_POINT('',(0.0,0.0,2.44999999999999));
#2794=DIRECTION('',(0.0,0.0,1.0));
#2795=DIRECTION('',(1.0,0.0,0.0));
#2796=ORIENTED_EDGE('',*,*,#3532,.T.);
#2797=ORIENTED_EDGE('',*,*,#4057,.F.);
#2798=ORIENTED_EDGE('',*,*,#4058,.T.);
#2799=ORIENTED_EDGE('',*,*,#4059,.T.);
#2800=CARTESIAN_POINT('',(1.16,0.450000000000001,1.7));
#2801=DIRECTION('',(1.0,-0.0,0.0));
#2802=DIRECTION('',(0.0,0.0,1.0));
#2803=ORIENTED_EDGE('',*,*,#4060,.T.);
#2804=ORIENTED_EDGE('',*,*,#4061,.F.);
#2805=ORIENTED_EDGE('',*,*,#4062,.F.);
#2806=ORIENTED_EDGE('',*,*,#3534,.T.);
#2807=CARTESIAN_POINT('',(1.16,0.550000000000001,1.7));
#2808=DIRECTION('',(0.0,-1.0,0.0));
#2809=DIRECTION('',(0.0,0.0,-1.0));
#2810=ORIENTED_EDGE('',*,*,#3986,.F.);
#2811=ORIENTED_EDGE('',*,*,#4063,.T.);
#2812=ORIENTED_EDGE('',*,*,#4057,.T.);
#2813=ORIENTED_EDGE('',*,*,#3535,.T.);
#2814=ORIENTED_EDGE('',*,*,#4062,.T.);
#2815=ORIENTED_EDGE('',*,*,#4064,.T.);
#2816=CARTESIAN_POINT('',(1.16,0.1,1.99999999999999));
#2817=DIRECTION('',(1.0,0.0,0.0));
#2818=DIRECTION('',(0.0,1.0,0.0));
#2819=ORIENTED_EDGE('',*,*,#4065,.F.);
#2820=ORIENTED_EDGE('',*,*,#3988,.T.);
#2821=ORIENTED_EDGE('',*,*,#4066,.F.);
#2822=ORIENTED_EDGE('',*,*,#4060,.F.);
#2823=ORIENTED_EDGE('',*,*,#3533,.F.);
#2824=ORIENTED_EDGE('',*,*,#4059,.F.);
#2825=CARTESIAN_POINT('',(0.84,0.1,1.99999999999999));
#2826=DIRECTION('',(1.0,0.0,0.0));
#2827=DIRECTION('',(0.0,1.0,0.0));
#2828=ORIENTED_EDGE('',*,*,#4066,.T.);
#2829=ORIENTED_EDGE('',*,*,#3987,.T.);
#2830=ORIENTED_EDGE('',*,*,#4064,.F.);
#2831=ORIENTED_EDGE('',*,*,#4061,.T.);
#2832=CARTESIAN_POINT('',(1.16,0.550000000000001,1.76999999999999));
#2833=DIRECTION('',(0.0,-0.0627046641347963,0.998032126284391));
#2834=DIRECTION('',(-1.0,0.0,0.0));
#2835=ORIENTED_EDGE('',*,*,#4063,.F.);
#2836=ORIENTED_EDGE('',*,*,#3985,.T.);
#2837=ORIENTED_EDGE('',*,*,#4065,.T.);
#2838=ORIENTED_EDGE('',*,*,#4058,.F.);
#2839=CARTESIAN_POINT('',(1.16,0.0349208626544031,1.92407433976346));
#2840=DIRECTION('',(0.0,0.650791373455967,0.759256602365298));
#2841=DIRECTION('',(1.0,-0.0,0.0));
#2842=ORIENTED_EDGE('',*,*,#4067,.F.);
#2843=ORIENTED_EDGE('',*,*,#3876,.T.);
#2844=ORIENTED_EDGE('',*,*,#4068,.T.);
#2845=ORIENTED_EDGE('',*,*,#4069,.F.);
#2846=CARTESIAN_POINT('',(1.16,4.25,0.349999999999997));
#2847=DIRECTION('',(1.0,-0.0,0.0));
#2848=DIRECTION('',(0.0,0.0,1.0));
#2849=ORIENTED_EDGE('',*,*,#4070,.T.);
#2850=ORIENTED_EDGE('',*,*,#3878,.T.);
#2851=ORIENTED_EDGE('',*,*,#4071,.F.);
#2852=ORIENTED_EDGE('',*,*,#4072,.T.);
#2853=CARTESIAN_POINT('',(1.16,4.7,0.929999999999996));
#2854=DIRECTION('',(0.0,0.0,-1.0));
#2855=DIRECTION('',(0.0,-1.0,0.0));
#2856=ORIENTED_EDGE('',*,*,#3877,.F.);
#2857=ORIENTED_EDGE('',*,*,#4067,.T.);
#2858=ORIENTED_EDGE('',*,*,#4073,.T.);
#2859=ORIENTED_EDGE('',*,*,#4074,.T.);
#2860=ORIENTED_EDGE('',*,*,#4075,.T.);
#2861=ORIENTED_EDGE('',*,*,#4076,.T.);
#2862=ORIENTED_EDGE('',*,*,#4077,.T.);
#2863=ORIENTED_EDGE('',*,*,#4078,.T.);
#2864=ORIENTED_EDGE('',*,*,#4079,.T.);
#2865=ORIENTED_EDGE('',*,*,#4071,.T.);
#2866=CARTESIAN_POINT('',(1.16,0.1,1.99999999999999));
#2867=DIRECTION('',(1.0,0.0,0.0));
#2868=DIRECTION('',(0.0,1.0,0.0));
#2869=ORIENTED_EDGE('',*,*,#4068,.F.);
#2870=ORIENTED_EDGE('',*,*,#3879,.T.);
#2871=ORIENTED_EDGE('',*,*,#4070,.F.);
#2872=ORIENTED_EDGE('',*,*,#4080,.F.);
#2873=ORIENTED_EDGE('',*,*,#4081,.F.);
#2874=ORIENTED_EDGE('',*,*,#4082,.F.);
#2875=ORIENTED_EDGE('',*,*,#4083,.F.);
#2876=ORIENTED_EDGE('',*,*,#4084,.F.);
#2877=ORIENTED_EDGE('',*,*,#4085,.F.);
#2878=ORIENTED_EDGE('',*,*,#4086,.F.);
#2879=CARTESIAN_POINT('',(0.84,0.1,1.99999999999999));
#2880=DIRECTION('',(1.0,0.0,0.0));
#2881=DIRECTION('',(0.0,1.0,0.0));
#2882=ORIENTED_EDGE('',*,*,#4086,.T.);
#2883=ORIENTED_EDGE('',*,*,#4087,.F.);
#2884=ORIENTED_EDGE('',*,*,#4073,.F.);
#2885=ORIENTED_EDGE('',*,*,#4069,.T.);
#2886=CARTESIAN_POINT('',(1.16,4.4,0.349999999999996));
#2887=DIRECTION('',(-0.0,1.0,0.0));
#2888=DIRECTION('',(1.0,0.0,0.0));
#2889=ORIENTED_EDGE('',*,*,#4085,.T.);
#2890=ORIENTED_EDGE('',*,*,#4088,.F.);
#2891=ORIENTED_EDGE('',*,*,#4074,.F.);
#2892=ORIENTED_EDGE('',*,*,#4087,.T.);
#2893=CARTESIAN_POINT('',(1.16,4.4,0.149999999999996));
#2894=DIRECTION('',(0.0,0.707106781186545,0.70710678118655));
#2895=DIRECTION('',(1.0,-0.0,0.0));
#2896=ORIENTED_EDGE('',*,*,#4084,.T.);
#2897=ORIENTED_EDGE('',*,*,#4089,.F.);
#2898=ORIENTED_EDGE('',*,*,#4075,.F.);
#2899=ORIENTED_EDGE('',*,*,#4088,.T.);
#2900=CARTESIAN_POINT('',(1.16,4.55,-4.38538094726937E-15));
#2901=DIRECTION('',(0.0,-3.80647894157197E-16,1.0));
#2902=DIRECTION('',(0.0,-1.0,-3.80647894157197E-16));
#2903=ORIENTED_EDGE('',*,*,#4083,.T.);
#2904=ORIENTED_EDGE('',*,*,#4090,.F.);
#2905=ORIENTED_EDGE('',*,*,#4076,.F.);
#2906=ORIENTED_EDGE('',*,*,#4089,.T.);
#2907=CARTESIAN_POINT('',(1.16,6.3,-3.71924713249427E-15));
#2908=DIRECTION('',(0.0,-1.0,5.78241158658937E-15));
#2909=DIRECTION('',(-1.0,0.0,0.0));
#2910=ORIENTED_EDGE('',*,*,#4082,.T.);
#2911=ORIENTED_EDGE('',*,*,#4091,.F.);
#2912=ORIENTED_EDGE('',*,*,#4077,.F.);
#2913=ORIENTED_EDGE('',*,*,#4090,.T.);
#2914=CARTESIAN_POINT('',(1.16,6.3,0.299999999999996));
#2915=DIRECTION('',(0.0,1.93607530800983E-16,-1.0));
#2916=DIRECTION('',(-1.0,0.0,0.0));
#2917=ORIENTED_EDGE('',*,*,#4081,.T.);
#2918=ORIENTED_EDGE('',*,*,#4092,.F.);
#2919=ORIENTED_EDGE('',*,*,#4078,.F.);
#2920=ORIENTED_EDGE('',*,*,#4091,.T.);
#2921=CARTESIAN_POINT('',(1.16,4.9,0.299999999999995));
#2922=DIRECTION('',(0.0,-1.0,0.0));
#2923=DIRECTION('',(0.0,0.0,-1.0));
#2924=ORIENTED_EDGE('',*,*,#4080,.T.);
#2925=ORIENTED_EDGE('',*,*,#4072,.F.);
#2926=ORIENTED_EDGE('',*,*,#4079,.F.);
#2927=ORIENTED_EDGE('',*,*,#4092,.T.);
#2928=CARTESIAN_POINT('',(1.16,4.9,0.729999999999995));
#2929=DIRECTION('',(0.0,-0.707106781186547,-0.707106781186548));
#2930=DIRECTION('',(0.0,-0.707106781186548,0.707106781186547));
#2931=ORIENTED_EDGE('',*,*,#3528,.T.);
#2932=ORIENTED_EDGE('',*,*,#4093,.F.);
#2933=ORIENTED_EDGE('',*,*,#4094,.T.);
#2934=ORIENTED_EDGE('',*,*,#4095,.T.);
#2935=CARTESIAN_POINT('',(-0.84,0.450000000000001,1.7));
#2936=DIRECTION('',(1.0,-0.0,0.0));
#2937=DIRECTION('',(0.0,0.0,1.0));
#2938=ORIENTED_EDGE('',*,*,#4096,.T.);
#2939=ORIENTED_EDGE('',*,*,#4097,.F.);
#2940=ORIENTED_EDGE('',*,*,#4098,.F.);
#2941=ORIENTED_EDGE('',*,*,#3530,.T.);
#2942=CARTESIAN_POINT('',(-0.84,0.550000000000001,1.7));
#2943=DIRECTION('',(0.0,-1.0,0.0));
#2944=DIRECTION('',(0.0,0.0,-1.0));
#2945=ORIENTED_EDGE('',*,*,#3982,.F.);
#2946=ORIENTED_EDGE('',*,*,#4099,.T.);
#2947=ORIENTED_EDGE('',*,*,#4093,.T.);
#2948=ORIENTED_EDGE('',*,*,#3531,.T.);
#2949=ORIENTED_EDGE('',*,*,#4098,.T.);
#2950=ORIENTED_EDGE('',*,*,#4100,.T.);
#2951=CARTESIAN_POINT('',(-0.84,0.1,1.99999999999999));
#2952=DIRECTION('',(1.0,0.0,0.0));
#2953=DIRECTION('',(0.0,1.0,0.0));
#2954=ORIENTED_EDGE('',*,*,#4101,.F.);
#2955=ORIENTED_EDGE('',*,*,#3984,.T.);
#2956=ORIENTED_EDGE('',*,*,#4102,.F.);
#2957=ORIENTED_EDGE('',*,*,#4096,.F.);
#2958=ORIENTED_EDGE('',*,*,#3529,.F.);
#2959=ORIENTED_EDGE('',*,*,#4095,.F.);
#2960=CARTESIAN_POINT('',(-1.16,0.1,1.99999999999999));
#2961=DIRECTION('',(1.0,0.0,0.0));
#2962=DIRECTION('',(0.0,1.0,0.0));
#2963=ORIENTED_EDGE('',*,*,#4102,.T.);
#2964=ORIENTED_EDGE('',*,*,#3983,.T.);
#2965=ORIENTED_EDGE('',*,*,#4100,.F.);
#2966=ORIENTED_EDGE('',*,*,#4097,.T.);
#2967=CARTESIAN_POINT('',(-0.84,0.550000000000001,1.76999999999999));
#2968=DIRECTION('',(0.0,-0.0627046641347963,0.998032126284391));
#2969=DIRECTION('',(-1.0,0.0,0.0));
#2970=ORIENTED_EDGE('',*,*,#4099,.F.);
#2971=ORIENTED_EDGE('',*,*,#3981,.T.);
#2972=ORIENTED_EDGE('',*,*,#4101,.T.);
#2973=ORIENTED_EDGE('',*,*,#4094,.F.);
#2974=CARTESIAN_POINT('',(-0.84,0.0349208626544031,1.92407433976346));
#2975=DIRECTION('',(0.0,0.650791373455967,0.759256602365298));
#2976=DIRECTION('',(1.0,-0.0,0.0));
#2977=ORIENTED_EDGE('',*,*,#3524,.T.);
#2978=ORIENTED_EDGE('',*,*,#4103,.F.);
#2979=ORIENTED_EDGE('',*,*,#4104,.T.);
#2980=ORIENTED_EDGE('',*,*,#4105,.T.);
#2981=CARTESIAN_POINT('',(0.16,0.450000000000001,1.7));
#2982=DIRECTION('',(1.0,-0.0,0.0));
#2983=DIRECTION('',(0.0,0.0,1.0));
#2984=ORIENTED_EDGE('',*,*,#4106,.T.);
#2985=ORIENTED_EDGE('',*,*,#4107,.F.);
#2986=ORIENTED_EDGE('',*,*,#4108,.F.);
#2987=ORIENTED_EDGE('',*,*,#3526,.T.);
#2988=CARTESIAN_POINT('',(0.16,0.550000000000001,1.7));
#2989=DIRECTION('',(0.0,-1.0,0.0));
#2990=DIRECTION('',(0.0,0.0,-1.0));
#2991=ORIENTED_EDGE('',*,*,#3978,.F.);
#2992=ORIENTED_EDGE('',*,*,#4109,.T.);
#2993=ORIENTED_EDGE('',*,*,#4103,.T.);
#2994=ORIENTED_EDGE('',*,*,#3527,.T.);
#2995=ORIENTED_EDGE('',*,*,#4108,.T.);
#2996=ORIENTED_EDGE('',*,*,#4110,.T.);
#2997=CARTESIAN_POINT('',(0.16,0.1,1.99999999999999));
#2998=DIRECTION('',(1.0,0.0,0.0));
#2999=DIRECTION('',(0.0,1.0,0.0));
#3000=ORIENTED_EDGE('',*,*,#4111,.F.);
#3001=ORIENTED_EDGE('',*,*,#3980,.T.);
#3002=ORIENTED_EDGE('',*,*,#4112,.F.);
#3003=ORIENTED_EDGE('',*,*,#4106,.F.);
#3004=ORIENTED_EDGE('',*,*,#3525,.F.);
#3005=ORIENTED_EDGE('',*,*,#4105,.F.);
#3006=CARTESIAN_POINT('',(-0.16,0.1,1.99999999999999));
#3007=DIRECTION('',(1.0,0.0,0.0));
#3008=DIRECTION('',(0.0,1.0,0.0));
#3009=ORIENTED_EDGE('',*,*,#4112,.T.);
#3010=ORIENTED_EDGE('',*,*,#3979,.T.);
#3011=ORIENTED_EDGE('',*,*,#4110,.F.);
#3012=ORIENTED_EDGE('',*,*,#4107,.T.);
#3013=CARTESIAN_POINT('',(0.16,0.550000000000001,1.76999999999999));
#3014=DIRECTION('',(0.0,-0.0627046641347963,0.998032126284391));
#3015=DIRECTION('',(-1.0,0.0,0.0));
#3016=ORIENTED_EDGE('',*,*,#4109,.F.);
#3017=ORIENTED_EDGE('',*,*,#3977,.T.);
#3018=ORIENTED_EDGE('',*,*,#4111,.T.);
#3019=ORIENTED_EDGE('',*,*,#4104,.F.);
#3020=CARTESIAN_POINT('',(0.16,0.0349208626544031,1.92407433976346));
#3021=DIRECTION('',(0.0,0.650791373455967,0.759256602365298));
#3022=DIRECTION('',(1.0,-0.0,0.0));
#3023=ORIENTED_EDGE('',*,*,#4113,.F.);
#3024=ORIENTED_EDGE('',*,*,#3872,.T.);
#3025=ORIENTED_EDGE('',*,*,#4114,.T.);
#3026=ORIENTED_EDGE('',*,*,#4115,.F.);
#3027=CARTESIAN_POINT('',(-0.84,4.25,0.349999999999997));
#3028=DIRECTION('',(1.0,-0.0,0.0));
#3029=DIRECTION('',(0.0,0.0,1.0));
#3030=ORIENTED_EDGE('',*,*,#4116,.T.);
#3031=ORIENTED_EDGE('',*,*,#3874,.T.);
#3032=ORIENTED_EDGE('',*,*,#4117,.F.);
#3033=ORIENTED_EDGE('',*,*,#4118,.T.);
#3034=CARTESIAN_POINT('',(-0.84,4.7,0.929999999999996));
#3035=DIRECTION('',(0.0,0.0,-1.0));
#3036=DIRECTION('',(0.0,-1.0,0.0));
#3037=ORIENTED_EDGE('',*,*,#3873,.F.);
#3038=ORIENTED_EDGE('',*,*,#4113,.T.);
#3039=ORIENTED_EDGE('',*,*,#4119,.T.);
#3040=ORIENTED_EDGE('',*,*,#4120,.T.);
#3041=ORIENTED_EDGE('',*,*,#4121,.T.);
#3042=ORIENTED_EDGE('',*,*,#4122,.T.);
#3043=ORIENTED_EDGE('',*,*,#4123,.T.);
#3044=ORIENTED_EDGE('',*,*,#4124,.T.);
#3045=ORIENTED_EDGE('',*,*,#4125,.T.);
#3046=ORIENTED_EDGE('',*,*,#4117,.T.);
#3047=CARTESIAN_POINT('',(-0.84,0.1,1.99999999999999));
#3048=DIRECTION('',(1.0,0.0,0.0));
#3049=DIRECTION('',(0.0,1.0,0.0));
#3050=ORIENTED_EDGE('',*,*,#4114,.F.);
#3051=ORIENTED_EDGE('',*,*,#3875,.T.);
#3052=ORIENTED_EDGE('',*,*,#4116,.F.);
#3053=ORIENTED_EDGE('',*,*,#4126,.F.);
#3054=ORIENTED_EDGE('',*,*,#4127,.F.);
#3055=ORIENTED_EDGE('',*,*,#4128,.F.);
#3056=ORIENTED_EDGE('',*,*,#4129,.F.);
#3057=ORIENTED_EDGE('',*,*,#4130,.F.);
#3058=ORIENTED_EDGE('',*,*,#4131,.F.);
#3059=ORIENTED_EDGE('',*,*,#4132,.F.);
#3060=CARTESIAN_POINT('',(-1.16,0.1,1.99999999999999));
#3061=DIRECTION('',(1.0,0.0,0.0));
#3062=DIRECTION('',(0.0,1.0,0.0));
#3063=ORIENTED_EDGE('',*,*,#4132,.T.);
#3064=ORIENTED_EDGE('',*,*,#4133,.F.);
#3065=ORIENTED_EDGE('',*,*,#4119,.F.);
#3066=ORIENTED_EDGE('',*,*,#4115,.T.);
#3067=CARTESIAN_POINT('',(-0.84,4.4,0.349999999999996));
#3068=DIRECTION('',(-0.0,1.0,0.0));
#3069=DIRECTION('',(1.0,0.0,0.0));
#3070=ORIENTED_EDGE('',*,*,#4131,.T.);
#3071=ORIENTED_EDGE('',*,*,#4134,.F.);
#3072=ORIENTED_EDGE('',*,*,#4120,.F.);
#3073=ORIENTED_EDGE('',*,*,#4133,.T.);
#3074=CARTESIAN_POINT('',(-0.84,4.4,0.149999999999996));
#3075=DIRECTION('',(0.0,0.707106781186545,0.70710678118655));
#3076=DIRECTION('',(1.0,-0.0,0.0));
#3077=ORIENTED_EDGE('',*,*,#4130,.T.);
#3078=ORIENTED_EDGE('',*,*,#4135,.F.);
#3079=ORIENTED_EDGE('',*,*,#4121,.F.);
#3080=ORIENTED_EDGE('',*,*,#4134,.T.);
#3081=CARTESIAN_POINT('',(-0.84,4.55,-4.38538094726937E-15));
#3082=DIRECTION('',(0.0,-3.80647894157197E-16,1.0));
#3083=DIRECTION('',(0.0,-1.0,-3.80647894157197E-16));
#3084=ORIENTED_EDGE('',*,*,#4129,.T.);
#3085=ORIENTED_EDGE('',*,*,#4136,.F.);
#3086=ORIENTED_EDGE('',*,*,#4122,.F.);
#3087=ORIENTED_EDGE('',*,*,#4135,.T.);
#3088=CARTESIAN_POINT('',(-0.84,6.3,-3.71924713249427E-15));
#3089=DIRECTION('',(0.0,-1.0,5.78241158658937E-15));
#3090=DIRECTION('',(-1.0,0.0,0.0));
#3091=ORIENTED_EDGE('',*,*,#4128,.T.);
#3092=ORIENTED_EDGE('',*,*,#4137,.F.);
#3093=ORIENTED_EDGE('',*,*,#4123,.F.);
#3094=ORIENTED_EDGE('',*,*,#4136,.T.);
#3095=CARTESIAN_POINT('',(-0.84,6.3,0.299999999999996));
#3096=DIRECTION('',(0.0,1.93607530800983E-16,-1.0));
#3097=DIRECTION('',(-1.0,0.0,0.0));
#3098=ORIENTED_EDGE('',*,*,#4127,.T.);
#3099=ORIENTED_EDGE('',*,*,#4138,.F.);
#3100=ORIENTED_EDGE('',*,*,#4124,.F.);
#3101=ORIENTED_EDGE('',*,*,#4137,.T.);
#3102=CARTESIAN_POINT('',(-0.84,4.9,0.299999999999995));
#3103=DIRECTION('',(0.0,-1.0,0.0));
#3104=DIRECTION('',(0.0,0.0,-1.0));
#3105=ORIENTED_EDGE('',*,*,#4126,.T.);
#3106=ORIENTED_EDGE('',*,*,#4118,.F.);
#3107=ORIENTED_EDGE('',*,*,#4125,.F.);
#3108=ORIENTED_EDGE('',*,*,#4138,.T.);
#3109=CARTESIAN_POINT('',(-0.84,4.9,0.729999999999995));
#3110=DIRECTION('',(0.0,-0.707106781186547,-0.707106781186548));
#3111=DIRECTION('',(0.0,-0.707106781186548,0.707106781186547));
#3112=ORIENTED_EDGE('',*,*,#4139,.F.);
#3113=ORIENTED_EDGE('',*,*,#3868,.T.);
#3114=ORIENTED_EDGE('',*,*,#4140,.T.);
#3115=ORIENTED_EDGE('',*,*,#4141,.F.);
#3116=CARTESIAN_POINT('',(0.16,4.25,0.349999999999997));
#3117=DIRECTION('',(1.0,-0.0,0.0));
#3118=DIRECTION('',(0.0,0.0,1.0));
#3119=ORIENTED_EDGE('',*,*,#4142,.T.);
#3120=ORIENTED_EDGE('',*,*,#3870,.T.);
#3121=ORIENTED_EDGE('',*,*,#4143,.F.);
#3122=ORIENTED_EDGE('',*,*,#4144,.T.);
#3123=CARTESIAN_POINT('',(0.16,4.7,0.929999999999996));
#3124=DIRECTION('',(0.0,0.0,-1.0));
#3125=DIRECTION('',(0.0,-1.0,0.0));
#3126=ORIENTED_EDGE('',*,*,#3869,.F.);
#3127=ORIENTED_EDGE('',*,*,#4139,.T.);
#3128=ORIENTED_EDGE('',*,*,#4145,.T.);
#3129=ORIENTED_EDGE('',*,*,#4146,.T.);
#3130=ORIENTED_EDGE('',*,*,#4147,.T.);
#3131=ORIENTED_EDGE('',*,*,#4148,.T.);
#3132=ORIENTED_EDGE('',*,*,#4149,.T.);
#3133=ORIENTED_EDGE('',*,*,#4150,.T.);
#3134=ORIENTED_EDGE('',*,*,#4151,.T.);
#3135=ORIENTED_EDGE('',*,*,#4143,.T.);
#3136=CARTESIAN_POINT('',(0.16,0.1,1.99999999999999));
#3137=DIRECTION('',(1.0,0.0,0.0));
#3138=DIRECTION('',(0.0,1.0,0.0));
#3139=ORIENTED_EDGE('',*,*,#4140,.F.);
#3140=ORIENTED_EDGE('',*,*,#3871,.T.);
#3141=ORIENTED_EDGE('',*,*,#4142,.F.);
#3142=ORIENTED_EDGE('',*,*,#4152,.F.);
#3143=ORIENTED_EDGE('',*,*,#4153,.F.);
#3144=ORIENTED_EDGE('',*,*,#4154,.F.);
#3145=ORIENTED_EDGE('',*,*,#4155,.F.);
#3146=ORIENTED_EDGE('',*,*,#4156,.F.);
#3147=ORIENTED_EDGE('',*,*,#4157,.F.);
#3148=ORIENTED_EDGE('',*,*,#4158,.F.);
#3149=CARTESIAN_POINT('',(-0.16,0.1,1.99999999999999));
#3150=DIRECTION('',(1.0,0.0,0.0));
#3151=DIRECTION('',(0.0,1.0,0.0));
#3152=ORIENTED_EDGE('',*,*,#4158,.T.);
#3153=ORIENTED_EDGE('',*,*,#4159,.F.);
#3154=ORIENTED_EDGE('',*,*,#4145,.F.);
#3155=ORIENTED_EDGE('',*,*,#4141,.T.);
#3156=CARTESIAN_POINT('',(0.16,4.4,0.349999999999996));
#3157=DIRECTION('',(-0.0,1.0,0.0));
#3158=DIRECTION('',(1.0,0.0,0.0));
#3159=ORIENTED_EDGE('',*,*,#4157,.T.);
#3160=ORIENTED_EDGE('',*,*,#4160,.F.);
#3161=ORIENTED_EDGE('',*,*,#4146,.F.);
#3162=ORIENTED_EDGE('',*,*,#4159,.T.);
#3163=CARTESIAN_POINT('',(0.16,4.4,0.149999999999996));
#3164=DIRECTION('',(0.0,0.707106781186545,0.70710678118655));
#3165=DIRECTION('',(1.0,-0.0,0.0));
#3166=ORIENTED_EDGE('',*,*,#4156,.T.);
#3167=ORIENTED_EDGE('',*,*,#4161,.F.);
#3168=ORIENTED_EDGE('',*,*,#4147,.F.);
#3169=ORIENTED_EDGE('',*,*,#4160,.T.);
#3170=CARTESIAN_POINT('',(0.16,4.55,-4.38538094726937E-15));
#3171=DIRECTION('',(0.0,-3.80647894157197E-16,1.0));
#3172=DIRECTION('',(0.0,-1.0,-3.80647894157197E-16));
#3173=ORIENTED_EDGE('',*,*,#4155,.T.);
#3174=ORIENTED_EDGE('',*,*,#4162,.F.);
#3175=ORIENTED_EDGE('',*,*,#4148,.F.);
#3176=ORIENTED_EDGE('',*,*,#4161,.T.);
#3177=CARTESIAN_POINT('',(0.16,6.3,-3.71924713249427E-15));
#3178=DIRECTION('',(0.0,-1.0,5.78241158658937E-15));
#3179=DIRECTION('',(-1.0,0.0,0.0));
#3180=ORIENTED_EDGE('',*,*,#4154,.T.);
#3181=ORIENTED_EDGE('',*,*,#4163,.F.);
#3182=ORIENTED_EDGE('',*,*,#4149,.F.);
#3183=ORIENTED_EDGE('',*,*,#4162,.T.);
#3184=CARTESIAN_POINT('',(0.16,6.3,0.299999999999996));
#3185=DIRECTION('',(0.0,1.93607530800983E-16,-1.0));
#3186=DIRECTION('',(-1.0,0.0,0.0));
#3187=ORIENTED_EDGE('',*,*,#4153,.T.);
#3188=ORIENTED_EDGE('',*,*,#4164,.F.);
#3189=ORIENTED_EDGE('',*,*,#4150,.F.);
#3190=ORIENTED_EDGE('',*,*,#4163,.T.);
#3191=CARTESIAN_POINT('',(0.16,4.9,0.299999999999995));
#3192=DIRECTION('',(0.0,-1.0,0.0));
#3193=DIRECTION('',(0.0,0.0,-1.0));
#3194=ORIENTED_EDGE('',*,*,#4152,.T.);
#3195=ORIENTED_EDGE('',*,*,#4144,.F.);
#3196=ORIENTED_EDGE('',*,*,#4151,.F.);
#3197=ORIENTED_EDGE('',*,*,#4164,.T.);
#3198=CARTESIAN_POINT('',(0.16,4.9,0.729999999999995));
#3199=DIRECTION('',(0.0,-0.707106781186547,-0.707106781186548));
#3200=DIRECTION('',(0.0,-0.707106781186548,0.707106781186547));
#3201=ORIENTED_EDGE('',*,*,#4165,.T.);
#3202=ORIENTED_EDGE('',*,*,#4166,.F.);
#3203=ORIENTED_EDGE('',*,*,#4167,.F.);
#3204=ORIENTED_EDGE('',*,*,#4168,.F.);
#3205=ORIENTED_EDGE('',*,*,#4169,.F.);
#3206=ORIENTED_EDGE('',*,*,#4170,.T.);
#3207=ORIENTED_EDGE('',*,*,#4171,.T.);
#3208=ORIENTED_EDGE('',*,*,#4172,.T.);
#3209=ORIENTED_EDGE('',*,*,#4173,.T.);
#3210=ORIENTED_EDGE('',*,*,#4174,.T.);
#3211=ORIENTED_EDGE('',*,*,#4175,.F.);
#3212=ORIENTED_EDGE('',*,*,#4176,.F.);
#3213=CARTESIAN_POINT('',(-4.25,2.3,0.249999999999997));
#3214=DIRECTION('',(1.5713074963558E-16,0.0,1.0));
#3215=DIRECTION('',(1.0,0.0,-1.5713074963558E-16));
#3216=ORIENTED_EDGE('',*,*,#4177,.T.);
#3217=ORIENTED_EDGE('',*,*,#3839,.T.);
#3218=ORIENTED_EDGE('',*,*,#4178,.F.);
#3219=ORIENTED_EDGE('',*,*,#4170,.F.);
#3220=CARTESIAN_POINT('',(-2.18,2.3,0.399999999999996));
#3221=DIRECTION('',(0.0,-1.0,0.0));
#3222=DIRECTION('',(0.0,0.0,1.0));
#3223=ORIENTED_EDGE('',*,*,#4179,.F.);
#3224=ORIENTED_EDGE('',*,*,#3837,.T.);
#3225=ORIENTED_EDGE('',*,*,#4180,.T.);
#3226=ORIENTED_EDGE('',*,*,#4181,.T.);
#3227=CARTESIAN_POINT('',(-2.18,2.3,0.399999999999996));
#3228=DIRECTION('',(0.0,-1.0,0.0));
#3229=DIRECTION('',(0.0,0.0,1.0));
#3230=ORIENTED_EDGE('',*,*,#4182,.T.);
#3231=ORIENTED_EDGE('',*,*,#4183,.T.);
#3232=ORIENTED_EDGE('',*,*,#4184,.T.);
#3233=ORIENTED_EDGE('',*,*,#4185,.T.);
#3234=ORIENTED_EDGE('',*,*,#4186,.F.);
#3235=ORIENTED_EDGE('',*,*,#4187,.F.);
#3236=ORIENTED_EDGE('',*,*,#4188,.F.);
#3237=ORIENTED_EDGE('',*,*,#4189,.F.);
#3238=ORIENTED_EDGE('',*,*,#4190,.F.);
#3239=ORIENTED_EDGE('',*,*,#4181,.F.);
#3240=ORIENTED_EDGE('',*,*,#4191,.T.);
#3241=ORIENTED_EDGE('',*,*,#4192,.T.);
#3242=CARTESIAN_POINT('',(-2.18,2.3,-3.5527136788005E-15));
#3243=DIRECTION('',(0.0,0.0,-1.0));
#3244=DIRECTION('',(0.0,-1.0,0.0));
#3245=ORIENTED_EDGE('',*,*,#4193,.F.);
#3246=ORIENTED_EDGE('',*,*,#4194,.F.);
#3247=ORIENTED_EDGE('',*,*,#4195,.T.);
#3248=ORIENTED_EDGE('',*,*,#4196,.T.);
#3249=CARTESIAN_POINT('',(-4.65,2.3,0.399999999999997));
#3250=DIRECTION('',(-1.0,0.0,-5.42101086242752E-16));
#3251=DIRECTION('',(-5.42101086242752E-16,0.0,1.0));
#3252=ORIENTED_EDGE('',*,*,#4197,.F.);
#3253=ORIENTED_EDGE('',*,*,#4196,.F.);
#3254=ORIENTED_EDGE('',*,*,#4198,.T.);
#3255=ORIENTED_EDGE('',*,*,#4199,.T.);
#3256=CARTESIAN_POINT('',(-4.65,2.3,2.0));
#3257=DIRECTION('',(0.0,0.0,1.0));
#3258=DIRECTION('',(1.0,0.0,0.0));
#3259=ORIENTED_EDGE('',*,*,#4200,.F.);
#3260=ORIENTED_EDGE('',*,*,#4199,.F.);
#3261=ORIENTED_EDGE('',*,*,#4201,.T.);
#3262=ORIENTED_EDGE('',*,*,#4202,.T.);
#3263=CARTESIAN_POINT('',(-4.4,2.3,2.0));
#3264=DIRECTION('',(1.0,0.0,5.42101086242752E-16));
#3265=DIRECTION('',(-5.42101086242752E-16,0.0,1.0));
#3266=ORIENTED_EDGE('',*,*,#4203,.F.);
#3267=ORIENTED_EDGE('',*,*,#4202,.F.);
#3268=ORIENTED_EDGE('',*,*,#4204,.T.);
#3269=ORIENTED_EDGE('',*,*,#4176,.T.);
#3270=CARTESIAN_POINT('',(-4.25,2.3,0.399999999999997));
#3271=DIRECTION('',(0.0,-1.0,0.0));
#3272=DIRECTION('',(0.0,0.0,1.0));
#3273=ORIENTED_EDGE('',*,*,#4205,.F.);
#3274=ORIENTED_EDGE('',*,*,#4185,.F.);
#3275=ORIENTED_EDGE('',*,*,#4206,.T.);
#3276=ORIENTED_EDGE('',*,*,#4194,.T.);
#3277=CARTESIAN_POINT('',(-4.25,2.3,0.399999999999997));
#3278=DIRECTION('',(0.0,-1.0,0.0));
#3279=DIRECTION('',(0.0,0.0,1.0));
#3280=ORIENTED_EDGE('',*,*,#4207,.F.);
#3281=ORIENTED_EDGE('',*,*,#4165,.F.);
#3282=ORIENTED_EDGE('',*,*,#4204,.F.);
#3283=ORIENTED_EDGE('',*,*,#4201,.F.);
#3284=ORIENTED_EDGE('',*,*,#4198,.F.);
#3285=ORIENTED_EDGE('',*,*,#4195,.F.);
#3286=ORIENTED_EDGE('',*,*,#4206,.F.);
#3287=ORIENTED_EDGE('',*,*,#4184,.F.);
#3288=CARTESIAN_POINT('',(-4.25,2.3,0.399999999999997));
#3289=DIRECTION('',(0.0,-1.0,0.0));
#3290=DIRECTION('',(0.0,0.0,-1.0));
#3291=ORIENTED_EDGE('',*,*,#4175,.T.);
#3292=ORIENTED_EDGE('',*,*,#4208,.T.);
#3293=ORIENTED_EDGE('',*,*,#4186,.T.);
#3294=ORIENTED_EDGE('',*,*,#4205,.T.);
#3295=ORIENTED_EDGE('',*,*,#4193,.T.);
#3296=ORIENTED_EDGE('',*,*,#4197,.T.);
#3297=ORIENTED_EDGE('',*,*,#4200,.T.);
#3298=ORIENTED_EDGE('',*,*,#4203,.T.);
#3299=CARTESIAN_POINT('',(-4.25,4.3,0.399999999999997));
#3300=DIRECTION('',(0.0,-1.0,0.0));
#3301=DIRECTION('',(0.0,0.0,-1.0));
#3302=ORIENTED_EDGE('',*,*,#4174,.F.);
#3303=ORIENTED_EDGE('',*,*,#4209,.F.);
#3304=ORIENTED_EDGE('',*,*,#4187,.T.);
#3305=ORIENTED_EDGE('',*,*,#4208,.F.);
#3306=CARTESIAN_POINT('',(-3.35,3.8,0.499999999999996));
#3307=DIRECTION('',(-0.707106781186551,-0.707106781186544,0.0));
#3308=DIRECTION('',(-0.707106781186544,0.707106781186551,0.0));
#3309=ORIENTED_EDGE('',*,*,#3838,.F.);
#3310=ORIENTED_EDGE('',*,*,#4179,.T.);
#3311=ORIENTED_EDGE('',*,*,#4190,.T.);
#3312=ORIENTED_EDGE('',*,*,#4210,.T.);
#3313=ORIENTED_EDGE('',*,*,#4171,.F.);
#3314=ORIENTED_EDGE('',*,*,#4178,.T.);
#3315=CARTESIAN_POINT('',(-1.75,3.69,0.499999999999996));
#3316=DIRECTION('',(0.0,-1.0,0.0));
#3317=DIRECTION('',(0.0,0.0,-1.0));
#3318=ORIENTED_EDGE('',*,*,#4172,.F.);
#3319=ORIENTED_EDGE('',*,*,#4210,.F.);
#3320=ORIENTED_EDGE('',*,*,#4189,.T.);
#3321=ORIENTED_EDGE('',*,*,#4211,.T.);
#3322=CARTESIAN_POINT('',(-2.4,3.69,0.499999999999996));
#3323=DIRECTION('',(-0.707106781186552,-0.707106781186543,0.0));
#3324=DIRECTION('',(-0.707106781186543,0.707106781186552,0.0));
#3325=ORIENTED_EDGE('',*,*,#4173,.F.);
#3326=ORIENTED_EDGE('',*,*,#4211,.F.);
#3327=ORIENTED_EDGE('',*,*,#4188,.T.);
#3328=ORIENTED_EDGE('',*,*,#4209,.T.);
#3329=CARTESIAN_POINT('',(-2.51,3.8,0.499999999999996));
#3330=DIRECTION('',(0.0,-1.0,0.0));
#3331=DIRECTION('',(0.0,0.0,-1.0));
#3332=ORIENTED_EDGE('',*,*,#4207,.T.);
#3333=ORIENTED_EDGE('',*,*,#4183,.F.);
#3334=ORIENTED_EDGE('',*,*,#4212,.T.);
#3335=ORIENTED_EDGE('',*,*,#4166,.T.);
#3336=CARTESIAN_POINT('',(-3.35,2.8,0.499999999999996));
#3337=DIRECTION('',(0.707106781186548,-0.707106781186547,0.0));
#3338=DIRECTION('',(0.0,0.0,-1.0));
#3339=ORIENTED_EDGE('',*,*,#4180,.F.);
#3340=ORIENTED_EDGE('',*,*,#3840,.T.);
#3341=ORIENTED_EDGE('',*,*,#4177,.F.);
#3342=ORIENTED_EDGE('',*,*,#4169,.T.);
#3343=ORIENTED_EDGE('',*,*,#4213,.F.);
#3344=ORIENTED_EDGE('',*,*,#4191,.F.);
#3345=CARTESIAN_POINT('',(-1.75,2.91,0.499999999999996));
#3346=DIRECTION('',(0.0,-1.0,0.0));
#3347=DIRECTION('',(0.0,0.0,-1.0));
#3348=ORIENTED_EDGE('',*,*,#4214,.F.);
#3349=ORIENTED_EDGE('',*,*,#4192,.F.);
#3350=ORIENTED_EDGE('',*,*,#4213,.T.);
#3351=ORIENTED_EDGE('',*,*,#4168,.T.);
#3352=CARTESIAN_POINT('',(-2.4,2.91,0.499999999999996));
#3353=DIRECTION('',(0.707106781186549,-0.707106781186546,0.0));
#3354=DIRECTION('',(0.0,0.0,-1.0));
#3355=ORIENTED_EDGE('',*,*,#4212,.F.);
#3356=ORIENTED_EDGE('',*,*,#4182,.F.);
#3357=ORIENTED_EDGE('',*,*,#4214,.T.);
#3358=ORIENTED_EDGE('',*,*,#4167,.T.);
#3359=CARTESIAN_POINT('',(-2.51,2.8,0.499999999999996));
#3360=DIRECTION('',(0.0,-1.0,0.0));
#3361=DIRECTION('',(0.0,0.0,-1.0));
#3362=ORIENTED_EDGE('',*,*,#3820,.F.);
#3363=ORIENTED_EDGE('',*,*,#4215,.F.);
#3364=ORIENTED_EDGE('',*,*,#4216,.F.);
#3365=ORIENTED_EDGE('',*,*,#4217,.T.);
#3366=CARTESIAN_POINT('',(2.18,2.3,0.399999999999997));
#3367=DIRECTION('',(0.0,-1.0,0.0));
#3368=DIRECTION('',(0.0,0.0,1.0));
#3369=ORIENTED_EDGE('',*,*,#3822,.F.);
#3370=ORIENTED_EDGE('',*,*,#4218,.T.);
#3371=ORIENTED_EDGE('',*,*,#4219,.T.);
#3372=ORIENTED_EDGE('',*,*,#4220,.F.);
#3373=CARTESIAN_POINT('',(2.18,2.3,0.399999999999997));
#3374=DIRECTION('',(0.0,-1.0,0.0));
#3375=DIRECTION('',(0.0,0.0,1.0));
#3376=ORIENTED_EDGE('',*,*,#4215,.T.);
#3377=ORIENTED_EDGE('',*,*,#3819,.T.);
#3378=ORIENTED_EDGE('',*,*,#4220,.T.);
#3379=ORIENTED_EDGE('',*,*,#4221,.T.);
#3380=ORIENTED_EDGE('',*,*,#4222,.F.);
#3381=ORIENTED_EDGE('',*,*,#4223,.T.);
#3382=CARTESIAN_POINT('',(2.4,3.69,0.499999999999996));
#3383=DIRECTION('',(0.0,-1.0,0.0));
#3384=DIRECTION('',(0.0,0.0,-1.0));
#3385=ORIENTED_EDGE('',*,*,#3821,.F.);
#3386=ORIENTED_EDGE('',*,*,#4217,.F.);
#3387=ORIENTED_EDGE('',*,*,#4224,.F.);
#3388=ORIENTED_EDGE('',*,*,#4225,.T.);
#3389=ORIENTED_EDGE('',*,*,#4226,.F.);
#3390=ORIENTED_EDGE('',*,*,#4218,.F.);
#3391=CARTESIAN_POINT('',(2.4,2.91,0.499999999999996));
#3392=DIRECTION('',(0.0,-1.0,0.0));
#3393=DIRECTION('',(0.0,0.0,-1.0));
#3394=ORIENTED_EDGE('',*,*,#4219,.F.);
#3395=ORIENTED_EDGE('',*,*,#4226,.T.);
#3396=ORIENTED_EDGE('',*,*,#4227,.T.);
#3397=ORIENTED_EDGE('',*,*,#4228,.T.);
#3398=ORIENTED_EDGE('',*,*,#4229,.T.);
#3399=ORIENTED_EDGE('',*,*,#4230,.T.);
#3400=ORIENTED_EDGE('',*,*,#4231,.T.);
#3401=ORIENTED_EDGE('',*,*,#4232,.F.);
#3402=ORIENTED_EDGE('',*,*,#4233,.F.);
#3403=ORIENTED_EDGE('',*,*,#4234,.F.);
#3404=ORIENTED_EDGE('',*,*,#4235,.F.);
#3405=ORIENTED_EDGE('',*,*,#4221,.F.);
#3406=CARTESIAN_POINT('',(2.18,2.3,0.249999999999996));
#3407=DIRECTION('',(-1.5713074963558E-16,0.0,1.0));
#3408=DIRECTION('',(1.0,-0.0,1.5713074963558E-16));
#3409=ORIENTED_EDGE('',*,*,#4236,.T.);
#3410=ORIENTED_EDGE('',*,*,#4224,.T.);
#3411=ORIENTED_EDGE('',*,*,#4216,.T.);
#3412=ORIENTED_EDGE('',*,*,#4223,.F.);
#3413=ORIENTED_EDGE('',*,*,#4237,.F.);
#3414=ORIENTED_EDGE('',*,*,#4238,.F.);
#3415=ORIENTED_EDGE('',*,*,#4239,.F.);
#3416=ORIENTED_EDGE('',*,*,#4240,.F.);
#3417=ORIENTED_EDGE('',*,*,#4241,.F.);
#3418=ORIENTED_EDGE('',*,*,#4242,.T.);
#3419=ORIENTED_EDGE('',*,*,#4243,.T.);
#3420=ORIENTED_EDGE('',*,*,#4244,.T.);
#3421=CARTESIAN_POINT('',(4.25,2.3,-3.27515792264421E-15));
#3422=DIRECTION('',(1.34084906355695E-16,0.0,-1.0));
#3423=DIRECTION('',(0.0,-1.0,0.0));
#3424=ORIENTED_EDGE('',*,*,#4230,.F.);
#3425=ORIENTED_EDGE('',*,*,#4245,.T.);
#3426=ORIENTED_EDGE('',*,*,#4242,.F.);
#3427=ORIENTED_EDGE('',*,*,#4246,.F.);
#3428=ORIENTED_EDGE('',*,*,#4247,.F.);
#3429=ORIENTED_EDGE('',*,*,#4248,.F.);
#3430=ORIENTED_EDGE('',*,*,#4249,.F.);
#3431=ORIENTED_EDGE('',*,*,#4250,.F.);
#3432=CARTESIAN_POINT('',(4.25,2.3,0.399999999999997));
#3433=DIRECTION('',(0.0,-1.0,0.0));
#3434=DIRECTION('',(0.0,0.0,-1.0));
#3435=ORIENTED_EDGE('',*,*,#4251,.F.);
#3436=ORIENTED_EDGE('',*,*,#4232,.T.);
#3437=ORIENTED_EDGE('',*,*,#4252,.T.);
#3438=ORIENTED_EDGE('',*,*,#4253,.T.);
#3439=ORIENTED_EDGE('',*,*,#4254,.T.);
#3440=ORIENTED_EDGE('',*,*,#4255,.T.);
#3441=ORIENTED_EDGE('',*,*,#4256,.T.);
#3442=ORIENTED_EDGE('',*,*,#4240,.T.);
#3443=CARTESIAN_POINT('',(4.25,4.3,0.399999999999997));
#3444=DIRECTION('',(0.0,-1.0,0.0));
#3445=DIRECTION('',(0.0,0.0,-1.0));
#3446=ORIENTED_EDGE('',*,*,#4252,.F.);
#3447=ORIENTED_EDGE('',*,*,#4231,.F.);
#3448=ORIENTED_EDGE('',*,*,#4250,.T.);
#3449=ORIENTED_EDGE('',*,*,#4257,.T.);
#3450=CARTESIAN_POINT('',(4.25,2.3,0.399999999999997));
#3451=DIRECTION('',(0.0,-1.0,0.0));
#3452=DIRECTION('',(0.0,0.0,1.0));
#3453=ORIENTED_EDGE('',*,*,#4253,.F.);
#3454=ORIENTED_EDGE('',*,*,#4257,.F.);
#3455=ORIENTED_EDGE('',*,*,#4249,.T.);
#3456=ORIENTED_EDGE('',*,*,#4258,.T.);
#3457=CARTESIAN_POINT('',(4.4,2.3,0.399999999999997));
#3458=DIRECTION('',(-1.0,0.0,5.42101086242752E-16));
#3459=DIRECTION('',(0.0,1.0,0.0));
#3460=ORIENTED_EDGE('',*,*,#4254,.F.);
#3461=ORIENTED_EDGE('',*,*,#4258,.F.);
#3462=ORIENTED_EDGE('',*,*,#4248,.T.);
#3463=ORIENTED_EDGE('',*,*,#4259,.T.);
#3464=CARTESIAN_POINT('',(4.4,2.3,2.0));
#3465=DIRECTION('',(0.0,0.0,1.0));
#3466=DIRECTION('',(1.0,0.0,0.0));
#3467=ORIENTED_EDGE('',*,*,#4255,.F.);
#3468=ORIENTED_EDGE('',*,*,#4259,.F.);
#3469=ORIENTED_EDGE('',*,*,#4247,.T.);
#3470=ORIENTED_EDGE('',*,*,#4260,.T.);
#3471=CARTESIAN_POINT('',(4.65,2.3,2.0));
#3472=DIRECTION('',(1.0,0.0,0.0));
#3473=DIRECTION('',(0.0,1.0,0.0));
#3474=ORIENTED_EDGE('',*,*,#4256,.F.);
#3475=ORIENTED_EDGE('',*,*,#4260,.F.);
#3476=ORIENTED_EDGE('',*,*,#4246,.T.);
#3477=ORIENTED_EDGE('',*,*,#4241,.T.);
#3478=CARTESIAN_POINT('',(4.25,2.3,0.399999999999997));
#3479=DIRECTION('',(0.0,-1.0,0.0));
#3480=DIRECTION('',(0.0,0.0,1.0));
#3481=ORIENTED_EDGE('',*,*,#4234,.T.);
#3482=ORIENTED_EDGE('',*,*,#4261,.F.);
#3483=ORIENTED_EDGE('',*,*,#4238,.T.);
#3484=ORIENTED_EDGE('',*,*,#4262,.T.);
#3485=CARTESIAN_POINT('',(3.35,3.8,0.499999999999996));
#3486=DIRECTION('',(0.0,-1.0,0.0));
#3487=DIRECTION('',(0.0,0.0,-1.0));
#3488=ORIENTED_EDGE('',*,*,#4235,.T.);
#3489=ORIENTED_EDGE('',*,*,#4262,.F.);
#3490=ORIENTED_EDGE('',*,*,#4237,.T.);
#3491=ORIENTED_EDGE('',*,*,#4222,.T.);
#3492=CARTESIAN_POINT('',(2.51,3.8,0.499999999999996));
#3493=DIRECTION('',(0.707106781186552,-0.707106781186543,0.0));
#3494=DIRECTION('',(0.0,0.0,-1.0));
#3495=ORIENTED_EDGE('',*,*,#4233,.T.);
#3496=ORIENTED_EDGE('',*,*,#4251,.T.);
#3497=ORIENTED_EDGE('',*,*,#4239,.T.);
#3498=ORIENTED_EDGE('',*,*,#4261,.T.);
#3499=CARTESIAN_POINT('',(3.85,4.3,0.499999999999996));
#3500=DIRECTION('',(0.707106781186548,-0.707106781186547,0.0));
#3501=DIRECTION('',(0.0,0.0,-1.0));
#3502=ORIENTED_EDGE('',*,*,#4263,.F.);
#3503=ORIENTED_EDGE('',*,*,#4244,.F.);
#3504=ORIENTED_EDGE('',*,*,#4264,.T.);
#3505=ORIENTED_EDGE('',*,*,#4228,.F.);
#3506=CARTESIAN_POINT('',(3.35,2.8,0.499999999999996));
#3507=DIRECTION('',(0.0,-1.0,0.0));
#3508=DIRECTION('',(0.0,0.0,-1.0));
#3509=ORIENTED_EDGE('',*,*,#4225,.F.);
#3510=ORIENTED_EDGE('',*,*,#4236,.F.);
#3511=ORIENTED_EDGE('',*,*,#4263,.T.);
#3512=ORIENTED_EDGE('',*,*,#4227,.F.);
#3513=CARTESIAN_POINT('',(2.51,2.8,0.499999999999996));
#3514=DIRECTION('',(-0.707106781186549,-0.707106781186546,0.0));
#3515=DIRECTION('',(-0.707106781186546,0.707106781186549,0.0));
#3516=ORIENTED_EDGE('',*,*,#4264,.F.);
#3517=ORIENTED_EDGE('',*,*,#4243,.F.);
#3518=ORIENTED_EDGE('',*,*,#4245,.F.);
#3519=ORIENTED_EDGE('',*,*,#4229,.F.);
#3520=CARTESIAN_POINT('',(3.85,2.3,0.499999999999996));
#3521=DIRECTION('',(-0.707106781186548,-0.707106781186547,0.0));
#3522=DIRECTION('',(-0.707106781186547,0.707106781186548,0.0));
#3523=COLOUR_RGB('',0.596063196659088,0.666666686534882,0.686259269714355);
#3524=EDGE_CURVE('',#4265,#4266,#4267,.T.);
#3525=EDGE_CURVE('',#4265,#4268,#4269,.T.);
#3526=EDGE_CURVE('',#4270,#4268,#4271,.T.);
#3527=EDGE_CURVE('',#4266,#4270,#4272,.T.);
#3528=EDGE_CURVE('',#4273,#4274,#4275,.T.);
#3529=EDGE_CURVE('',#4273,#4276,#4277,.T.);
#3530=EDGE_CURVE('',#4278,#4276,#4279,.T.);
#3531=EDGE_CURVE('',#4274,#4278,#4280,.T.);
#3532=EDGE_CURVE('',#4281,#4282,#4283,.T.);
#3533=EDGE_CURVE('',#4281,#4284,#4285,.T.);
#3534=EDGE_CURVE('',#4286,#4284,#4287,.T.);
#3535=EDGE_CURVE('',#4282,#4286,#4288,.T.);
#3536=EDGE_CURVE('',#4289,#4290,#4291,.T.);
#3537=EDGE_CURVE('',#4289,#4292,#4293,.T.);
#3538=EDGE_CURVE('',#4294,#4292,#4295,.T.);
#3539=EDGE_CURVE('',#4290,#4294,#4296,.T.);
#3540=EDGE_CURVE('',#4297,#4298,#4299,.T.);
#3541=EDGE_CURVE('',#4297,#4300,#4301,.T.);
#3542=EDGE_CURVE('',#4300,#4302,#4303,.T.);
#3543=EDGE_CURVE('',#4298,#4302,#4304,.T.);
#3544=EDGE_CURVE('',#4305,#4306,#4307,.T.);
#3545=EDGE_CURVE('',#4308,#4305,#4309,.T.);
#3546=EDGE_CURVE('',#4310,#4308,#4311,.T.);
#3547=EDGE_CURVE('',#4312,#4310,#4313,.T.);
#3548=EDGE_CURVE('',#4312,#4314,#4315,.T.);
#3549=EDGE_CURVE('',#4316,#4314,#4317,.T.);
#3550=EDGE_CURVE('',#4318,#4316,#4319,.T.);
#3551=EDGE_CURVE('',#4320,#4318,#4321,.T.);
#3552=EDGE_CURVE('',#4322,#4320,#4323,.T.);
#3553=EDGE_CURVE('',#4306,#4322,#4324,.T.);
#3554=EDGE_CURVE('',#4325,#4326,#4327,.T.);
#3555=EDGE_CURVE('',#4328,#4325,#4329,.T.);
#3556=EDGE_CURVE('',#4330,#4328,#4331,.T.);
#3557=EDGE_CURVE('',#4326,#4330,#4332,.T.);
#3558=EDGE_CURVE('',#4333,#4334,#4335,.T.);
#3559=EDGE_CURVE('',#4334,#4336,#4337,.T.);
#3560=EDGE_CURVE('',#4336,#4338,#4339,.T.);
#3561=EDGE_CURVE('',#4338,#4340,#4341,.T.);
#3562=EDGE_CURVE('',#4340,#4342,#4343,.T.);
#3563=EDGE_CURVE('',#4342,#4344,#4345,.T.);
#3564=EDGE_CURVE('',#4344,#4346,#4347,.T.);
#3565=EDGE_CURVE('',#4348,#4346,#4349,.T.);
#3566=EDGE_CURVE('',#4348,#4350,#4351,.T.);
#3567=EDGE_CURVE('',#4350,#4333,#4352,.T.);
#3568=EDGE_CURVE('',#4353,#4354,#4355,.T.);
#3569=EDGE_CURVE('',#4356,#4353,#4357,.T.);
#3570=EDGE_CURVE('',#4356,#4358,#4359,.T.);
#3571=EDGE_CURVE('',#4360,#4358,#4361,.T.);
#3572=EDGE_CURVE('',#4362,#4360,#4363,.T.);
#3573=EDGE_CURVE('',#4364,#4362,#4365,.T.);
#3574=EDGE_CURVE('',#4366,#4364,#4367,.T.);
#3575=EDGE_CURVE('',#4368,#4366,#4369,.T.);
#3576=EDGE_CURVE('',#4330,#4368,#4370,.T.);
#3577=EDGE_CURVE('',#4371,#4328,#4372,.T.);
#3578=EDGE_CURVE('',#4373,#4371,#4374,.T.);
#3579=EDGE_CURVE('',#4373,#4375,#4376,.T.);
#3580=EDGE_CURVE('',#4375,#4377,#4378,.T.);
#3581=EDGE_CURVE('',#4379,#4377,#4380,.T.);
#3582=EDGE_CURVE('',#4381,#4379,#4382,.T.);
#3583=EDGE_CURVE('',#4383,#4381,#4384,.T.);
#3584=EDGE_CURVE('',#4385,#4383,#4386,.T.);
#3585=EDGE_CURVE('',#4385,#4387,#4388,.T.);
#3586=EDGE_CURVE('',#4387,#4389,#4390,.T.);
#3587=EDGE_CURVE('',#4391,#4389,#4392,.T.);
#3588=EDGE_CURVE('',#4393,#4391,#4394,.T.);
#3589=EDGE_CURVE('',#4395,#4393,#4396,.T.);
#3590=EDGE_CURVE('',#4397,#4395,#4398,.T.);
#3591=EDGE_CURVE('',#4399,#4397,#4400,.T.);
#3592=EDGE_CURVE('',#4399,#4401,#4402,.T.);
#3593=EDGE_CURVE('',#4401,#4403,#4404,.T.);
#3594=EDGE_CURVE('',#4405,#4403,#4406,.T.);
#3595=EDGE_CURVE('',#4407,#4405,#4408,.T.);
#3596=EDGE_CURVE('',#4409,#4407,#4410,.T.);
#3597=EDGE_CURVE('',#4411,#4409,#4412,.T.);
#3598=EDGE_CURVE('',#4354,#4411,#4413,.T.);
#3599=EDGE_CURVE('',#4414,#4415,#4416,.T.);
#3600=EDGE_CURVE('',#4414,#4417,#4418,.T.);
#3601=EDGE_CURVE('',#4419,#4417,#4420,.T.);
#3602=EDGE_CURVE('',#4409,#4419,#4421,.T.);
#3603=EDGE_CURVE('',#4407,#4422,#4423,.T.);
#3604=EDGE_CURVE('',#4424,#4422,#4425,.T.);
#3605=EDGE_CURVE('',#4424,#4426,#4427,.T.);
#3606=EDGE_CURVE('',#4426,#4428,#4429,.T.);
#3607=EDGE_CURVE('',#4428,#4415,#4430,.T.);
#3608=EDGE_CURVE('',#4431,#4432,#4433,.T.);
#3609=EDGE_CURVE('',#4432,#4434,#4435,.T.);
#3610=EDGE_CURVE('',#4436,#4434,#4437,.T.);
#3611=EDGE_CURVE('',#4438,#4436,#4439,.T.);
#3612=EDGE_CURVE('',#4438,#4440,#4441,.T.);
#3613=EDGE_CURVE('',#4440,#4442,#4443,.T.);
#3614=EDGE_CURVE('',#4397,#4442,#4444,.T.);
#3615=EDGE_CURVE('',#4395,#4445,#4446,.T.);
#3616=EDGE_CURVE('',#4431,#4445,#4447,.T.);
#3617=EDGE_CURVE('',#4448,#4449,#4450,.T.);
#3618=EDGE_CURVE('',#4448,#4373,#4451,.T.);
#3619=EDGE_CURVE('',#4371,#4449,#4452,.T.);
#3620=EDGE_CURVE('',#4453,#4454,#4455,.T.);
#3621=EDGE_CURVE('',#4456,#4454,#4457,.T.);
#3622=EDGE_CURVE('',#4458,#4456,#4459,.T.);
#3623=EDGE_CURVE('',#4460,#4458,#4461,.T.);
#3624=EDGE_CURVE('',#4462,#4460,#4463,.T.);
#3625=EDGE_CURVE('',#4462,#4464,#4465,.T.);
#3626=EDGE_CURVE('',#4338,#4464,#4466,.T.);
#3627=EDGE_CURVE('',#4449,#4336,#4467,.T.);
#3628=EDGE_CURVE('',#4325,#4306,#4468,.T.);
#3629=EDGE_CURVE('',#4322,#4469,#4470,.T.);
#3630=EDGE_CURVE('',#4471,#4469,#4472,.T.);
#3631=EDGE_CURVE('',#4473,#4471,#4474,.T.);
#3632=EDGE_CURVE('',#4475,#4473,#4476,.T.);
#3633=EDGE_CURVE('',#4477,#4475,#4478,.T.);
#3634=EDGE_CURVE('',#4477,#4479,#4480,.T.);
#3635=EDGE_CURVE('',#4479,#4481,#4482,.T.);
#3636=EDGE_CURVE('',#4483,#4481,#4484,.T.);
#3637=EDGE_CURVE('',#4485,#4483,#4486,.T.);
#3638=EDGE_CURVE('',#4485,#4487,#4488,.T.);
#3639=EDGE_CURVE('',#4487,#4489,#4490,.T.);
#3640=EDGE_CURVE('',#4491,#4489,#4492,.T.);
#3641=EDGE_CURVE('',#4493,#4491,#4494,.T.);
#3642=EDGE_CURVE('',#4493,#4453,#4495,.T.);
#3643=EDGE_CURVE('',#4496,#4456,#4497,.T.);
#3644=EDGE_CURVE('',#4496,#4498,#4499,.T.);
#3645=EDGE_CURVE('',#4498,#4493,#4500,.T.);
#3646=EDGE_CURVE('',#4501,#4491,#4502,.T.);
#3647=EDGE_CURVE('',#4501,#4503,#4504,.T.);
#3648=EDGE_CURVE('',#4503,#4485,#4505,.T.);
#3649=EDGE_CURVE('',#4506,#4483,#4507,.T.);
#3650=EDGE_CURVE('',#4506,#4508,#4509,.T.);
#3651=EDGE_CURVE('',#4508,#4477,#4510,.T.);
#3652=EDGE_CURVE('',#4475,#4511,#4512,.T.);
#3653=EDGE_CURVE('',#4513,#4511,#4514,.T.);
#3654=EDGE_CURVE('',#4458,#4513,#4515,.T.);
#3655=EDGE_CURVE('',#4516,#4517,#4518,.T.);
#3656=EDGE_CURVE('',#4516,#4519,#4520,.T.);
#3657=EDGE_CURVE('',#4519,#4415,#4521,.T.);
#3658=EDGE_CURVE('',#4428,#4522,#4523,.T.);
#3659=EDGE_CURVE('',#4522,#4524,#4525,.T.);
#3660=EDGE_CURVE('',#4524,#4422,#4526,.T.);
#3661=EDGE_CURVE('',#4405,#4399,#4527,.T.);
#3662=EDGE_CURVE('',#4442,#4528,#4529,.T.);
#3663=EDGE_CURVE('',#4528,#4530,#4531,.T.);
#3664=EDGE_CURVE('',#4530,#4436,#4532,.T.);
#3665=EDGE_CURVE('',#4434,#4533,#4534,.T.);
#3666=EDGE_CURVE('',#4533,#4517,#4535,.T.);
#3667=EDGE_CURVE('',#4445,#4536,#4537,.T.);
#3668=EDGE_CURVE('',#4393,#4536,#4538,.T.);
#3669=EDGE_CURVE('',#4536,#4539,#4540,.T.);
#3670=EDGE_CURVE('',#4391,#4381,#4541,.T.);
#3671=EDGE_CURVE('',#4379,#4539,#4542,.T.);
#3672=EDGE_CURVE('',#4513,#4543,#4544,.T.);
#3673=EDGE_CURVE('',#4545,#4511,#4546,.T.);
#3674=EDGE_CURVE('',#4547,#4545,#4548,.T.);
#3675=EDGE_CURVE('',#4547,#4366,#4549,.T.);
#3676=EDGE_CURVE('',#4364,#4550,#4551,.T.);
#3677=EDGE_CURVE('',#4539,#4550,#4552,.T.);
#3678=EDGE_CURVE('',#4553,#4377,#4554,.T.);
#3679=EDGE_CURVE('',#4543,#4553,#4555,.T.);
#3680=EDGE_CURVE('',#4550,#4556,#4557,.T.);
#3681=EDGE_CURVE('',#4362,#4354,#4558,.T.);
#3682=EDGE_CURVE('',#4411,#4556,#4559,.T.);
#3683=EDGE_CURVE('',#4560,#4561,#4562,.T.);
#3684=EDGE_CURVE('',#4563,#4560,#4564,.T.);
#3685=EDGE_CURVE('',#4561,#4563,#4565,.T.);
#3686=EDGE_CURVE('',#4556,#4419,#4566,.T.);
#3687=EDGE_CURVE('',#4417,#4567,#4568,.T.);
#3688=EDGE_CURVE('',#4567,#4516,#4569,.T.);
#3689=EDGE_CURVE('',#4570,#4517,#4571,.T.);
#3690=EDGE_CURVE('',#4570,#4431,#4572,.T.);
#3691=EDGE_CURVE('',#4471,#4547,#4573,.T.);
#3692=EDGE_CURVE('',#4545,#4473,#4574,.T.);
#3693=EDGE_CURVE('',#4543,#4460,#4575,.T.);
#3694=EDGE_CURVE('',#4462,#4553,#4576,.T.);
#3695=EDGE_CURVE('',#4577,#4375,#4578,.T.);
#3696=EDGE_CURVE('',#4464,#4577,#4579,.T.);
#3697=EDGE_CURVE('',#4580,#4577,#4581,.T.);
#3698=EDGE_CURVE('',#4582,#4580,#4583,.T.);
#3699=EDGE_CURVE('',#4582,#4340,#4584,.T.);
#3700=EDGE_CURVE('',#4334,#4448,#4585,.T.);
#3701=EDGE_CURVE('',#4333,#4586,#4587,.T.);
#3702=EDGE_CURVE('',#4586,#4298,#4588,.T.);
#3703=EDGE_CURVE('',#4302,#4346,#4589,.T.);
#3704=EDGE_CURVE('',#4344,#4590,#4591,.T.);
#3705=EDGE_CURVE('',#4590,#4580,#4592,.T.);
#3706=EDGE_CURVE('',#4342,#4593,#4594,.T.);
#3707=EDGE_CURVE('',#4593,#4590,#4595,.T.);
#3708=EDGE_CURVE('',#4593,#4582,#4596,.T.);
#3709=EDGE_CURVE('',#4350,#4597,#4598,.T.);
#3710=EDGE_CURVE('',#4597,#4586,#4599,.T.);
#3711=EDGE_CURVE('',#4597,#4297,#4600,.T.);
#3712=EDGE_CURVE('',#4300,#4348,#4601,.T.);
#3713=EDGE_CURVE('',#4469,#4602,#4603,.T.);
#3714=EDGE_CURVE('',#4602,#4368,#4604,.T.);
#3715=EDGE_CURVE('',#4605,#4320,#4606,.T.);
#3716=EDGE_CURVE('',#4605,#4607,#4608,.T.);
#3717=EDGE_CURVE('',#4607,#4602,#4609,.T.);
#3718=EDGE_CURVE('',#4610,#4607,#4611,.T.);
#3719=EDGE_CURVE('',#4316,#4610,#4612,.T.);
#3720=EDGE_CURVE('',#4292,#4314,#4613,.T.);
#3721=EDGE_CURVE('',#4614,#4289,#4615,.T.);
#3722=EDGE_CURVE('',#4308,#4614,#4616,.T.);
#3723=EDGE_CURVE('',#4305,#4326,#4617,.T.);
#3724=EDGE_CURVE('',#4618,#4610,#4619,.T.);
#3725=EDGE_CURVE('',#4318,#4618,#4620,.T.);
#3726=EDGE_CURVE('',#4618,#4605,#4621,.T.);
#3727=EDGE_CURVE('',#4622,#4614,#4623,.T.);
#3728=EDGE_CURVE('',#4310,#4622,#4624,.T.);
#3729=EDGE_CURVE('',#4622,#4290,#4625,.T.);
#3730=EDGE_CURVE('',#4294,#4312,#4626,.T.);
#3731=EDGE_CURVE('',#4627,#4530,#4628,.T.);
#3732=EDGE_CURVE('',#4627,#4438,#4629,.T.);
#3733=EDGE_CURVE('',#4630,#4627,#4631,.T.);
#3734=EDGE_CURVE('',#4440,#4630,#4632,.T.);
#3735=EDGE_CURVE('',#4630,#4528,#4633,.T.);
#3736=EDGE_CURVE('',#4634,#4570,#4635,.T.);
#3737=EDGE_CURVE('',#4432,#4634,#4636,.T.);
#3738=EDGE_CURVE('',#4634,#4533,#4637,.T.);
#3739=EDGE_CURVE('',#4638,#4522,#4639,.T.);
#3740=EDGE_CURVE('',#4426,#4638,#4640,.T.);
#3741=EDGE_CURVE('',#4638,#4641,#4642,.T.);
#3742=EDGE_CURVE('',#4641,#4424,#4643,.T.);
#3743=EDGE_CURVE('',#4641,#4524,#4644,.T.);
#3744=EDGE_CURVE('',#4567,#4645,#4646,.T.);
#3745=EDGE_CURVE('',#4645,#4414,#4647,.T.);
#3746=EDGE_CURVE('',#4645,#4519,#4648,.T.);
#3747=EDGE_CURVE('',#4561,#4649,#4650,.T.);
#3748=EDGE_CURVE('',#4649,#4651,#4652,.T.);
#3749=EDGE_CURVE('',#4560,#4651,#4653,.T.);
#3750=EDGE_CURVE('',#4563,#4654,#4655,.T.);
#3751=EDGE_CURVE('',#4654,#4649,#4656,.T.);
#3752=EDGE_CURVE('',#4651,#4654,#4657,.T.);
#3753=EDGE_CURVE('',#4658,#4325,#4659,.T.);
#3754=EDGE_CURVE('',#4658,#4660,#4661,.T.);
#3755=EDGE_CURVE('',#4306,#4660,#4662,.T.);
#3756=EDGE_CURVE('',#4663,#4405,#4664,.T.);
#3757=EDGE_CURVE('',#4663,#4665,#4666,.T.);
#3758=EDGE_CURVE('',#4665,#4399,#4667,.T.);
#3759=EDGE_CURVE('',#4668,#4362,#4669,.T.);
#3760=EDGE_CURVE('',#4670,#4668,#4671,.T.);
#3761=EDGE_CURVE('',#4670,#4672,#4673,.T.);
#3762=EDGE_CURVE('',#4672,#4674,#4675,.T.);
#3763=EDGE_CURVE('',#4354,#4674,#4676,.T.);
#3764=EDGE_CURVE('',#4677,#4391,#4678,.T.);
#3765=EDGE_CURVE('',#4679,#4677,#4680,.T.);
#3766=EDGE_CURVE('',#4679,#4681,#4682,.T.);
#3767=EDGE_CURVE('',#4681,#4683,#4684,.T.);
#3768=EDGE_CURVE('',#4381,#4683,#4685,.T.);
#3769=EDGE_CURVE('',#4686,#4334,#4687,.T.);
#3770=EDGE_CURVE('',#4688,#4448,#4689,.T.);
#3771=EDGE_CURVE('',#4688,#4686,#4690,.T.);
#3772=EDGE_CURVE('',#4449,#4691,#4692,.T.);
#3773=EDGE_CURVE('',#4336,#4693,#4694,.T.);
#3774=EDGE_CURVE('',#4691,#4693,#4695,.T.);
#3775=EDGE_CURVE('',#4454,#4696,#4697,.T.);
#3776=EDGE_CURVE('',#4453,#4698,#4699,.T.);
#3777=EDGE_CURVE('',#4696,#4698,#4700,.T.);
#3778=EDGE_CURVE('',#4481,#4701,#4702,.T.);
#3779=EDGE_CURVE('',#4479,#4703,#4704,.T.);
#3780=EDGE_CURVE('',#4701,#4703,#4705,.T.);
#3781=EDGE_CURVE('',#4489,#4706,#4707,.T.);
#3782=EDGE_CURVE('',#4487,#4708,#4709,.T.);
#3783=EDGE_CURVE('',#4706,#4708,#4710,.T.);
#3784=EDGE_CURVE('',#4696,#4711,#4712,.T.);
#3785=EDGE_CURVE('',#4711,#4713,#4714,.T.);
#3786=EDGE_CURVE('',#4713,#4496,#4715,.T.);
#3787=EDGE_CURVE('',#4716,#4498,#4717,.T.);
#3788=EDGE_CURVE('',#4718,#4716,#4719,.T.);
#3789=EDGE_CURVE('',#4698,#4718,#4720,.T.);
#3790=EDGE_CURVE('',#4716,#4713,#4721,.T.);
#3791=EDGE_CURVE('',#4701,#4722,#4723,.T.);
#3792=EDGE_CURVE('',#4722,#4724,#4725,.T.);
#3793=EDGE_CURVE('',#4724,#4506,#4726,.T.);
#3794=EDGE_CURVE('',#4727,#4508,#4728,.T.);
#3795=EDGE_CURVE('',#4729,#4727,#4730,.T.);
#3796=EDGE_CURVE('',#4703,#4729,#4731,.T.);
#3797=EDGE_CURVE('',#4727,#4724,#4732,.T.);
#3798=EDGE_CURVE('',#4706,#4733,#4734,.T.);
#3799=EDGE_CURVE('',#4733,#4735,#4736,.T.);
#3800=EDGE_CURVE('',#4735,#4501,#4737,.T.);
#3801=EDGE_CURVE('',#4738,#4503,#4739,.T.);
#3802=EDGE_CURVE('',#4740,#4738,#4741,.T.);
#3803=EDGE_CURVE('',#4708,#4740,#4742,.T.);
#3804=EDGE_CURVE('',#4738,#4735,#4743,.T.);
#3805=EDGE_CURVE('',#4744,#4745,#4746,.T.);
#3806=EDGE_CURVE('',#4745,#4747,#4748,.T.);
#3807=EDGE_CURVE('',#4747,#4749,#4750,.T.);
#3808=EDGE_CURVE('',#4751,#4749,#4752,.T.);
#3809=EDGE_CURVE('',#4751,#4753,#4754,.T.);
#3810=EDGE_CURVE('',#4753,#4755,#4756,.T.);
#3811=EDGE_CURVE('',#4755,#4757,#4758,.T.);
#3812=EDGE_CURVE('',#4757,#4759,#4760,.T.);
#3813=EDGE_CURVE('',#4759,#4761,#4762,.T.);
#3814=EDGE_CURVE('',#4761,#4763,#4764,.T.);
#3815=EDGE_CURVE('',#4763,#4765,#4766,.T.);
#3816=EDGE_CURVE('',#4765,#4767,#4768,.T.);
#3817=EDGE_CURVE('',#4767,#4769,#4770,.T.);
#3818=EDGE_CURVE('',#4769,#4744,#4771,.T.);
#3819=EDGE_CURVE('',#4772,#4773,#4774,.T.);
#3820=EDGE_CURVE('',#4772,#4775,#4776,.T.);
#3821=EDGE_CURVE('',#4775,#4777,#4778,.T.);
#3822=EDGE_CURVE('',#4777,#4773,#4779,.T.);
#3823=EDGE_CURVE('',#4780,#4781,#4782,.T.);
#3824=EDGE_CURVE('',#4783,#4780,#4784,.T.);
#3825=EDGE_CURVE('',#4785,#4783,#4786,.T.);
#3826=EDGE_CURVE('',#4785,#4787,#4788,.T.);
#3827=EDGE_CURVE('',#4787,#4789,#4790,.T.);
#3828=EDGE_CURVE('',#4789,#4791,#4792,.T.);
#3829=EDGE_CURVE('',#4791,#4793,#4794,.T.);
#3830=EDGE_CURVE('',#4793,#4795,#4796,.T.);
#3831=EDGE_CURVE('',#4795,#4797,#4798,.T.);
#3832=EDGE_CURVE('',#4797,#4799,#4800,.T.);
#3833=EDGE_CURVE('',#4799,#4801,#4802,.T.);
#3834=EDGE_CURVE('',#4803,#4801,#4804,.T.);
#3835=EDGE_CURVE('',#4805,#4803,#4806,.T.);
#3836=EDGE_CURVE('',#4781,#4805,#4807,.T.);
#3837=EDGE_CURVE('',#4808,#4809,#4810,.T.);
#3838=EDGE_CURVE('',#4808,#4811,#4812,.T.);
#3839=EDGE_CURVE('',#4813,#4811,#4814,.T.);
#3840=EDGE_CURVE('',#4809,#4813,#4815,.T.);
#3841=EDGE_CURVE('',#4389,#4816,#4817,.T.);
#3842=EDGE_CURVE('',#4818,#4387,#4819,.T.);
#3843=EDGE_CURVE('',#4820,#4818,#4821,.T.);
#3844=EDGE_CURVE('',#4820,#4822,#4823,.T.);
#3845=EDGE_CURVE('',#4824,#4822,#4825,.T.);
#3846=EDGE_CURVE('',#4824,#4826,#4827,.T.);
#3847=EDGE_CURVE('',#4816,#4826,#4828,.T.);
#3848=EDGE_CURVE('',#4820,#4829,#4830,.T.);
#3849=EDGE_CURVE('',#4818,#4831,#4832,.T.);
#3850=EDGE_CURVE('',#4833,#4831,#4834,.T.);
#3851=EDGE_CURVE('',#4833,#4835,#4836,.T.);
#3852=EDGE_CURVE('',#4837,#4835,#4838,.T.);
#3853=EDGE_CURVE('',#4837,#4839,#4840,.T.);
#3854=EDGE_CURVE('',#4829,#4839,#4841,.T.);
#3855=EDGE_CURVE('',#4822,#4829,#4842,.T.);
#3856=EDGE_CURVE('',#4843,#4844,#4845,.T.);
#3857=EDGE_CURVE('',#4844,#4846,#4847,.T.);
#3858=EDGE_CURVE('',#4848,#4846,#4849,.T.);
#3859=EDGE_CURVE('',#4850,#4848,#4851,.T.);
#3860=EDGE_CURVE('',#4850,#4852,#4853,.T.);
#3861=EDGE_CURVE('',#4854,#4852,#4855,.T.);
#3862=EDGE_CURVE('',#4854,#4856,#4857,.T.);
#3863=EDGE_CURVE('',#4843,#4856,#4858,.T.);
#3864=EDGE_CURVE('',#4843,#4358,#4859,.T.);
#3865=EDGE_CURVE('',#4856,#4860,#4861,.T.);
#3866=EDGE_CURVE('',#4862,#4860,#4863,.T.);
#3867=EDGE_CURVE('',#4862,#4360,#4864,.T.);
#3868=EDGE_CURVE('',#4865,#4866,#4867,.T.);
#3869=EDGE_CURVE('',#4865,#4868,#4869,.T.);
#3870=EDGE_CURVE('',#4870,#4868,#4871,.T.);
#3871=EDGE_CURVE('',#4866,#4870,#4872,.T.);
#3872=EDGE_CURVE('',#4873,#4874,#4875,.T.);
#3873=EDGE_CURVE('',#4873,#4876,#4877,.T.);
#3874=EDGE_CURVE('',#4878,#4876,#4879,.T.);
#3875=EDGE_CURVE('',#4874,#4878,#4880,.T.);
#3876=EDGE_CURVE('',#4881,#4882,#4883,.T.);
#3877=EDGE_CURVE('',#4881,#4884,#4885,.T.);
#3878=EDGE_CURVE('',#4886,#4884,#4887,.T.);
#3879=EDGE_CURVE('',#4882,#4886,#4888,.T.);
#3880=EDGE_CURVE('',#4785,#4889,#4890,.T.);
#3881=EDGE_CURVE('',#4891,#4783,#4892,.T.);
#3882=EDGE_CURVE('',#4893,#4891,#4894,.T.);
#3883=EDGE_CURVE('',#4895,#4893,#4896,.T.);
#3884=EDGE_CURVE('',#4895,#4897,#4898,.T.);
#3885=EDGE_CURVE('',#4899,#4897,#4900,.T.);
#3886=EDGE_CURVE('',#4901,#4899,#4902,.T.);
#3887=EDGE_CURVE('',#4903,#4901,#4904,.T.);
#3888=EDGE_CURVE('',#4905,#4903,#4906,.T.);
#3889=EDGE_CURVE('',#4905,#4907,#4908,.T.);
#3890=EDGE_CURVE('',#4907,#4909,#4910,.T.);
#3891=EDGE_CURVE('',#4744,#4909,#4911,.T.);
#3892=EDGE_CURVE('',#4769,#4912,#4913,.T.);
#3893=EDGE_CURVE('',#4889,#4912,#4914,.T.);
#3894=EDGE_CURVE('',#4780,#4915,#4916,.T.);
#3895=EDGE_CURVE('',#4915,#4917,#4918,.T.);
#3896=EDGE_CURVE('',#4917,#4919,#4920,.T.);
#3897=EDGE_CURVE('',#4899,#4919,#4921,.T.);
#3898=EDGE_CURVE('',#4897,#4922,#4923,.T.);
#3899=EDGE_CURVE('',#4922,#4924,#4925,.T.);
#3900=EDGE_CURVE('',#4924,#4891,#4926,.T.);
#3901=EDGE_CURVE('',#4927,#4917,#4928,.T.);
#3902=EDGE_CURVE('',#4929,#4927,#4930,.T.);
#3903=EDGE_CURVE('',#4929,#4658,#4931,.T.);
#3904=EDGE_CURVE('',#4326,#4932,#4933,.T.);
#3905=EDGE_CURVE('',#4932,#4934,#4935,.T.);
#3906=EDGE_CURVE('',#4936,#4934,#4937,.T.);
#3907=EDGE_CURVE('',#4936,#4919,#4938,.T.);
#3908=EDGE_CURVE('',#4939,#4305,#4940,.T.);
#3909=EDGE_CURVE('',#4932,#4939,#4941,.T.);
#3910=EDGE_CURVE('',#4889,#4942,#4943,.T.);
#3911=EDGE_CURVE('',#4944,#4912,#4945,.T.);
#3912=EDGE_CURVE('',#4946,#4944,#4947,.T.);
#3913=EDGE_CURVE('',#4948,#4946,#4949,.T.);
#3914=EDGE_CURVE('',#4950,#4948,#4951,.T.);
#3915=EDGE_CURVE('',#4952,#4950,#4953,.T.);
#3916=EDGE_CURVE('',#4954,#4952,#4955,.T.);
#3917=EDGE_CURVE('',#4956,#4954,#4957,.T.);
#3918=EDGE_CURVE('',#4958,#4956,#4959,.T.);
#3919=EDGE_CURVE('',#4958,#4665,#4960,.T.);
#3920=EDGE_CURVE('',#4663,#4961,#4962,.T.);
#3921=EDGE_CURVE('',#4963,#4961,#4964,.T.);
#3922=EDGE_CURVE('',#4965,#4963,#4966,.T.);
#3923=EDGE_CURVE('',#4967,#4965,#4968,.T.);
#3924=EDGE_CURVE('',#4969,#4967,#4970,.T.);
#3925=EDGE_CURVE('',#4971,#4969,#4972,.T.);
#3926=EDGE_CURVE('',#4973,#4971,#4974,.T.);
#3927=EDGE_CURVE('',#4942,#4973,#4975,.T.);
#3928=EDGE_CURVE('',#4976,#4977,#4978,.T.);
#3929=EDGE_CURVE('',#4979,#4976,#4980,.T.);
#3930=EDGE_CURVE('',#4979,#4981,#4982,.T.);
#3931=EDGE_CURVE('',#4981,#4749,#4983,.T.);
#3932=EDGE_CURVE('',#4977,#4747,#4984,.T.);
#3933=EDGE_CURVE('',#4831,#4385,#4985,.T.);
#3934=EDGE_CURVE('',#4986,#4383,#4987,.T.);
#3935=EDGE_CURVE('',#4988,#4986,#4989,.T.);
#3936=EDGE_CURVE('',#4833,#4988,#4990,.T.);
#3937=EDGE_CURVE('',#4991,#4803,#4992,.T.);
#3938=EDGE_CURVE('',#4801,#4961,#4993,.T.);
#3939=EDGE_CURVE('',#4403,#4991,#4994,.T.);
#3940=EDGE_CURVE('',#4995,#4848,#4996,.T.);
#3941=EDGE_CURVE('',#4848,#4997,#4998,.T.);
#3942=EDGE_CURVE('',#4999,#4997,#5000,.T.);
#3943=EDGE_CURVE('',#4999,#5001,#5002,.T.);
#3944=EDGE_CURVE('',#5001,#4995,#5003,.T.);
#3945=EDGE_CURVE('',#5004,#4781,#5005,.T.);
#3946=EDGE_CURVE('',#5006,#4805,#5007,.T.);
#3947=EDGE_CURVE('',#5006,#4929,#5008,.T.);
#3948=EDGE_CURVE('',#4927,#5004,#5009,.T.);
#3949=EDGE_CURVE('',#4958,#4753,#5010,.T.);
#3950=EDGE_CURVE('',#5011,#4751,#5012,.T.);
#3951=EDGE_CURVE('',#5011,#4401,#5013,.T.);
#3952=EDGE_CURVE('',#4829,#5014,#5015,.T.);
#3953=EDGE_CURVE('',#5016,#5014,#5017,.T.);
#3954=EDGE_CURVE('',#5016,#4824,#5018,.T.);
#3955=EDGE_CURVE('',#5019,#4909,#5020,.T.);
#3956=EDGE_CURVE('',#5021,#5019,#5022,.T.);
#3957=EDGE_CURVE('',#4903,#5021,#5023,.T.);
#3958=EDGE_CURVE('',#4901,#5024,#5025,.T.);
#3959=EDGE_CURVE('',#5026,#5024,#5027,.T.);
#3960=EDGE_CURVE('',#5028,#5026,#5029,.T.);
#3961=EDGE_CURVE('',#4745,#5028,#5030,.T.);
#3962=EDGE_CURVE('',#5031,#5032,#5033,.T.);
#3963=EDGE_CURVE('',#4826,#5031,#5034,.T.);
#3964=EDGE_CURVE('',#5035,#5016,#5036,.T.);
#3965=EDGE_CURVE('',#5024,#5035,#5037,.T.);
#3966=EDGE_CURVE('',#5001,#4936,#5038,.T.);
#3967=EDGE_CURVE('',#5039,#4999,#5040,.T.);
#3968=EDGE_CURVE('',#5041,#5039,#5042,.T.);
#3969=EDGE_CURVE('',#5041,#5043,#5044,.T.);
#3970=EDGE_CURVE('',#5032,#5043,#5045,.T.);
#3971=EDGE_CURVE('',#5043,#5046,#5047,.T.);
#3972=EDGE_CURVE('',#5048,#5046,#5049,.T.);
#3973=EDGE_CURVE('',#5032,#5048,#5050,.T.);
#3974=EDGE_CURVE('',#5046,#5051,#5052,.T.);
#3975=EDGE_CURVE('',#5053,#5051,#5054,.T.);
#3976=EDGE_CURVE('',#5048,#5053,#5055,.T.);
#3977=EDGE_CURVE('',#5056,#5057,#5058,.T.);
#3978=EDGE_CURVE('',#5056,#5059,#5060,.T.);
#3979=EDGE_CURVE('',#5061,#5059,#5062,.T.);
#3980=EDGE_CURVE('',#5057,#5061,#5063,.T.);
#3981=EDGE_CURVE('',#5064,#5065,#5066,.T.);
#3982=EDGE_CURVE('',#5064,#5067,#5068,.T.);
#3983=EDGE_CURVE('',#5069,#5067,#5070,.T.);
#3984=EDGE_CURVE('',#5065,#5069,#5071,.T.);
#3985=EDGE_CURVE('',#5072,#5073,#5074,.T.);
#3986=EDGE_CURVE('',#5072,#5075,#5076,.T.);
#3987=EDGE_CURVE('',#5077,#5075,#5078,.T.);
#3988=EDGE_CURVE('',#5073,#5077,#5079,.T.);
#3989=EDGE_CURVE('',#5051,#4672,#5080,.T.);
#3990=EDGE_CURVE('',#5081,#4670,#5082,.T.);
#3991=EDGE_CURVE('',#5083,#5081,#5084,.T.);
#3992=EDGE_CURVE('',#5083,#4681,#5085,.T.);
#3993=EDGE_CURVE('',#5053,#4679,#5086,.T.);
#3994=EDGE_CURVE('',#5087,#4677,#5088,.T.);
#3995=EDGE_CURVE('',#5087,#5031,#5089,.T.);
#3996=EDGE_CURVE('',#5090,#5041,#5091,.T.);
#3997=EDGE_CURVE('',#4674,#5090,#5092,.T.);
#3998=EDGE_CURVE('',#4722,#4740,#5093,.T.);
#3999=EDGE_CURVE('',#5094,#4729,#5095,.T.);
#4000=EDGE_CURVE('',#5094,#5096,#5097,.T.);
#4001=EDGE_CURVE('',#4860,#5096,#5098,.T.);
#4002=EDGE_CURVE('',#4991,#4854,#5099,.T.);
#4003=EDGE_CURVE('',#4835,#5011,#5100,.T.);
#4004=EDGE_CURVE('',#5101,#4988,#5102,.T.);
#4005=EDGE_CURVE('',#5103,#5101,#5104,.T.);
#4006=EDGE_CURVE('',#4711,#5103,#5105,.T.);
#4007=EDGE_CURVE('',#4733,#4718,#5106,.T.);
#4008=EDGE_CURVE('',#5107,#5103,#5108,.T.);
#4009=EDGE_CURVE('',#5109,#5107,#5110,.T.);
#4010=EDGE_CURVE('',#5109,#5094,#5111,.T.);
#4011=EDGE_CURVE('',#5081,#5109,#5112,.T.);
#4012=EDGE_CURVE('',#5083,#5107,#5113,.T.);
#4013=EDGE_CURVE('',#5114,#5101,#5115,.T.);
#4014=EDGE_CURVE('',#5114,#4683,#5116,.T.);
#4015=EDGE_CURVE('',#5096,#5117,#5118,.T.);
#4016=EDGE_CURVE('',#5117,#4668,#5119,.T.);
#4017=EDGE_CURVE('',#5120,#4353,#5121,.T.);
#4018=EDGE_CURVE('',#5120,#5039,#5122,.T.);
#4019=EDGE_CURVE('',#4997,#4846,#5123,.T.);
#4020=EDGE_CURVE('',#4844,#4356,#5124,.T.);
#4021=EDGE_CURVE('',#4854,#5006,#5125,.T.);
#4022=EDGE_CURVE('',#4934,#4995,#5126,.T.);
#4023=EDGE_CURVE('',#4976,#5026,#5127,.T.);
#4024=EDGE_CURVE('',#5035,#5128,#5129,.T.);
#4025=EDGE_CURVE('',#5128,#4688,#5130,.T.);
#4026=EDGE_CURVE('',#4691,#4979,#5131,.T.);
#4027=EDGE_CURVE('',#5014,#5128,#5132,.T.);
#4028=EDGE_CURVE('',#4981,#4835,#5133,.T.);
#4029=EDGE_CURVE('',#4693,#5019,#5134,.T.);
#4030=EDGE_CURVE('',#4907,#4837,#5135,.T.);
#4031=EDGE_CURVE('',#4905,#4839,#5136,.T.);
#4032=EDGE_CURVE('',#5021,#4686,#5137,.T.);
#4033=EDGE_CURVE('',#4893,#4852,#5138,.T.);
#4034=EDGE_CURVE('',#4660,#4924,#5139,.T.);
#4035=EDGE_CURVE('',#4939,#4922,#5140,.T.);
#4036=EDGE_CURVE('',#4850,#4895,#5141,.T.);
#4037=EDGE_CURVE('',#4862,#5117,#5142,.T.);
#4038=EDGE_CURVE('',#5114,#4986,#5143,.T.);
#4039=EDGE_CURVE('',#5028,#4977,#5144,.T.);
#4040=EDGE_CURVE('',#4915,#5004,#5145,.T.);
#4041=EDGE_CURVE('',#4956,#4755,#5146,.T.);
#4042=EDGE_CURVE('',#4946,#4765,#5147,.T.);
#4043=EDGE_CURVE('',#4944,#4767,#5148,.T.);
#4044=EDGE_CURVE('',#4954,#4757,#5149,.T.);
#4045=EDGE_CURVE('',#4952,#4759,#5150,.T.);
#4046=EDGE_CURVE('',#4948,#4763,#5151,.T.);
#4047=EDGE_CURVE('',#4950,#4761,#5152,.T.);
#4048=EDGE_CURVE('',#4963,#4799,#5153,.T.);
#4049=EDGE_CURVE('',#4942,#4787,#5154,.T.);
#4050=EDGE_CURVE('',#4973,#4789,#5155,.T.);
#4051=EDGE_CURVE('',#4971,#4791,#5156,.T.);
#4052=EDGE_CURVE('',#4969,#4793,#5157,.T.);
#4053=EDGE_CURVE('',#4967,#4795,#5158,.T.);
#4054=EDGE_CURVE('',#4965,#4797,#5159,.T.);
#4055=EDGE_CURVE('',#5087,#4816,#5160,.T.);
#4056=EDGE_CURVE('',#5120,#5090,#5161,.T.);
#4057=EDGE_CURVE('',#5162,#4282,#5163,.T.);
#4058=EDGE_CURVE('',#5162,#5164,#5165,.T.);
#4059=EDGE_CURVE('',#5164,#4281,#5166,.T.);
#4060=EDGE_CURVE('',#4284,#5167,#5168,.T.);
#4061=EDGE_CURVE('',#5169,#5167,#5170,.T.);
#4062=EDGE_CURVE('',#4286,#5169,#5171,.T.);
#4063=EDGE_CURVE('',#5072,#5162,#5172,.T.);
#4064=EDGE_CURVE('',#5169,#5075,#5173,.T.);
#4065=EDGE_CURVE('',#5073,#5164,#5174,.T.);
#4066=EDGE_CURVE('',#5167,#5077,#5175,.T.);
#4067=EDGE_CURVE('',#4881,#5176,#5177,.T.);
#4068=EDGE_CURVE('',#4882,#5178,#5179,.T.);
#4069=EDGE_CURVE('',#5176,#5178,#5180,.T.);
#4070=EDGE_CURVE('',#5181,#4886,#5182,.T.);
#4071=EDGE_CURVE('',#5183,#4884,#5184,.T.);
#4072=EDGE_CURVE('',#5183,#5181,#5185,.T.);
#4073=EDGE_CURVE('',#5176,#5186,#5187,.T.);
#4074=EDGE_CURVE('',#5186,#5188,#5189,.T.);
#4075=EDGE_CURVE('',#5188,#5190,#5191,.T.);
#4076=EDGE_CURVE('',#5190,#5192,#5193,.T.);
#4077=EDGE_CURVE('',#5192,#5194,#5195,.T.);
#4078=EDGE_CURVE('',#5194,#5196,#5197,.T.);
#4079=EDGE_CURVE('',#5196,#5183,#5198,.T.);
#4080=EDGE_CURVE('',#5199,#5181,#5200,.T.);
#4081=EDGE_CURVE('',#5201,#5199,#5202,.T.);
#4082=EDGE_CURVE('',#5203,#5201,#5204,.T.);
#4083=EDGE_CURVE('',#5205,#5203,#5206,.T.);
#4084=EDGE_CURVE('',#5207,#5205,#5208,.T.);
#4085=EDGE_CURVE('',#5209,#5207,#5210,.T.);
#4086=EDGE_CURVE('',#5178,#5209,#5211,.T.);
#4087=EDGE_CURVE('',#5186,#5209,#5212,.T.);
#4088=EDGE_CURVE('',#5188,#5207,#5213,.T.);
#4089=EDGE_CURVE('',#5190,#5205,#5214,.T.);
#4090=EDGE_CURVE('',#5192,#5203,#5215,.T.);
#4091=EDGE_CURVE('',#5194,#5201,#5216,.T.);
#4092=EDGE_CURVE('',#5196,#5199,#5217,.T.);
#4093=EDGE_CURVE('',#5218,#4274,#5219,.T.);
#4094=EDGE_CURVE('',#5218,#5220,#5221,.T.);
#4095=EDGE_CURVE('',#5220,#4273,#5222,.T.);
#4096=EDGE_CURVE('',#4276,#5223,#5224,.T.);
#4097=EDGE_CURVE('',#5225,#5223,#5226,.T.);
#4098=EDGE_CURVE('',#4278,#5225,#5227,.T.);
#4099=EDGE_CURVE('',#5064,#5218,#5228,.T.);
#4100=EDGE_CURVE('',#5225,#5067,#5229,.T.);
#4101=EDGE_CURVE('',#5065,#5220,#5230,.T.);
#4102=EDGE_CURVE('',#5223,#5069,#5231,.T.);
#4103=EDGE_CURVE('',#5232,#4266,#5233,.T.);
#4104=EDGE_CURVE('',#5232,#5234,#5235,.T.);
#4105=EDGE_CURVE('',#5234,#4265,#5236,.T.);
#4106=EDGE_CURVE('',#4268,#5237,#5238,.T.);
#4107=EDGE_CURVE('',#5239,#5237,#5240,.T.);
#4108=EDGE_CURVE('',#4270,#5239,#5241,.T.);
#4109=EDGE_CURVE('',#5056,#5232,#5242,.T.);
#4110=EDGE_CURVE('',#5239,#5059,#5243,.T.);
#4111=EDGE_CURVE('',#5057,#5234,#5244,.T.);
#4112=EDGE_CURVE('',#5237,#5061,#5245,.T.);
#4113=EDGE_CURVE('',#4873,#5246,#5247,.T.);
#4114=EDGE_CURVE('',#4874,#5248,#5249,.T.);
#4115=EDGE_CURVE('',#5246,#5248,#5250,.T.);
#4116=EDGE_CURVE('',#5251,#4878,#5252,.T.);
#4117=EDGE_CURVE('',#5253,#4876,#5254,.T.);
#4118=EDGE_CURVE('',#5253,#5251,#5255,.T.);
#4119=EDGE_CURVE('',#5246,#5256,#5257,.T.);
#4120=EDGE_CURVE('',#5256,#5258,#5259,.T.);
#4121=EDGE_CURVE('',#5258,#5260,#5261,.T.);
#4122=EDGE_CURVE('',#5260,#5262,#5263,.T.);
#4123=EDGE_CURVE('',#5262,#5264,#5265,.T.);
#4124=EDGE_CURVE('',#5264,#5266,#5267,.T.);
#4125=EDGE_CURVE('',#5266,#5253,#5268,.T.);
#4126=EDGE_CURVE('',#5269,#5251,#5270,.T.);
#4127=EDGE_CURVE('',#5271,#5269,#5272,.T.);
#4128=EDGE_CURVE('',#5273,#5271,#5274,.T.);
#4129=EDGE_CURVE('',#5275,#5273,#5276,.T.);
#4130=EDGE_CURVE('',#5277,#5275,#5278,.T.);
#4131=EDGE_CURVE('',#5279,#5277,#5280,.T.);
#4132=EDGE_CURVE('',#5248,#5279,#5281,.T.);
#4133=EDGE_CURVE('',#5256,#5279,#5282,.T.);
#4134=EDGE_CURVE('',#5258,#5277,#5283,.T.);
#4135=EDGE_CURVE('',#5260,#5275,#5284,.T.);
#4136=EDGE_CURVE('',#5262,#5273,#5285,.T.);
#4137=EDGE_CURVE('',#5264,#5271,#5286,.T.);
#4138=EDGE_CURVE('',#5266,#5269,#5287,.T.);
#4139=EDGE_CURVE('',#4865,#5288,#5289,.T.);
#4140=EDGE_CURVE('',#4866,#5290,#5291,.T.);
#4141=EDGE_CURVE('',#5288,#5290,#5292,.T.);
#4142=EDGE_CURVE('',#5293,#4870,#5294,.T.);
#4143=EDGE_CURVE('',#5295,#4868,#5296,.T.);
#4144=EDGE_CURVE('',#5295,#5293,#5297,.T.);
#4145=EDGE_CURVE('',#5288,#5298,#5299,.T.);
#4146=EDGE_CURVE('',#5298,#5300,#5301,.T.);
#4147=EDGE_CURVE('',#5300,#5302,#5303,.T.);
#4148=EDGE_CURVE('',#5302,#5304,#5305,.T.);
#4149=EDGE_CURVE('',#5304,#5306,#5307,.T.);
#4150=EDGE_CURVE('',#5306,#5308,#5309,.T.);
#4151=EDGE_CURVE('',#5308,#5295,#5310,.T.);
#4152=EDGE_CURVE('',#5311,#5293,#5312,.T.);
#4153=EDGE_CURVE('',#5313,#5311,#5314,.T.);
#4154=EDGE_CURVE('',#5315,#5313,#5316,.T.);
#4155=EDGE_CURVE('',#5317,#5315,#5318,.T.);
#4156=EDGE_CURVE('',#5319,#5317,#5320,.T.);
#4157=EDGE_CURVE('',#5321,#5319,#5322,.T.);
#4158=EDGE_CURVE('',#5290,#5321,#5323,.T.);
#4159=EDGE_CURVE('',#5298,#5321,#5324,.T.);
#4160=EDGE_CURVE('',#5300,#5319,#5325,.T.);
#4161=EDGE_CURVE('',#5302,#5317,#5326,.T.);
#4162=EDGE_CURVE('',#5304,#5315,#5327,.T.);
#4163=EDGE_CURVE('',#5306,#5313,#5328,.T.);
#4164=EDGE_CURVE('',#5308,#5311,#5329,.T.);
#4165=EDGE_CURVE('',#5330,#5331,#5332,.T.);
#4166=EDGE_CURVE('',#5333,#5331,#5334,.T.);
#4167=EDGE_CURVE('',#5335,#5333,#5336,.T.);
#4168=EDGE_CURVE('',#5337,#5335,#5338,.T.);
#4169=EDGE_CURVE('',#5339,#5337,#5340,.T.);
#4170=EDGE_CURVE('',#5339,#5341,#5342,.T.);
#4171=EDGE_CURVE('',#5341,#5343,#5344,.T.);
#4172=EDGE_CURVE('',#5343,#5345,#5346,.T.);
#4173=EDGE_CURVE('',#5345,#5347,#5348,.T.);
#4174=EDGE_CURVE('',#5347,#5349,#5350,.T.);
#4175=EDGE_CURVE('',#5351,#5349,#5352,.T.);
#4176=EDGE_CURVE('',#5330,#5351,#5353,.T.);
#4177=EDGE_CURVE('',#5339,#4813,#5354,.T.);
#4178=EDGE_CURVE('',#5341,#4811,#5355,.T.);
#4179=EDGE_CURVE('',#4808,#5356,#5357,.T.);
#4180=EDGE_CURVE('',#4809,#5358,#5359,.T.);
#4181=EDGE_CURVE('',#5358,#5356,#5360,.T.);
#4182=EDGE_CURVE('',#5361,#5362,#5363,.T.);
#4183=EDGE_CURVE('',#5362,#5364,#5365,.T.);
#4184=EDGE_CURVE('',#5364,#5366,#5367,.T.);
#4185=EDGE_CURVE('',#5366,#5368,#5369,.T.);
#4186=EDGE_CURVE('',#5370,#5368,#5371,.T.);
#4187=EDGE_CURVE('',#5372,#5370,#5373,.T.);
#4188=EDGE_CURVE('',#5374,#5372,#5375,.T.);
#4189=EDGE_CURVE('',#5376,#5374,#5377,.T.);
#4190=EDGE_CURVE('',#5356,#5376,#5378,.T.);
#4191=EDGE_CURVE('',#5358,#5379,#5380,.T.);
#4192=EDGE_CURVE('',#5379,#5361,#5381,.T.);
#4193=EDGE_CURVE('',#5382,#5383,#5384,.T.);
#4194=EDGE_CURVE('',#5385,#5382,#5386,.T.);
#4195=EDGE_CURVE('',#5385,#5387,#5388,.T.);
#4196=EDGE_CURVE('',#5387,#5383,#5389,.T.);
#4197=EDGE_CURVE('',#5383,#5390,#5391,.T.);
#4198=EDGE_CURVE('',#5387,#5392,#5393,.T.);
#4199=EDGE_CURVE('',#5392,#5390,#5394,.T.);
#4200=EDGE_CURVE('',#5390,#5395,#5396,.T.);
#4201=EDGE_CURVE('',#5392,#5397,#5398,.T.);
#4202=EDGE_CURVE('',#5397,#5395,#5399,.T.);
#4203=EDGE_CURVE('',#5395,#5351,#5400,.T.);
#4204=EDGE_CURVE('',#5397,#5330,#5401,.T.);
#4205=EDGE_CURVE('',#5368,#5382,#5402,.T.);
#4206=EDGE_CURVE('',#5366,#5385,#5403,.T.);
#4207=EDGE_CURVE('',#5331,#5364,#5404,.T.);
#4208=EDGE_CURVE('',#5349,#5370,#5405,.T.);
#4209=EDGE_CURVE('',#5372,#5347,#5406,.T.);
#4210=EDGE_CURVE('',#5376,#5343,#5407,.T.);
#4211=EDGE_CURVE('',#5374,#5345,#5408,.T.);
#4212=EDGE_CURVE('',#5362,#5333,#5409,.T.);
#4213=EDGE_CURVE('',#5379,#5337,#5410,.T.);
#4214=EDGE_CURVE('',#5361,#5335,#5411,.T.);
#4215=EDGE_CURVE('',#5412,#4772,#5413,.T.);
#4216=EDGE_CURVE('',#5414,#5412,#5415,.T.);
#4217=EDGE_CURVE('',#5414,#4775,#5416,.T.);
#4218=EDGE_CURVE('',#4777,#5417,#5418,.T.);
#4219=EDGE_CURVE('',#5417,#5419,#5420,.T.);
#4220=EDGE_CURVE('',#4773,#5419,#5421,.T.);
#4221=EDGE_CURVE('',#5419,#5422,#5423,.T.);
#4222=EDGE_CURVE('',#5424,#5422,#5425,.T.);
#4223=EDGE_CURVE('',#5424,#5412,#5426,.T.);
#4224=EDGE_CURVE('',#5427,#5414,#5428,.T.);
#4225=EDGE_CURVE('',#5427,#5429,#5430,.T.);
#4226=EDGE_CURVE('',#5417,#5429,#5431,.T.);
#4227=EDGE_CURVE('',#5429,#5432,#5433,.T.);
#4228=EDGE_CURVE('',#5432,#5434,#5435,.T.);
#4229=EDGE_CURVE('',#5434,#5436,#5437,.T.);
#4230=EDGE_CURVE('',#5436,#5438,#5439,.T.);
#4231=EDGE_CURVE('',#5438,#5440,#5441,.T.);
#4232=EDGE_CURVE('',#5442,#5440,#5443,.T.);
#4233=EDGE_CURVE('',#5444,#5442,#5445,.T.);
#4234=EDGE_CURVE('',#5446,#5444,#5447,.T.);
#4235=EDGE_CURVE('',#5422,#5446,#5448,.T.);
#4236=EDGE_CURVE('',#5449,#5427,#5450,.T.);
#4237=EDGE_CURVE('',#5451,#5424,#5452,.T.);
#4238=EDGE_CURVE('',#5453,#5451,#5454,.T.);
#4239=EDGE_CURVE('',#5455,#5453,#5456,.T.);
#4240=EDGE_CURVE('',#5457,#5455,#5458,.T.);
#4241=EDGE_CURVE('',#5459,#5457,#5460,.T.);
#4242=EDGE_CURVE('',#5459,#5461,#5462,.T.);
#4243=EDGE_CURVE('',#5461,#5463,#5464,.T.);
#4244=EDGE_CURVE('',#5463,#5449,#5465,.T.);
#4245=EDGE_CURVE('',#5436,#5461,#5466,.T.);
#4246=EDGE_CURVE('',#5467,#5459,#5468,.T.);
#4247=EDGE_CURVE('',#5469,#5467,#5470,.T.);
#4248=EDGE_CURVE('',#5471,#5469,#5472,.T.);
#4249=EDGE_CURVE('',#5473,#5471,#5474,.T.);
#4250=EDGE_CURVE('',#5438,#5473,#5475,.T.);
#4251=EDGE_CURVE('',#5442,#5455,#5476,.T.);
#4252=EDGE_CURVE('',#5440,#5477,#5478,.T.);
#4253=EDGE_CURVE('',#5477,#5479,#5480,.T.);
#4254=EDGE_CURVE('',#5479,#5481,#5482,.T.);
#4255=EDGE_CURVE('',#5481,#5483,#5484,.T.);
#4256=EDGE_CURVE('',#5483,#5457,#5485,.T.);
#4257=EDGE_CURVE('',#5473,#5477,#5486,.T.);
#4258=EDGE_CURVE('',#5471,#5479,#5487,.T.);
#4259=EDGE_CURVE('',#5469,#5481,#5488,.T.);
#4260=EDGE_CURVE('',#5467,#5483,#5489,.T.);
#4261=EDGE_CURVE('',#5453,#5444,#5490,.T.);
#4262=EDGE_CURVE('',#5451,#5446,#5491,.T.);
#4263=EDGE_CURVE('',#5449,#5432,#5492,.T.);
#4264=EDGE_CURVE('',#5463,#5434,#5493,.T.);
#4265=VERTEX_POINT('',#5494);
#4266=VERTEX_POINT('',#5495);
#4267=LINE('',#5496,#5497);
#4268=VERTEX_POINT('',#5498);
#4269=CIRCLE('',#5499,0.1);
#4270=VERTEX_POINT('',#5500);
#4271=LINE('',#5501,#5502);
#4272=CIRCLE('',#5503,0.1);
#4273=VERTEX_POINT('',#5504);
#4274=VERTEX_POINT('',#5505);
#4275=LINE('',#5506,#5507);
#4276=VERTEX_POINT('',#5508);
#4277=CIRCLE('',#5509,0.1);
#4278=VERTEX_POINT('',#5510);
#4279=LINE('',#5511,#5512);
#4280=CIRCLE('',#5513,0.1);
#4281=VERTEX_POINT('',#5514);
#4282=VERTEX_POINT('',#5515);
#4283=LINE('',#5516,#5517);
#4284=VERTEX_POINT('',#5518);
#4285=CIRCLE('',#5519,0.1);
#4286=VERTEX_POINT('',#5520);
#4287=LINE('',#5521,#5522);
#4288=CIRCLE('',#5523,0.1);
#4289=VERTEX_POINT('',#5524);
#4290=VERTEX_POINT('',#5525);
#4291=LINE('',#5526,#5527);
#4292=VERTEX_POINT('',#5528);
#4293=CIRCLE('',#5529,0.2);
#4294=VERTEX_POINT('',#5530);
#4295=LINE('',#5531,#5532);
#4296=CIRCLE('',#5533,0.2);
#4297=VERTEX_POINT('',#5534);
#4298=VERTEX_POINT('',#5535);
#4299=LINE('',#5536,#5537);
#4300=VERTEX_POINT('',#5538);
#4301=CIRCLE('',#5539,0.2);
#4302=VERTEX_POINT('',#5540);
#4303=LINE('',#5541,#5542);
#4304=CIRCLE('',#5543,0.2);
#4305=VERTEX_POINT('',#5544);
#4306=VERTEX_POINT('',#5545);
#4307=LINE('',#5546,#5547);
#4308=VERTEX_POINT('',#5548);
#4309=LINE('',#5549,#5550);
#4310=VERTEX_POINT('',#5551);
#4311=LINE('',#5552,#5553);
#4312=VERTEX_POINT('',#5554);
#4313=LINE('',#5555,#5556);
#4314=VERTEX_POINT('',#5557);
#4315=LINE('',#5558,#5559);
#4316=VERTEX_POINT('',#5560);
#4317=LINE('',#5561,#5562);
#4318=VERTEX_POINT('',#5563);
#4319=LINE('',#5564,#5565);
#4320=VERTEX_POINT('',#5566);
#4321=LINE('',#5567,#5568);
#4322=VERTEX_POINT('',#5569);
#4323=LINE('',#5570,#5571);
#4324=LINE('',#5572,#5573);
#4325=VERTEX_POINT('',#5574);
#4326=VERTEX_POINT('',#5575);
#4327=LINE('',#5576,#5577);
#4328=VERTEX_POINT('',#5578);
#4329=LINE('',#5579,#5580);
#4330=VERTEX_POINT('',#5581);
#4331=LINE('',#5582,#5583);
#4332=LINE('',#5584,#5585);
#4333=VERTEX_POINT('',#5586);
#4334=VERTEX_POINT('',#5587);
#4335=LINE('',#5588,#5589);
#4336=VERTEX_POINT('',#5590);
#4337=LINE('',#5591,#5592);
#4338=VERTEX_POINT('',#5593);
#4339=LINE('',#5594,#5595);
#4340=VERTEX_POINT('',#5596);
#4341=LINE('',#5597,#5598);
#4342=VERTEX_POINT('',#5599);
#4343=LINE('',#5600,#5601);
#4344=VERTEX_POINT('',#5602);
#4345=LINE('',#5603,#5604);
#4346=VERTEX_POINT('',#5605);
#4347=LINE('',#5606,#5607);
#4348=VERTEX_POINT('',#5608);
#4349=LINE('',#5609,#5610);
#4350=VERTEX_POINT('',#5611);
#4351=LINE('',#5612,#5613);
#4352=LINE('',#5614,#5615);
#4353=VERTEX_POINT('',#5616);
#4354=VERTEX_POINT('',#5617);
#4355=LINE('',#5618,#5619);
#4356=VERTEX_POINT('',#5620);
#4357=LINE('',#5621,#5622);
#4358=VERTEX_POINT('',#5623);
#4359=LINE('',#5624,#5625);
#4360=VERTEX_POINT('',#5626);
#4361=LINE('',#5627,#5628);
#4362=VERTEX_POINT('',#5629);
#4363=LINE('',#5630,#5631);
#4364=VERTEX_POINT('',#5632);
#4365=LINE('',#5633,#5634);
#4366=VERTEX_POINT('',#5635);
#4367=LINE('',#5636,#5637);
#4368=VERTEX_POINT('',#5638);
#4369=LINE('',#5639,#5640);
#4370=LINE('',#5641,#5642);
#4371=VERTEX_POINT('',#5643);
#4372=LINE('',#5644,#5645);
#4373=VERTEX_POINT('',#5646);
#4374=LINE('',#5647,#5648);
#4375=VERTEX_POINT('',#5649);
#4376=LINE('',#5650,#5651);
#4377=VERTEX_POINT('',#5652);
#4378=LINE('',#5653,#5654);
#4379=VERTEX_POINT('',#5655);
#4380=LINE('',#5656,#5657);
#4381=VERTEX_POINT('',#5658);
#4382=LINE('',#5659,#5660);
#4383=VERTEX_POINT('',#5661);
#4384=LINE('',#5662,#5663);
#4385=VERTEX_POINT('',#5664);
#4386=LINE('',#5665,#5666);
#4387=VERTEX_POINT('',#5667);
#4388=LINE('',#5668,#5669);
#4389=VERTEX_POINT('',#5670);
#4390=LINE('',#5671,#5672);
#4391=VERTEX_POINT('',#5673);
#4392=LINE('',#5674,#5675);
#4393=VERTEX_POINT('',#5676);
#4394=LINE('',#5677,#5678);
#4395=VERTEX_POINT('',#5679);
#4396=LINE('',#5680,#5681);
#4397=VERTEX_POINT('',#5682);
#4398=LINE('',#5683,#5684);
#4399=VERTEX_POINT('',#5685);
#4400=LINE('',#5686,#5687);
#4401=VERTEX_POINT('',#5688);
#4402=LINE('',#5689,#5690);
#4403=VERTEX_POINT('',#5691);
#4404=LINE('',#5692,#5693);
#4405=VERTEX_POINT('',#5694);
#4406=LINE('',#5695,#5696);
#4407=VERTEX_POINT('',#5697);
#4408=LINE('',#5698,#5699);
#4409=VERTEX_POINT('',#5700);
#4410=LINE('',#5701,#5702);
#4411=VERTEX_POINT('',#5703);
#4412=LINE('',#5704,#5705);
#4413=LINE('',#5706,#5707);
#4414=VERTEX_POINT('',#5708);
#4415=VERTEX_POINT('',#5709);
#4416=LINE('',#5710,#5711);
#4417=VERTEX_POINT('',#5712);
#4418=LINE('',#5713,#5714);
#4419=VERTEX_POINT('',#5715);
#4420=LINE('',#5716,#5717);
#4421=LINE('',#5718,#5719);
#4422=VERTEX_POINT('',#5720);
#4423=LINE('',#5721,#5722);
#4424=VERTEX_POINT('',#5723);
#4425=LINE('',#5724,#5725);
#4426=VERTEX_POINT('',#5726);
#4427=LINE('',#5727,#5728);
#4428=VERTEX_POINT('',#5729);
#4429=LINE('',#5730,#5731);
#4430=LINE('',#5732,#5733);
#4431=VERTEX_POINT('',#5734);
#4432=VERTEX_POINT('',#5735);
#4433=LINE('',#5736,#5737);
#4434=VERTEX_POINT('',#5738);
#4435=LINE('',#5739,#5740);
#4436=VERTEX_POINT('',#5741);
#4437=LINE('',#5742,#5743);
#4438=VERTEX_POINT('',#5744);
#4439=LINE('',#5745,#5746);
#4440=VERTEX_POINT('',#5747);
#4441=LINE('',#5748,#5749);
#4442=VERTEX_POINT('',#5750);
#4443=LINE('',#5751,#5752);
#4444=LINE('',#5753,#5754);
#4445=VERTEX_POINT('',#5755);
#4446=LINE('',#5756,#5757);
#4447=LINE('',#5758,#5759);
#4448=VERTEX_POINT('',#5760);
#4449=VERTEX_POINT('',#5761);
#4450=LINE('',#5762,#5763);
#4451=LINE('',#5764,#5765);
#4452=LINE('',#5766,#5767);
#4453=VERTEX_POINT('',#5768);
#4454=VERTEX_POINT('',#5769);
#4455=LINE('',#5770,#5771);
#4456=VERTEX_POINT('',#5772);
#4457=LINE('',#5773,#5774);
#4458=VERTEX_POINT('',#5775);
#4459=LINE('',#5776,#5777);
#4460=VERTEX_POINT('',#5778);
#4461=LINE('',#5779,#5780);
#4462=VERTEX_POINT('',#5781);
#4463=LINE('',#5782,#5783);
#4464=VERTEX_POINT('',#5784);
#4465=LINE('',#5785,#5786);
#4466=LINE('',#5787,#5788);
#4467=LINE('',#5789,#5790);
#4468=LINE('',#5791,#5792);
#4469=VERTEX_POINT('',#5793);
#4470=LINE('',#5794,#5795);
#4471=VERTEX_POINT('',#5796);
#4472=LINE('',#5797,#5798);
#4473=VERTEX_POINT('',#5799);
#4474=LINE('',#5800,#5801);
#4475=VERTEX_POINT('',#5802);
#4476=LINE('',#5803,#5804);
#4477=VERTEX_POINT('',#5805);
#4478=LINE('',#5806,#5807);
#4479=VERTEX_POINT('',#5808);
#4480=LINE('',#5809,#5810);
#4481=VERTEX_POINT('',#5811);
#4482=LINE('',#5812,#5813);
#4483=VERTEX_POINT('',#5814);
#4484=LINE('',#5815,#5816);
#4485=VERTEX_POINT('',#5817);
#4486=LINE('',#5818,#5819);
#4487=VERTEX_POINT('',#5820);
#4488=LINE('',#5821,#5822);
#4489=VERTEX_POINT('',#5823);
#4490=LINE('',#5824,#5825);
#4491=VERTEX_POINT('',#5826);
#4492=LINE('',#5827,#5828);
#4493=VERTEX_POINT('',#5829);
#4494=LINE('',#5830,#5831);
#4495=LINE('',#5832,#5833);
#4496=VERTEX_POINT('',#5834);
#4497=LINE('',#5835,#5836);
#4498=VERTEX_POINT('',#5837);
#4499=LINE('',#5838,#5839);
#4500=LINE('',#5840,#5841);
#4501=VERTEX_POINT('',#5842);
#4502=LINE('',#5843,#5844);
#4503=VERTEX_POINT('',#5845);
#4504=LINE('',#5846,#5847);
#4505=LINE('',#5848,#5849);
#4506=VERTEX_POINT('',#5850);
#4507=LINE('',#5851,#5852);
#4508=VERTEX_POINT('',#5853);
#4509=LINE('',#5854,#5855);
#4510=LINE('',#5856,#5857);
#4511=VERTEX_POINT('',#5858);
#4512=LINE('',#5859,#5860);
#4513=VERTEX_POINT('',#5861);
#4514=LINE('',#5862,#5863);
#4515=LINE('',#5864,#5865);
#4516=VERTEX_POINT('',#5866);
#4517=VERTEX_POINT('',#5867);
#4518=LINE('',#5868,#5869);
#4519=VERTEX_POINT('',#5870);
#4520=LINE('',#5871,#5872);
#4521=LINE('',#5873,#5874);
#4522=VERTEX_POINT('',#5875);
#4523=LINE('',#5876,#5877);
#4524=VERTEX_POINT('',#5878);
#4525=LINE('',#5879,#5880);
#4526=LINE('',#5881,#5882);
#4527=LINE('',#5883,#5884);
#4528=VERTEX_POINT('',#5885);
#4529=LINE('',#5886,#5887);
#4530=VERTEX_POINT('',#5888);
#4531=LINE('',#5889,#5890);
#4532=LINE('',#5891,#5892);
#4533=VERTEX_POINT('',#5893);
#4534=LINE('',#5894,#5895);
#4535=LINE('',#5896,#5897);
#4536=VERTEX_POINT('',#5898);
#4537=LINE('',#5899,#5900);
#4538=LINE('',#5901,#5902);
#4539=VERTEX_POINT('',#5903);
#4540=LINE('',#5904,#5905);
#4541=LINE('',#5906,#5907);
#4542=LINE('',#5908,#5909);
#4543=VERTEX_POINT('',#5910);
#4544=LINE('',#5911,#5912);
#4545=VERTEX_POINT('',#5913);
#4546=LINE('',#5914,#5915);
#4547=VERTEX_POINT('',#5916);
#4548=LINE('',#5917,#5918);
#4549=LINE('',#5919,#5920);
#4550=VERTEX_POINT('',#5921);
#4551=LINE('',#5922,#5923);
#4552=LINE('',#5924,#5925);
#4553=VERTEX_POINT('',#5926);
#4554=LINE('',#5927,#5928);
#4555=LINE('',#5929,#5930);
#4556=VERTEX_POINT('',#5931);
#4557=LINE('',#5932,#5933);
#4558=LINE('',#5934,#5935);
#4559=LINE('',#5936,#5937);
#4560=VERTEX_POINT('',#5938);
#4561=VERTEX_POINT('',#5939);
#4562=LINE('',#5940,#5941);
#4563=VERTEX_POINT('',#5942);
#4564=LINE('',#5943,#5944);
#4565=LINE('',#5945,#5946);
#4566=LINE('',#5947,#5948);
#4567=VERTEX_POINT('',#5949);
#4568=LINE('',#5950,#5951);
#4569=LINE('',#5952,#5953);
#4570=VERTEX_POINT('',#5954);
#4571=LINE('',#5955,#5956);
#4572=LINE('',#5957,#5958);
#4573=LINE('',#5959,#5960);
#4574=LINE('',#5961,#5962);
#4575=LINE('',#5963,#5964);
#4576=LINE('',#5965,#5966);
#4577=VERTEX_POINT('',#5967);
#4578=LINE('',#5968,#5969);
#4579=LINE('',#5970,#5971);
#4580=VERTEX_POINT('',#5972);
#4581=LINE('',#5973,#5974);
#4582=VERTEX_POINT('',#5975);
#4583=LINE('',#5976,#5977);
#4584=LINE('',#5978,#5979);
#4585=LINE('',#5980,#5981);
#4586=VERTEX_POINT('',#5982);
#4587=LINE('',#5983,#5984);
#4588=CIRCLE('',#5985,0.2);
#4589=LINE('',#5986,#5987);
#4590=VERTEX_POINT('',#5988);
#4591=LINE('',#5989,#5990);
#4592=LINE('',#5991,#5992);
#4593=VERTEX_POINT('',#5993);
#4594=LINE('',#5994,#5995);
#4595=LINE('',#5996,#5997);
#4596=LINE('',#5998,#5999);
#4597=VERTEX_POINT('',#6000);
#4598=LINE('',#6001,#6002);
#4599=LINE('',#6003,#6004);
#4600=CIRCLE('',#6005,0.2);
#4601=LINE('',#6006,#6007);
#4602=VERTEX_POINT('',#6008);
#4603=LINE('',#6009,#6010);
#4604=LINE('',#6011,#6012);
#4605=VERTEX_POINT('',#6013);
#4606=LINE('',#6014,#6015);
#4607=VERTEX_POINT('',#6016);
#4608=LINE('',#6017,#6018);
#4609=LINE('',#6019,#6020);
#4610=VERTEX_POINT('',#6021);
#4611=LINE('',#6022,#6023);
#4612=LINE('',#6024,#6025);
#4613=LINE('',#6026,#6027);
#4614=VERTEX_POINT('',#6028);
#4615=CIRCLE('',#6029,0.2);
#4616=LINE('',#6030,#6031);
#4617=LINE('',#6032,#6033);
#4618=VERTEX_POINT('',#6034);
#4619=LINE('',#6035,#6036);
#4620=LINE('',#6037,#6038);
#4621=LINE('',#6039,#6040);
#4622=VERTEX_POINT('',#6041);
#4623=LINE('',#6042,#6043);
#4624=LINE('',#6044,#6045);
#4625=CIRCLE('',#6046,0.2);
#4626=LINE('',#6047,#6048);
#4627=VERTEX_POINT('',#6049);
#4628=LINE('',#6050,#6051);
#4629=LINE('',#6052,#6053);
#4630=VERTEX_POINT('',#6054);
#4631=LINE('',#6055,#6056);
#4632=LINE('',#6057,#6058);
#4633=LINE('',#6059,#6060);
#4634=VERTEX_POINT('',#6061);
#4635=LINE('',#6062,#6063);
#4636=LINE('',#6064,#6065);
#4637=LINE('',#6066,#6067);
#4638=VERTEX_POINT('',#6068);
#4639=LINE('',#6069,#6070);
#4640=LINE('',#6071,#6072);
#4641=VERTEX_POINT('',#6073);
#4642=LINE('',#6074,#6075);
#4643=LINE('',#6076,#6077);
#4644=LINE('',#6078,#6079);
#4645=VERTEX_POINT('',#6080);
#4646=LINE('',#6081,#6082);
#4647=LINE('',#6083,#6084);
#4648=LINE('',#6085,#6086);
#4649=VERTEX_POINT('',#6087);
#4650=LINE('',#6088,#6089);
#4651=VERTEX_POINT('',#6090);
#4652=LINE('',#6091,#6092);
#4653=LINE('',#6093,#6094);
#4654=VERTEX_POINT('',#6095);
#4655=LINE('',#6096,#6097);
#4656=LINE('',#6098,#6099);
#4657=LINE('',#6100,#6101);
#4658=VERTEX_POINT('',#6102);
#4659=LINE('',#6103,#6104);
#4660=VERTEX_POINT('',#6105);
#4661=LINE('',#6106,#6107);
#4662=LINE('',#6108,#6109);
#4663=VERTEX_POINT('',#6110);
#4664=LINE('',#6111,#6112);
#4665=VERTEX_POINT('',#6113);
#4666=LINE('',#6114,#6115);
#4667=LINE('',#6116,#6117);
#4668=VERTEX_POINT('',#6118);
#4669=LINE('',#6119,#6120);
#4670=VERTEX_POINT('',#6121);
#4671=LINE('',#6122,#6123);
#4672=VERTEX_POINT('',#6124);
#4673=LINE('',#6125,#6126);
#4674=VERTEX_POINT('',#6127);
#4675=LINE('',#6128,#6129);
#4676=LINE('',#6130,#6131);
#4677=VERTEX_POINT('',#6132);
#4678=LINE('',#6133,#6134);
#4679=VERTEX_POINT('',#6135);
#4680=LINE('',#6136,#6137);
#4681=VERTEX_POINT('',#6138);
#4682=LINE('',#6139,#6140);
#4683=VERTEX_POINT('',#6141);
#4684=LINE('',#6142,#6143);
#4685=LINE('',#6144,#6145);
#4686=VERTEX_POINT('',#6146);
#4687=LINE('',#6147,#6148);
#4688=VERTEX_POINT('',#6149);
#4689=LINE('',#6150,#6151);
#4690=LINE('',#6152,#6153);
#4691=VERTEX_POINT('',#6154);
#4692=LINE('',#6155,#6156);
#4693=VERTEX_POINT('',#6157);
#4694=LINE('',#6158,#6159);
#4695=LINE('',#6160,#6161);
#4696=VERTEX_POINT('',#6162);
#4697=CIRCLE('',#6163,0.15);
#4698=VERTEX_POINT('',#6164);
#4699=CIRCLE('',#6165,0.15);
#4700=LINE('',#6166,#6167);
#4701=VERTEX_POINT('',#6168);
#4702=CIRCLE('',#6169,0.15);
#4703=VERTEX_POINT('',#6170);
#4704=CIRCLE('',#6171,0.15);
#4705=LINE('',#6172,#6173);
#4706=VERTEX_POINT('',#6174);
#4707=CIRCLE('',#6175,0.15);
#4708=VERTEX_POINT('',#6176);
#4709=CIRCLE('',#6177,0.15);
#4710=LINE('',#6178,#6179);
#4711=VERTEX_POINT('',#6180);
#4712=LINE('',#6181,#6182);
#4713=VERTEX_POINT('',#6183);
#4714=LINE('',#6184,#6185);
#4715=LINE('',#6186,#6187);
#4716=VERTEX_POINT('',#6188);
#4717=LINE('',#6189,#6190);
#4718=VERTEX_POINT('',#6191);
#4719=LINE('',#6192,#6193);
#4720=LINE('',#6194,#6195);
#4721=LINE('',#6196,#6197);
#4722=VERTEX_POINT('',#6198);
#4723=LINE('',#6199,#6200);
#4724=VERTEX_POINT('',#6201);
#4725=LINE('',#6202,#6203);
#4726=LINE('',#6204,#6205);
#4727=VERTEX_POINT('',#6206);
#4728=LINE('',#6207,#6208);
#4729=VERTEX_POINT('',#6209);
#4730=LINE('',#6210,#6211);
#4731=LINE('',#6212,#6213);
#4732=LINE('',#6214,#6215);
#4733=VERTEX_POINT('',#6216);
#4734=LINE('',#6217,#6218);
#4735=VERTEX_POINT('',#6219);
#4736=LINE('',#6220,#6221);
#4737=LINE('',#6222,#6223);
#4738=VERTEX_POINT('',#6224);
#4739=LINE('',#6225,#6226);
#4740=VERTEX_POINT('',#6227);
#4741=LINE('',#6228,#6229);
#4742=LINE('',#6230,#6231);
#4743=LINE('',#6232,#6233);
#4744=VERTEX_POINT('',#6234);
#4745=VERTEX_POINT('',#6235);
#4746=LINE('',#6236,#6237);
#4747=VERTEX_POINT('',#6238);
#4748=LINE('',#6239,#6240);
#4749=VERTEX_POINT('',#6241);
#4750=LINE('',#6242,#6243);
#4751=VERTEX_POINT('',#6244);
#4752=CIRCLE('',#6245,0.15);
#4753=VERTEX_POINT('',#6246);
#4754=LINE('',#6247,#6248);
#4755=VERTEX_POINT('',#6249);
#4756=LINE('',#6250,#6251);
#4757=VERTEX_POINT('',#6252);
#4758=LINE('',#6253,#6254);
#4759=VERTEX_POINT('',#6255);
#4760=LINE('',#6256,#6257);
#4761=VERTEX_POINT('',#6258);
#4762=LINE('',#6259,#6260);
#4763=VERTEX_POINT('',#6261);
#4764=LINE('',#6262,#6263);
#4765=VERTEX_POINT('',#6264);
#4766=LINE('',#6265,#6266);
#4767=VERTEX_POINT('',#6267);
#4768=LINE('',#6268,#6269);
#4769=VERTEX_POINT('',#6270);
#4770=LINE('',#6271,#6272);
#4771=LINE('',#6273,#6274);
#4772=VERTEX_POINT('',#6275);
#4773=VERTEX_POINT('',#6276);
#4774=LINE('',#6277,#6278);
#4775=VERTEX_POINT('',#6279);
#4776=LINE('',#6280,#6281);
#4777=VERTEX_POINT('',#6282);
#4778=LINE('',#6283,#6284);
#4779=LINE('',#6285,#6286);
#4780=VERTEX_POINT('',#6287);
#4781=VERTEX_POINT('',#6288);
#4782=LINE('',#6289,#6290);
#4783=VERTEX_POINT('',#6291);
#4784=LINE('',#6292,#6293);
#4785=VERTEX_POINT('',#6294);
#4786=LINE('',#6295,#6296);
#4787=VERTEX_POINT('',#6297);
#4788=LINE('',#6298,#6299);
#4789=VERTEX_POINT('',#6300);
#4790=LINE('',#6301,#6302);
#4791=VERTEX_POINT('',#6303);
#4792=LINE('',#6304,#6305);
#4793=VERTEX_POINT('',#6306);
#4794=LINE('',#6307,#6308);
#4795=VERTEX_POINT('',#6309);
#4796=LINE('',#6310,#6311);
#4797=VERTEX_POINT('',#6312);
#4798=LINE('',#6313,#6314);
#4799=VERTEX_POINT('',#6315);
#4800=LINE('',#6316,#6317);
#4801=VERTEX_POINT('',#6318);
#4802=LINE('',#6319,#6320);
#4803=VERTEX_POINT('',#6321);
#4804=LINE('',#6322,#6323);
#4805=VERTEX_POINT('',#6324);
#4806=CIRCLE('',#6325,0.15);
#4807=LINE('',#6326,#6327);
#4808=VERTEX_POINT('',#6328);
#4809=VERTEX_POINT('',#6329);
#4810=LINE('',#6330,#6331);
#4811=VERTEX_POINT('',#6332);
#4812=LINE('',#6333,#6334);
#4813=VERTEX_POINT('',#6335);
#4814=LINE('',#6336,#6337);
#4815=LINE('',#6338,#6339);
#4816=VERTEX_POINT('',#6340);
#4817=LINE('',#6341,#6342);
#4818=VERTEX_POINT('',#6343);
#4819=LINE('',#6344,#6345);
#4820=VERTEX_POINT('',#6346);
#4821=LINE('',#6347,#6348);
#4822=VERTEX_POINT('',#6349);
#4823=LINE('',#6350,#6351);
#4824=VERTEX_POINT('',#6352);
#4825=LINE('',#6353,#6354);
#4826=VERTEX_POINT('',#6355);
#4827=LINE('',#6356,#6357);
#4828=LINE('',#6358,#6359);
#4829=VERTEX_POINT('',#6360);
#4830=LINE('',#6361,#6362);
#4831=VERTEX_POINT('',#6363);
#4832=LINE('',#6364,#6365);
#4833=VERTEX_POINT('',#6366);
#4834=LINE('',#6367,#6368);
#4835=VERTEX_POINT('',#6369);
#4836=LINE('',#6370,#6371);
#4837=VERTEX_POINT('',#6372);
#4838=LINE('',#6373,#6374);
#4839=VERTEX_POINT('',#6375);
#4840=LINE('',#6376,#6377);
#4841=LINE('',#6378,#6379);
#4842=CIRCLE('',#6380,0.15);
#4843=VERTEX_POINT('',#6381);
#4844=VERTEX_POINT('',#6382);
#4845=LINE('',#6383,#6384);
#4846=VERTEX_POINT('',#6385);
#4847=LINE('',#6386,#6387);
#4848=VERTEX_POINT('',#6388);
#4849=LINE('',#6389,#6390);
#4850=VERTEX_POINT('',#6391);
#4851=LINE('',#6392,#6393);
#4852=VERTEX_POINT('',#6394);
#4853=LINE('',#6395,#6396);
#4854=VERTEX_POINT('',#6397);
#4855=LINE('',#6398,#6399);
#4856=VERTEX_POINT('',#6400);
#4857=LINE('',#6401,#6402);
#4858=LINE('',#6403,#6404);
#4859=LINE('',#6405,#6406);
#4860=VERTEX_POINT('',#6407);
#4861=LINE('',#6408,#6409);
#4862=VERTEX_POINT('',#6410);
#4863=LINE('',#6411,#6412);
#4864=LINE('',#6413,#6414);
#4865=VERTEX_POINT('',#6415);
#4866=VERTEX_POINT('',#6416);
#4867=LINE('',#6417,#6418);
#4868=VERTEX_POINT('',#6419);
#4869=LINE('',#6420,#6421);
#4870=VERTEX_POINT('',#6422);
#4871=LINE('',#6423,#6424);
#4872=LINE('',#6425,#6426);
#4873=VERTEX_POINT('',#6427);
#4874=VERTEX_POINT('',#6428);
#4875=LINE('',#6429,#6430);
#4876=VERTEX_POINT('',#6431);
#4877=LINE('',#6432,#6433);
#4878=VERTEX_POINT('',#6434);
#4879=LINE('',#6435,#6436);
#4880=LINE('',#6437,#6438);
#4881=VERTEX_POINT('',#6439);
#4882=VERTEX_POINT('',#6440);
#4883=LINE('',#6441,#6442);
#4884=VERTEX_POINT('',#6443);
#4885=LINE('',#6444,#6445);
#4886=VERTEX_POINT('',#6446);
#4887=LINE('',#6447,#6448);
#4888=LINE('',#6449,#6450);
#4889=VERTEX_POINT('',#6451);
#4890=LINE('',#6452,#6453);
#4891=VERTEX_POINT('',#6454);
#4892=LINE('',#6455,#6456);
#4893=VERTEX_POINT('',#6457);
#4894=LINE('',#6458,#6459);
#4895=VERTEX_POINT('',#6460);
#4896=LINE('',#6461,#6462);
#4897=VERTEX_POINT('',#6463);
#4898=LINE('',#6464,#6465);
#4899=VERTEX_POINT('',#6466);
#4900=LINE('',#6467,#6468);
#4901=VERTEX_POINT('',#6469);
#4902=LINE('',#6470,#6471);
#4903=VERTEX_POINT('',#6472);
#4904=LINE('',#6473,#6474);
#4905=VERTEX_POINT('',#6475);
#4906=LINE('',#6476,#6477);
#4907=VERTEX_POINT('',#6478);
#4908=LINE('',#6479,#6480);
#4909=VERTEX_POINT('',#6481);
#4910=LINE('',#6482,#6483);
#4911=LINE('',#6484,#6485);
#4912=VERTEX_POINT('',#6486);
#4913=LINE('',#6487,#6488);
#4914=LINE('',#6489,#6490);
#4915=VERTEX_POINT('',#6491);
#4916=LINE('',#6492,#6493);
#4917=VERTEX_POINT('',#6494);
#4918=LINE('',#6495,#6496);
#4919=VERTEX_POINT('',#6497);
#4920=LINE('',#6498,#6499);
#4921=LINE('',#6500,#6501);
#4922=VERTEX_POINT('',#6502);
#4923=LINE('',#6503,#6504);
#4924=VERTEX_POINT('',#6505);
#4925=LINE('',#6506,#6507);
#4926=LINE('',#6508,#6509);
#4927=VERTEX_POINT('',#6510);
#4928=LINE('',#6511,#6512);
#4929=VERTEX_POINT('',#6513);
#4930=LINE('',#6514,#6515);
#4931=LINE('',#6516,#6517);
#4932=VERTEX_POINT('',#6518);
#4933=LINE('',#6519,#6520);
#4934=VERTEX_POINT('',#6521);
#4935=LINE('',#6522,#6523);
#4936=VERTEX_POINT('',#6524);
#4937=LINE('',#6525,#6526);
#4938=LINE('',#6527,#6528);
#4939=VERTEX_POINT('',#6529);
#4940=LINE('',#6530,#6531);
#4941=LINE('',#6532,#6533);
#4942=VERTEX_POINT('',#6534);
#4943=LINE('',#6535,#6536);
#4944=VERTEX_POINT('',#6537);
#4945=LINE('',#6538,#6539);
#4946=VERTEX_POINT('',#6540);
#4947=LINE('',#6541,#6542);
#4948=VERTEX_POINT('',#6543);
#4949=LINE('',#6544,#6545);
#4950=VERTEX_POINT('',#6546);
#4951=LINE('',#6547,#6548);
#4952=VERTEX_POINT('',#6549);
#4953=LINE('',#6550,#6551);
#4954=VERTEX_POINT('',#6552);
#4955=LINE('',#6553,#6554);
#4956=VERTEX_POINT('',#6555);
#4957=LINE('',#6556,#6557);
#4958=VERTEX_POINT('',#6558);
#4959=LINE('',#6559,#6560);
#4960=LINE('',#6561,#6562);
#4961=VERTEX_POINT('',#6563);
#4962=LINE('',#6564,#6565);
#4963=VERTEX_POINT('',#6566);
#4964=LINE('',#6567,#6568);
#4965=VERTEX_POINT('',#6569);
#4966=LINE('',#6570,#6571);
#4967=VERTEX_POINT('',#6572);
#4968=LINE('',#6573,#6574);
#4969=VERTEX_POINT('',#6575);
#4970=LINE('',#6576,#6577);
#4971=VERTEX_POINT('',#6578);
#4972=LINE('',#6579,#6580);
#4973=VERTEX_POINT('',#6581);
#4974=LINE('',#6582,#6583);
#4975=LINE('',#6584,#6585);
#4976=VERTEX_POINT('',#6586);
#4977=VERTEX_POINT('',#6587);
#4978=LINE('',#6588,#6589);
#4979=VERTEX_POINT('',#6590);
#4980=LINE('',#6591,#6592);
#4981=VERTEX_POINT('',#6593);
#4982=LINE('',#6594,#6595);
#4983=LINE('',#6596,#6597);
#4984=LINE('',#6598,#6599);
#4985=LINE('',#6600,#6601);
#4986=VERTEX_POINT('',#6602);
#4987=LINE('',#6603,#6604);
#4988=VERTEX_POINT('',#6605);
#4989=LINE('',#6606,#6607);
#4990=LINE('',#6608,#6609);
#4991=VERTEX_POINT('',#6610);
#4992=LINE('',#6611,#6612);
#4993=LINE('',#6613,#6614);
#4994=LINE('',#6615,#6616);
#4995=VERTEX_POINT('',#6617);
#4996=CIRCLE('',#6618,0.15);
#4997=VERTEX_POINT('',#6619);
#4998=CIRCLE('',#6620,0.15);
#4999=VERTEX_POINT('',#6621);
#5000=LINE('',#6622,#6623);
#5001=VERTEX_POINT('',#6624);
#5002=CIRCLE('',#6625,0.15);
#5003=LINE('',#6626,#6627);
#5004=VERTEX_POINT('',#6628);
#5005=LINE('',#6629,#6630);
#5006=VERTEX_POINT('',#6631);
#5007=LINE('',#6632,#6633);
#5008=LINE('',#6634,#6635);
#5009=LINE('',#6636,#6637);
#5010=LINE('',#6638,#6639);
#5011=VERTEX_POINT('',#6640);
#5012=LINE('',#6641,#6642);
#5013=LINE('',#6643,#6644);
#5014=VERTEX_POINT('',#6645);
#5015=CIRCLE('',#6646,0.15);
#5016=VERTEX_POINT('',#6647);
#5017=LINE('',#6648,#6649);
#5018=CIRCLE('',#6650,0.15);
#5019=VERTEX_POINT('',#6651);
#5020=LINE('',#6652,#6653);
#5021=VERTEX_POINT('',#6654);
#5022=LINE('',#6655,#6656);
#5023=LINE('',#6657,#6658);
#5024=VERTEX_POINT('',#6659);
#5025=LINE('',#6660,#6661);
#5026=VERTEX_POINT('',#6662);
#5027=LINE('',#6663,#6664);
#5028=VERTEX_POINT('',#6665);
#5029=LINE('',#6666,#6667);
#5030=LINE('',#6668,#6669);
#5031=VERTEX_POINT('',#6670);
#5032=VERTEX_POINT('',#6671);
#5033=LINE('',#6672,#6673);
#5034=LINE('',#6674,#6675);
#5035=VERTEX_POINT('',#6676);
#5036=LINE('',#6677,#6678);
#5037=LINE('',#6679,#6680);
#5038=LINE('',#6681,#6682);
#5039=VERTEX_POINT('',#6683);
#5040=LINE('',#6684,#6685);
#5041=VERTEX_POINT('',#6686);
#5042=LINE('',#6687,#6688);
#5043=VERTEX_POINT('',#6689);
#5044=LINE('',#6690,#6691);
#5045=LINE('',#6692,#6693);
#5046=VERTEX_POINT('',#6694);
#5047=LINE('',#6695,#6696);
#5048=VERTEX_POINT('',#6697);
#5049=LINE('',#6698,#6699);
#5050=LINE('',#6700,#6701);
#5051=VERTEX_POINT('',#6702);
#5052=LINE('',#6703,#6704);
#5053=VERTEX_POINT('',#6705);
#5054=LINE('',#6706,#6707);
#5055=LINE('',#6708,#6709);
#5056=VERTEX_POINT('',#6710);
#5057=VERTEX_POINT('',#6711);
#5058=LINE('',#6712,#6713);
#5059=VERTEX_POINT('',#6714);
#5060=LINE('',#6715,#6716);
#5061=VERTEX_POINT('',#6717);
#5062=LINE('',#6718,#6719);
#5063=LINE('',#6720,#6721);
#5064=VERTEX_POINT('',#6722);
#5065=VERTEX_POINT('',#6723);
#5066=LINE('',#6724,#6725);
#5067=VERTEX_POINT('',#6726);
#5068=LINE('',#6727,#6728);
#5069=VERTEX_POINT('',#6729);
#5070=LINE('',#6730,#6731);
#5071=LINE('',#6732,#6733);
#5072=VERTEX_POINT('',#6734);
#5073=VERTEX_POINT('',#6735);
#5074=LINE('',#6736,#6737);
#5075=VERTEX_POINT('',#6738);
#5076=LINE('',#6739,#6740);
#5077=VERTEX_POINT('',#6741);
#5078=LINE('',#6742,#6743);
#5079=LINE('',#6744,#6745);
#5080=LINE('',#6746,#6747);
#5081=VERTEX_POINT('',#6748);
#5082=LINE('',#6749,#6750);
#5083=VERTEX_POINT('',#6751);
#5084=LINE('',#6752,#6753);
#5085=LINE('',#6754,#6755);
#5086=LINE('',#6756,#6757);
#5087=VERTEX_POINT('',#6758);
#5088=LINE('',#6759,#6760);
#5089=LINE('',#6761,#6762);
#5090=VERTEX_POINT('',#6763);
#5091=LINE('',#6764,#6765);
#5092=LINE('',#6766,#6767);
#5093=LINE('',#6768,#6769);
#5094=VERTEX_POINT('',#6770);
#5095=LINE('',#6771,#6772);
#5096=VERTEX_POINT('',#6773);
#5097=LINE('',#6774,#6775);
#5098=LINE('',#6776,#6777);
#5099=CIRCLE('',#6778,0.15);
#5100=CIRCLE('',#6779,0.15);
#5101=VERTEX_POINT('',#6780);
#5102=LINE('',#6781,#6782);
#5103=VERTEX_POINT('',#6783);
#5104=LINE('',#6784,#6785);
#5105=LINE('',#6786,#6787);
#5106=LINE('',#6788,#6789);
#5107=VERTEX_POINT('',#6790);
#5108=LINE('',#6791,#6792);
#5109=VERTEX_POINT('',#6793);
#5110=LINE('',#6794,#6795);
#5111=LINE('',#6796,#6797);
#5112=LINE('',#6798,#6799);
#5113=LINE('',#6800,#6801);
#5114=VERTEX_POINT('',#6802);
#5115=LINE('',#6803,#6804);
#5116=LINE('',#6805,#6806);
#5117=VERTEX_POINT('',#6807);
#5118=LINE('',#6808,#6809);
#5119=LINE('',#6810,#6811);
#5120=VERTEX_POINT('',#6812);
#5121=LINE('',#6813,#6814);
#5122=LINE('',#6815,#6816);
#5123=LINE('',#6817,#6818);
#5124=LINE('',#6819,#6820);
#5125=CIRCLE('',#6821,0.15);
#5126=LINE('',#6822,#6823);
#5127=LINE('',#6824,#6825);
#5128=VERTEX_POINT('',#6826);
#5129=LINE('',#6827,#6828);
#5130=LINE('',#6829,#6830);
#5131=LINE('',#6831,#6832);
#5132=LINE('',#6833,#6834);
#5133=CIRCLE('',#6835,0.15);
#5134=LINE('',#6836,#6837);
#5135=LINE('',#6838,#6839);
#5136=LINE('',#6840,#6841);
#5137=LINE('',#6842,#6843);
#5138=LINE('',#6844,#6845);
#5139=LINE('',#6846,#6847);
#5140=LINE('',#6848,#6849);
#5141=LINE('',#6850,#6851);
#5142=LINE('',#6852,#6853);
#5143=LINE('',#6854,#6855);
#5144=LINE('',#6856,#6857);
#5145=LINE('',#6858,#6859);
#5146=LINE('',#6860,#6861);
#5147=LINE('',#6862,#6863);
#5148=LINE('',#6864,#6865);
#5149=LINE('',#6866,#6867);
#5150=LINE('',#6868,#6869);
#5151=LINE('',#6870,#6871);
#5152=LINE('',#6872,#6873);
#5153=LINE('',#6874,#6875);
#5154=LINE('',#6876,#6877);
#5155=LINE('',#6878,#6879);
#5156=LINE('',#6880,#6881);
#5157=LINE('',#6882,#6883);
#5158=LINE('',#6884,#6885);
#5159=LINE('',#6886,#6887);
#5160=LINE('',#6888,#6889);
#5161=LINE('',#6890,#6891);
#5162=VERTEX_POINT('',#6892);
#5163=CIRCLE('',#6893,0.1);
#5164=VERTEX_POINT('',#6894);
#5165=LINE('',#6895,#6896);
#5166=CIRCLE('',#6897,0.1);
#5167=VERTEX_POINT('',#6898);
#5168=LINE('',#6899,#6900);
#5169=VERTEX_POINT('',#6901);
#5170=LINE('',#6902,#6903);
#5171=LINE('',#6904,#6905);
#5172=LINE('',#6906,#6907);
#5173=LINE('',#6908,#6909);
#5174=LINE('',#6910,#6911);
#5175=LINE('',#6912,#6913);
#5176=VERTEX_POINT('',#6914);
#5177=CIRCLE('',#6915,0.15);
#5178=VERTEX_POINT('',#6916);
#5179=CIRCLE('',#6917,0.15);
#5180=LINE('',#6918,#6919);
#5181=VERTEX_POINT('',#6920);
#5182=LINE('',#6921,#6922);
#5183=VERTEX_POINT('',#6923);
#5184=LINE('',#6924,#6925);
#5185=LINE('',#6926,#6927);
#5186=VERTEX_POINT('',#6928);
#5187=LINE('',#6929,#6930);
#5188=VERTEX_POINT('',#6931);
#5189=LINE('',#6932,#6933);
#5190=VERTEX_POINT('',#6934);
#5191=LINE('',#6935,#6936);
#5192=VERTEX_POINT('',#6937);
#5193=LINE('',#6938,#6939);
#5194=VERTEX_POINT('',#6940);
#5195=LINE('',#6941,#6942);
#5196=VERTEX_POINT('',#6943);
#5197=LINE('',#6944,#6945);
#5198=LINE('',#6946,#6947);
#5199=VERTEX_POINT('',#6948);
#5200=LINE('',#6949,#6950);
#5201=VERTEX_POINT('',#6951);
#5202=LINE('',#6952,#6953);
#5203=VERTEX_POINT('',#6954);
#5204=LINE('',#6955,#6956);
#5205=VERTEX_POINT('',#6957);
#5206=LINE('',#6958,#6959);
#5207=VERTEX_POINT('',#6960);
#5208=LINE('',#6961,#6962);
#5209=VERTEX_POINT('',#6963);
#5210=LINE('',#6964,#6965);
#5211=LINE('',#6966,#6967);
#5212=LINE('',#6968,#6969);
#5213=LINE('',#6970,#6971);
#5214=LINE('',#6972,#6973);
#5215=LINE('',#6974,#6975);
#5216=LINE('',#6976,#6977);
#5217=LINE('',#6978,#6979);
#5218=VERTEX_POINT('',#6980);
#5219=CIRCLE('',#6981,0.1);
#5220=VERTEX_POINT('',#6982);
#5221=LINE('',#6983,#6984);
#5222=CIRCLE('',#6985,0.1);
#5223=VERTEX_POINT('',#6986);
#5224=LINE('',#6987,#6988);
#5225=VERTEX_POINT('',#6989);
#5226=LINE('',#6990,#6991);
#5227=LINE('',#6992,#6993);
#5228=LINE('',#6994,#6995);
#5229=LINE('',#6996,#6997);
#5230=LINE('',#6998,#6999);
#5231=LINE('',#7000,#7001);
#5232=VERTEX_POINT('',#7002);
#5233=CIRCLE('',#7003,0.1);
#5234=VERTEX_POINT('',#7004);
#5235=LINE('',#7005,#7006);
#5236=CIRCLE('',#7007,0.1);
#5237=VERTEX_POINT('',#7008);
#5238=LINE('',#7009,#7010);
#5239=VERTEX_POINT('',#7011);
#5240=LINE('',#7012,#7013);
#5241=LINE('',#7014,#7015);
#5242=LINE('',#7016,#7017);
#5243=LINE('',#7018,#7019);
#5244=LINE('',#7020,#7021);
#5245=LINE('',#7022,#7023);
#5246=VERTEX_POINT('',#7024);
#5247=CIRCLE('',#7025,0.15);
#5248=VERTEX_POINT('',#7026);
#5249=CIRCLE('',#7027,0.15);
#5250=LINE('',#7028,#7029);
#5251=VERTEX_POINT('',#7030);
#5252=LINE('',#7031,#7032);
#5253=VERTEX_POINT('',#7033);
#5254=LINE('',#7034,#7035);
#5255=LINE('',#7036,#7037);
#5256=VERTEX_POINT('',#7038);
#5257=LINE('',#7039,#7040);
#5258=VERTEX_POINT('',#7041);
#5259=LINE('',#7042,#7043);
#5260=VERTEX_POINT('',#7044);
#5261=LINE('',#7045,#7046);
#5262=VERTEX_POINT('',#7047);
#5263=LINE('',#7048,#7049);
#5264=VERTEX_POINT('',#7050);
#5265=LINE('',#7051,#7052);
#5266=VERTEX_POINT('',#7053);
#5267=LINE('',#7054,#7055);
#5268=LINE('',#7056,#7057);
#5269=VERTEX_POINT('',#7058);
#5270=LINE('',#7059,#7060);
#5271=VERTEX_POINT('',#7061);
#5272=LINE('',#7062,#7063);
#5273=VERTEX_POINT('',#7064);
#5274=LINE('',#7065,#7066);
#5275=VERTEX_POINT('',#7067);
#5276=LINE('',#7068,#7069);
#5277=VERTEX_POINT('',#7070);
#5278=LINE('',#7071,#7072);
#5279=VERTEX_POINT('',#7073);
#5280=LINE('',#7074,#7075);
#5281=LINE('',#7076,#7077);
#5282=LINE('',#7078,#7079);
#5283=LINE('',#7080,#7081);
#5284=LINE('',#7082,#7083);
#5285=LINE('',#7084,#7085);
#5286=LINE('',#7086,#7087);
#5287=LINE('',#7088,#7089);
#5288=VERTEX_POINT('',#7090);
#5289=CIRCLE('',#7091,0.15);
#5290=VERTEX_POINT('',#7092);
#5291=CIRCLE('',#7093,0.15);
#5292=LINE('',#7094,#7095);
#5293=VERTEX_POINT('',#7096);
#5294=LINE('',#7097,#7098);
#5295=VERTEX_POINT('',#7099);
#5296=LINE('',#7100,#7101);
#5297=LINE('',#7102,#7103);
#5298=VERTEX_POINT('',#7104);
#5299=LINE('',#7105,#7106);
#5300=VERTEX_POINT('',#7107);
#5301=LINE('',#7108,#7109);
#5302=VERTEX_POINT('',#7110);
#5303=LINE('',#7111,#7112);
#5304=VERTEX_POINT('',#7113);
#5305=LINE('',#7114,#7115);
#5306=VERTEX_POINT('',#7116);
#5307=LINE('',#7117,#7118);
#5308=VERTEX_POINT('',#7119);
#5309=LINE('',#7120,#7121);
#5310=LINE('',#7122,#7123);
#5311=VERTEX_POINT('',#7124);
#5312=LINE('',#7125,#7126);
#5313=VERTEX_POINT('',#7127);
#5314=LINE('',#7128,#7129);
#5315=VERTEX_POINT('',#7130);
#5316=LINE('',#7131,#7132);
#5317=VERTEX_POINT('',#7133);
#5318=LINE('',#7134,#7135);
#5319=VERTEX_POINT('',#7136);
#5320=LINE('',#7137,#7138);
#5321=VERTEX_POINT('',#7139);
#5322=LINE('',#7140,#7141);
#5323=LINE('',#7142,#7143);
#5324=LINE('',#7144,#7145);
#5325=LINE('',#7146,#7147);
#5326=LINE('',#7148,#7149);
#5327=LINE('',#7150,#7151);
#5328=LINE('',#7152,#7153);
#5329=LINE('',#7154,#7155);
#5330=VERTEX_POINT('',#7156);
#5331=VERTEX_POINT('',#7157);
#5332=LINE('',#7158,#7159);
#5333=VERTEX_POINT('',#7160);
#5334=LINE('',#7161,#7162);
#5335=VERTEX_POINT('',#7163);
#5336=LINE('',#7164,#7165);
#5337=VERTEX_POINT('',#7166);
#5338=LINE('',#7167,#7168);
#5339=VERTEX_POINT('',#7169);
#5340=LINE('',#7170,#7171);
#5341=VERTEX_POINT('',#7172);
#5342=LINE('',#7173,#7174);
#5343=VERTEX_POINT('',#7175);
#5344=LINE('',#7176,#7177);
#5345=VERTEX_POINT('',#7178);
#5346=LINE('',#7179,#7180);
#5347=VERTEX_POINT('',#7181);
#5348=LINE('',#7182,#7183);
#5349=VERTEX_POINT('',#7184);
#5350=LINE('',#7185,#7186);
#5351=VERTEX_POINT('',#7187);
#5352=LINE('',#7188,#7189);
#5353=LINE('',#7190,#7191);
#5354=CIRCLE('',#7192,0.15);
#5355=CIRCLE('',#7193,0.15);
#5356=VERTEX_POINT('',#7194);
#5357=CIRCLE('',#7195,0.4);
#5358=VERTEX_POINT('',#7196);
#5359=CIRCLE('',#7197,0.4);
#5360=LINE('',#7198,#7199);
#5361=VERTEX_POINT('',#7200);
#5362=VERTEX_POINT('',#7201);
#5363=LINE('',#7202,#7203);
#5364=VERTEX_POINT('',#7204);
#5365=LINE('',#7205,#7206);
#5366=VERTEX_POINT('',#7207);
#5367=LINE('',#7208,#7209);
#5368=VERTEX_POINT('',#7210);
#5369=LINE('',#7211,#7212);
#5370=VERTEX_POINT('',#7213);
#5371=LINE('',#7214,#7215);
#5372=VERTEX_POINT('',#7216);
#5373=LINE('',#7217,#7218);
#5374=VERTEX_POINT('',#7219);
#5375=LINE('',#7220,#7221);
#5376=VERTEX_POINT('',#7222);
#5377=LINE('',#7223,#7224);
#5378=LINE('',#7225,#7226);
#5379=VERTEX_POINT('',#7227);
#5380=LINE('',#7228,#7229);
#5381=LINE('',#7230,#7231);
#5382=VERTEX_POINT('',#7232);
#5383=VERTEX_POINT('',#7233);
#5384=LINE('',#7234,#7235);
#5385=VERTEX_POINT('',#7236);
#5386=LINE('',#7237,#7238);
#5387=VERTEX_POINT('',#7239);
#5388=LINE('',#7240,#7241);
#5389=LINE('',#7242,#7243);
#5390=VERTEX_POINT('',#7244);
#5391=LINE('',#7245,#7246);
#5392=VERTEX_POINT('',#7247);
#5393=LINE('',#7248,#7249);
#5394=LINE('',#7250,#7251);
#5395=VERTEX_POINT('',#7252);
#5396=LINE('',#7253,#7254);
#5397=VERTEX_POINT('',#7255);
#5398=LINE('',#7256,#7257);
#5399=LINE('',#7258,#7259);
#5400=CIRCLE('',#7260,0.15);
#5401=CIRCLE('',#7261,0.15);
#5402=CIRCLE('',#7262,0.4);
#5403=CIRCLE('',#7263,0.4);
#5404=LINE('',#7264,#7265);
#5405=LINE('',#7266,#7267);
#5406=LINE('',#7268,#7269);
#5407=LINE('',#7270,#7271);
#5408=LINE('',#7272,#7273);
#5409=LINE('',#7274,#7275);
#5410=LINE('',#7276,#7277);
#5411=LINE('',#7278,#7279);
#5412=VERTEX_POINT('',#7280);
#5413=CIRCLE('',#7281,0.4);
#5414=VERTEX_POINT('',#7282);
#5415=LINE('',#7283,#7284);
#5416=CIRCLE('',#7285,0.4);
#5417=VERTEX_POINT('',#7286);
#5418=CIRCLE('',#7287,0.15);
#5419=VERTEX_POINT('',#7288);
#5420=LINE('',#7289,#7290);
#5421=CIRCLE('',#7291,0.15);
#5422=VERTEX_POINT('',#7292);
#5423=LINE('',#7293,#7294);
#5424=VERTEX_POINT('',#7295);
#5425=LINE('',#7296,#7297);
#5426=LINE('',#7298,#7299);
#5427=VERTEX_POINT('',#7300);
#5428=LINE('',#7301,#7302);
#5429=VERTEX_POINT('',#7303);
#5430=LINE('',#7304,#7305);
#5431=LINE('',#7306,#7307);
#5432=VERTEX_POINT('',#7308);
#5433=LINE('',#7309,#7310);
#5434=VERTEX_POINT('',#7311);
#5435=LINE('',#7312,#7313);
#5436=VERTEX_POINT('',#7314);
#5437=LINE('',#7315,#7316);
#5438=VERTEX_POINT('',#7317);
#5439=LINE('',#7318,#7319);
#5440=VERTEX_POINT('',#7320);
#5441=LINE('',#7321,#7322);
#5442=VERTEX_POINT('',#7323);
#5443=LINE('',#7324,#7325);
#5444=VERTEX_POINT('',#7326);
#5445=LINE('',#7327,#7328);
#5446=VERTEX_POINT('',#7329);
#5447=LINE('',#7330,#7331);
#5448=LINE('',#7332,#7333);
#5449=VERTEX_POINT('',#7334);
#5450=LINE('',#7335,#7336);
#5451=VERTEX_POINT('',#7337);
#5452=LINE('',#7338,#7339);
#5453=VERTEX_POINT('',#7340);
#5454=LINE('',#7341,#7342);
#5455=VERTEX_POINT('',#7343);
#5456=LINE('',#7344,#7345);
#5457=VERTEX_POINT('',#7346);
#5458=LINE('',#7347,#7348);
#5459=VERTEX_POINT('',#7349);
#5460=LINE('',#7350,#7351);
#5461=VERTEX_POINT('',#7352);
#5462=LINE('',#7353,#7354);
#5463=VERTEX_POINT('',#7355);
#5464=LINE('',#7356,#7357);
#5465=LINE('',#7358,#7359);
#5466=LINE('',#7360,#7361);
#5467=VERTEX_POINT('',#7362);
#5468=CIRCLE('',#7363,0.400000000000001);
#5469=VERTEX_POINT('',#7364);
#5470=LINE('',#7365,#7366);
#5471=VERTEX_POINT('',#7367);
#5472=LINE('',#7368,#7369);
#5473=VERTEX_POINT('',#7370);
#5474=LINE('',#7371,#7372);
#5475=CIRCLE('',#7373,0.15);
#5476=LINE('',#7374,#7375);
#5477=VERTEX_POINT('',#7376);
#5478=CIRCLE('',#7377,0.15);
#5479=VERTEX_POINT('',#7378);
#5480=LINE('',#7379,#7380);
#5481=VERTEX_POINT('',#7381);
#5482=LINE('',#7382,#7383);
#5483=VERTEX_POINT('',#7384);
#5484=LINE('',#7385,#7386);
#5485=CIRCLE('',#7387,0.400000000000001);
#5486=LINE('',#7388,#7389);
#5487=LINE('',#7390,#7391);
#5488=LINE('',#7392,#7393);
#5489=LINE('',#7394,#7395);
#5490=LINE('',#7396,#7397);
#5491=LINE('',#7398,#7399);
#5492=LINE('',#7400,#7401);
#5493=LINE('',#7402,#7403);
#5494=CARTESIAN_POINT('',(-0.16,0.450000000000001,1.6));
#5495=CARTESIAN_POINT('',(0.16,0.450000000000001,1.6));
#5496=CARTESIAN_POINT('',(0.16,0.450000000000001,1.6));
#5497=VECTOR('',#7404,1.0);
#5498=CARTESIAN_POINT('',(-0.16,0.550000000000001,1.7));
#5499=AXIS2_PLACEMENT_3D('',#7405,#7406,#7407);
#5500=CARTESIAN_POINT('',(0.16,0.550000000000001,1.7));
#5501=CARTESIAN_POINT('',(0.16,0.550000000000001,1.7));
#5502=VECTOR('',#7408,1.0);
#5503=AXIS2_PLACEMENT_3D('',#7409,#7410,#7411);
#5504=CARTESIAN_POINT('',(-1.16,0.450000000000001,1.6));
#5505=CARTESIAN_POINT('',(-0.84,0.450000000000001,1.6));
#5506=CARTESIAN_POINT('',(-0.84,0.450000000000001,1.6));
#5507=VECTOR('',#7412,1.0);
#5508=CARTESIAN_POINT('',(-1.16,0.550000000000001,1.7));
#5509=AXIS2_PLACEMENT_3D('',#7413,#7414,#7415);
#5510=CARTESIAN_POINT('',(-0.84,0.550000000000001,1.7));
#5511=CARTESIAN_POINT('',(-0.84,0.550000000000001,1.7));
#5512=VECTOR('',#7416,1.0);
#5513=AXIS2_PLACEMENT_3D('',#7417,#7418,#7419);
#5514=CARTESIAN_POINT('',(0.84,0.450000000000001,1.6));
#5515=CARTESIAN_POINT('',(1.16,0.450000000000001,1.6));
#5516=CARTESIAN_POINT('',(1.16,0.450000000000001,1.6));
#5517=VECTOR('',#7420,1.0);
#5518=CARTESIAN_POINT('',(0.84,0.550000000000001,1.7));
#5519=AXIS2_PLACEMENT_3D('',#7421,#7422,#7423);
#5520=CARTESIAN_POINT('',(1.16,0.550000000000001,1.7));
#5521=CARTESIAN_POINT('',(1.16,0.550000000000001,1.7));
#5522=VECTOR('',#7424,1.0);
#5523=AXIS2_PLACEMENT_3D('',#7425,#7426,#7427);
#5524=CARTESIAN_POINT('',(-3.495,1.50585062420488,1.92));
#5525=CARTESIAN_POINT('',(-3.495,1.50585062420488,1.32));
#5526=CARTESIAN_POINT('',(-3.495,1.50585062420488,1.62));
#5527=VECTOR('',#7428,1.0);
#5528=CARTESIAN_POINT('',(-3.46277931423174,1.61470879668599,1.92));
#5529=AXIS2_PLACEMENT_3D('',#7429,#7430,#7431);
#5530=CARTESIAN_POINT('',(-3.46277931423174,1.61470879668599,1.32));
#5531=CARTESIAN_POINT('',(-3.46277931423174,1.61470879668599,1.32));
#5532=VECTOR('',#7432,1.0);
#5533=AXIS2_PLACEMENT_3D('',#7433,#7434,#7435);
#5534=CARTESIAN_POINT('',(3.495,1.50585062420488,1.32));
#5535=CARTESIAN_POINT('',(3.495,1.50585062420488,1.92));
#5536=CARTESIAN_POINT('',(3.495,1.50585062420488,1.62));
#5537=VECTOR('',#7436,1.0);
#5538=CARTESIAN_POINT('',(3.46277931423174,1.61470879668599,1.32));
#5539=AXIS2_PLACEMENT_3D('',#7437,#7438,#7439);
#5540=CARTESIAN_POINT('',(3.46277931423174,1.61470879668599,1.92));
#5541=CARTESIAN_POINT('',(3.46277931423174,1.61470879668599,1.32));
#5542=VECTOR('',#7440,1.0);
#5543=AXIS2_PLACEMENT_3D('',#7441,#7442,#7443);
#5544=CARTESIAN_POINT('',(-3.375,0.95,1.92));
#5545=CARTESIAN_POINT('',(-3.375,0.95,0.799999999999998));
#5546=CARTESIAN_POINT('',(-3.375,0.95,2.05));
#5547=VECTOR('',#7444,1.0);
#5548=CARTESIAN_POINT('',(-3.375,1.0,1.92));
#5549=CARTESIAN_POINT('',(-3.375,3.1,1.92));
#5550=VECTOR('',#7445,1.0);
#5551=CARTESIAN_POINT('',(-3.375,1.0,1.32));
#5552=CARTESIAN_POINT('',(-3.375,1.0,1.32));
#5553=VECTOR('',#7446,1.0);
#5554=CARTESIAN_POINT('',(-3.375,1.75,1.32));
#5555=CARTESIAN_POINT('',(-3.375,1.75,1.32));
#5556=VECTOR('',#7447,1.0);
#5557=CARTESIAN_POINT('',(-3.375,1.75,1.92));
#5558=CARTESIAN_POINT('',(-3.375,1.75,1.32));
#5559=VECTOR('',#7448,1.0);
#5560=CARTESIAN_POINT('',(-3.375,2.25,1.92));
#5561=CARTESIAN_POINT('',(-3.375,3.1,1.92));
#5562=VECTOR('',#7449,1.0);
#5563=CARTESIAN_POINT('',(-3.375,2.25,1.32));
#5564=CARTESIAN_POINT('',(-3.375,2.25,1.32));
#5565=VECTOR('',#7450,1.0);
#5566=CARTESIAN_POINT('',(-3.375,3.1,1.32));
#5567=CARTESIAN_POINT('',(-3.375,3.1,1.32));
#5568=VECTOR('',#7451,1.0);
#5569=CARTESIAN_POINT('',(-3.375,3.1,0.799999999999999));
#5570=CARTESIAN_POINT('',(-3.375,3.1,0.799999999999999));
#5571=VECTOR('',#7452,1.0);
#5572=CARTESIAN_POINT('',(-3.375,0.0,0.799999999999998));
#5573=VECTOR('',#7453,1.0);
#5574=CARTESIAN_POINT('',(-3.375,0.199999999999999,0.799999999999998));
#5575=CARTESIAN_POINT('',(-3.375,0.199999999999998,1.92));
#5576=CARTESIAN_POINT('',(-3.375,0.199999999999998,-24.03));
#5577=VECTOR('',#7454,1.0);
#5578=CARTESIAN_POINT('',(-3.375,-2.16840434497101E-16,0.799999999999998));
#5579=CARTESIAN_POINT('',(-3.375,0.0,0.799999999999998));
#5580=VECTOR('',#7455,1.0);
#5581=CARTESIAN_POINT('',(-3.375,-6.63212175236606E-16,1.92));
#5582=CARTESIAN_POINT('',(-3.375,-6.63212175236606E-16,1.92));
#5583=VECTOR('',#7456,1.0);
#5584=CARTESIAN_POINT('',(-3.375,3.1,1.92));
#5585=VECTOR('',#7457,1.0);
#5586=CARTESIAN_POINT('',(3.375,1.0,1.92));
#5587=CARTESIAN_POINT('',(3.375,0.95,1.92));
#5588=CARTESIAN_POINT('',(3.375,3.1,1.92));
#5589=VECTOR('',#7458,1.0);
#5590=CARTESIAN_POINT('',(3.375,0.95,0.799999999999998));
#5591=CARTESIAN_POINT('',(3.375,0.95,0.749999999999996));
#5592=VECTOR('',#7459,1.0);
#5593=CARTESIAN_POINT('',(3.375,3.1,0.799999999999999));
#5594=CARTESIAN_POINT('',(3.375,0.0,0.799999999999998));
#5595=VECTOR('',#7460,1.0);
#5596=CARTESIAN_POINT('',(3.375,3.1,1.32));
#5597=CARTESIAN_POINT('',(3.375,3.1,0.799999999999999));
#5598=VECTOR('',#7461,1.0);
#5599=CARTESIAN_POINT('',(3.375,2.25,1.32));
#5600=CARTESIAN_POINT('',(3.375,3.1,1.32));
#5601=VECTOR('',#7462,1.0);
#5602=CARTESIAN_POINT('',(3.375,2.25,1.92));
#5603=CARTESIAN_POINT('',(3.375,2.25,1.32));
#5604=VECTOR('',#7463,1.0);
#5605=CARTESIAN_POINT('',(3.375,1.75,1.92));
#5606=CARTESIAN_POINT('',(3.375,3.1,1.92));
#5607=VECTOR('',#7464,1.0);
#5608=CARTESIAN_POINT('',(3.375,1.75,1.32));
#5609=CARTESIAN_POINT('',(3.375,1.75,1.32));
#5610=VECTOR('',#7465,1.0);
#5611=CARTESIAN_POINT('',(3.375,1.0,1.32));
#5612=CARTESIAN_POINT('',(3.375,1.75,1.32));
#5613=VECTOR('',#7466,1.0);
#5614=CARTESIAN_POINT('',(3.375,1.0,1.32));
#5615=VECTOR('',#7467,1.0);
#5616=CARTESIAN_POINT('',(-2.975,3.26344853918137E-14,2.44999999999999));
#5617=CARTESIAN_POINT('',(-2.1,1.4508439751118E-14,2.44999999999999));
#5618=CARTESIAN_POINT('',(-2.975,3.26056173304905E-14,2.44999999999999));
#5619=VECTOR('',#7468,1.0);
#5620=CARTESIAN_POINT('',(-2.97499999999995,0.0,1.95000000000007));
#5621=CARTESIAN_POINT('',(-2.97500000000001,-1.19403062916867E-15,-24.03));
#5622=VECTOR('',#7469,1.0);
#5623=CARTESIAN_POINT('',(-2.57499999999995,-2.16840434497101E-16,1.95000000000007));
#5624=CARTESIAN_POINT('',(-2.97499999999995,0.0,1.95000000000007));
#5625=VECTOR('',#7470,1.0);
#5626=CARTESIAN_POINT('',(-2.575,0.0,1.45000000000008));
#5627=CARTESIAN_POINT('',(-2.575,0.0,0.749999999999996));
#5628=VECTOR('',#7471,1.0);
#5629=CARTESIAN_POINT('',(-2.1,0.0,1.45000000000008));
#5630=CARTESIAN_POINT('',(-2.025,0.0,1.45000000000008));
#5631=VECTOR('',#7472,1.0);
#5632=CARTESIAN_POINT('',(-2.1,-2.22044604925031E-16,1.4));
#5633=CARTESIAN_POINT('',(-2.1,-2.16840434497101E-16,1.4));
#5634=VECTOR('',#7473,1.0);
#5635=CARTESIAN_POINT('',(-2.675,-2.22044604925031E-16,1.4));
#5636=CARTESIAN_POINT('',(2.675,-2.22044604925031E-16,1.4));
#5637=VECTOR('',#7474,1.0);
#5638=CARTESIAN_POINT('',(-2.675,-2.16840434497101E-16,1.92));
#5639=CARTESIAN_POINT('',(-2.675,-6.63212175236606E-16,1.92));
#5640=VECTOR('',#7475,1.0);
#5641=CARTESIAN_POINT('',(-3.375,-6.63212175236606E-16,1.92));
#5642=VECTOR('',#7476,1.0);
#5643=CARTESIAN_POINT('',(3.375,-9.13012355777263E-17,0.799999999999998));
#5644=CARTESIAN_POINT('',(2.675,0.0,0.799999999999997));
#5645=VECTOR('',#7477,1.0);
#5646=CARTESIAN_POINT('',(3.375,-2.16840434497101E-16,1.92));
#5647=CARTESIAN_POINT('',(3.375,-6.63212175236606E-16,1.92));
#5648=VECTOR('',#7478,1.0);
#5649=CARTESIAN_POINT('',(2.675,-6.63212175236606E-16,1.92));
#5650=CARTESIAN_POINT('',(3.375,-6.63212175236606E-16,1.92));
#5651=VECTOR('',#7479,1.0);
#5652=CARTESIAN_POINT('',(2.675,-3.97682096109269E-16,1.4));
#5653=CARTESIAN_POINT('',(2.675,-6.63212175236606E-16,1.92));
#5654=VECTOR('',#7480,1.0);
#5655=CARTESIAN_POINT('',(2.1,-2.22044604925031E-16,1.4));
#5656=CARTESIAN_POINT('',(2.675,-2.22044604925031E-16,1.4));
#5657=VECTOR('',#7481,1.0);
#5658=CARTESIAN_POINT('',(2.1,0.0,1.45000000000002));
#5659=CARTESIAN_POINT('',(2.1,-2.16840434497101E-16,2.6));
#5660=VECTOR('',#7482,1.0);
#5661=CARTESIAN_POINT('',(2.575,0.0,1.45000000000001));
#5662=CARTESIAN_POINT('',(2.575,0.0,1.45000000000001));
#5663=VECTOR('',#7483,1.0);
#5664=CARTESIAN_POINT('',(2.575,0.0,1.95));
#5665=CARTESIAN_POINT('',(2.575,0.0,2.05));
#5666=VECTOR('',#7484,1.0);
#5667=CARTESIAN_POINT('',(2.975,-2.16840434497101E-16,1.94999999999999));
#5668=CARTESIAN_POINT('',(2.575,0.0,1.95));
#5669=VECTOR('',#7485,1.0);
#5670=CARTESIAN_POINT('',(2.975,-1.33226762955019E-15,2.44999999999999));
#5671=CARTESIAN_POINT('',(2.975,-1.30104260698261E-15,-24.03));
#5672=VECTOR('',#7486,1.0);
#5673=CARTESIAN_POINT('',(2.1,-9.4477143383225E-15,2.44999999999999));
#5674=CARTESIAN_POINT('',(1.9,-1.13026735860419E-14,2.44999999999999));
#5675=VECTOR('',#7487,1.0);
#5676=CARTESIAN_POINT('',(2.1,-2.16840434497101E-16,2.6));
#5677=CARTESIAN_POINT('',(2.1,-2.16840434497101E-16,2.6));
#5678=VECTOR('',#7488,1.0);
#5679=CARTESIAN_POINT('',(4.3,-2.16840434497101E-16,2.6));
#5680=CARTESIAN_POINT('',(4.3,-2.16840434497101E-16,2.6));
#5681=VECTOR('',#7489,1.0);
#5682=CARTESIAN_POINT('',(4.3,-2.16840434497101E-16,0.299999999999999));
#5683=CARTESIAN_POINT('',(4.3,-2.16840434497101E-16,0.299999999999999));
#5684=VECTOR('',#7490,1.0);
#5685=CARTESIAN_POINT('',(2.975,-1.30104260698261E-15,0.299999999999998));
#5686=CARTESIAN_POINT('',(-4.3,-2.16840434497101E-16,0.299999999999999));
#5687=VECTOR('',#7491,1.0);
#5688=CARTESIAN_POINT('',(2.975,0.0,0.749999999999996));
#5689=CARTESIAN_POINT('',(2.975,-1.30104260698261E-15,-24.03));
#5690=VECTOR('',#7492,1.0);
#5691=CARTESIAN_POINT('',(-2.97500000000001,-2.16840434497101E-16,0.749999999999996));
#5692=CARTESIAN_POINT('',(2.025,1.13519839222483E-16,0.749999999999996));
#5693=VECTOR('',#7493,1.0);
#5694=CARTESIAN_POINT('',(-2.97500000000001,-1.19403062916867E-15,0.299999999999998));
#5695=CARTESIAN_POINT('',(-2.97500000000001,-1.19403062916867E-15,-24.03));
#5696=VECTOR('',#7494,1.0);
#5697=CARTESIAN_POINT('',(-4.3,-2.16840434497101E-16,0.299999999999999));
#5698=CARTESIAN_POINT('',(-4.3,-2.16840434497101E-16,0.299999999999999));
#5699=VECTOR('',#7495,1.0);
#5700=CARTESIAN_POINT('',(-4.3,-2.16840434497101E-16,2.6));
#5701=CARTESIAN_POINT('',(-4.3,-2.16840434497101E-16,2.6));
#5702=VECTOR('',#7496,1.0);
#5703=CARTESIAN_POINT('',(-2.1,-2.16840434497101E-16,2.6));
#5704=CARTESIAN_POINT('',(-2.1,-2.16840434497101E-16,2.6));
#5705=VECTOR('',#7497,1.0);
#5706=CARTESIAN_POINT('',(-2.1,-2.16840434497101E-16,1.4));
#5707=VECTOR('',#7498,1.0);
#5708=CARTESIAN_POINT('',(-4.30000000000003,-0.700000000000001,2.29999999999989));
#5709=CARTESIAN_POINT('',(-4.30000000000003,-0.700000000000001,0.299999999999998));
#5710=CARTESIAN_POINT('',(-4.30000000000003,-0.700000000000001,-20.169999999999));
#5711=VECTOR('',#7499,1.0);
#5712=CARTESIAN_POINT('',(-4.3,-1.3,2.29999999999989));
#5713=CARTESIAN_POINT('',(-4.30000000000003,-1.3,2.29999999999989));
#5714=VECTOR('',#7500,1.0);
#5715=CARTESIAN_POINT('',(-4.3,-1.3,2.6));
#5716=CARTESIAN_POINT('',(-4.3,-1.3,2.6));
#5717=VECTOR('',#7501,1.0);
#5718=CARTESIAN_POINT('',(-4.3,-2.16840434497101E-16,2.6));
#5719=VECTOR('',#7502,1.0);
#5720=CARTESIAN_POINT('',(-4.30000000000003,-0.1,0.299999999999998));
#5721=CARTESIAN_POINT('',(-4.3,-2.16840434497101E-16,0.299999999999999));
#5722=VECTOR('',#7503,1.0);
#5723=CARTESIAN_POINT('',(-4.30000000000003,-0.1,2.29999999999989));
#5724=CARTESIAN_POINT('',(-4.30000000000003,-0.1,-20.169999999999));
#5725=VECTOR('',#7504,1.0);
#5726=CARTESIAN_POINT('',(-4.30000000000003,-0.5,2.29999999999989));
#5727=CARTESIAN_POINT('',(-4.30000000000003,-0.5,2.29999999999989));
#5728=VECTOR('',#7505,1.0);
#5729=CARTESIAN_POINT('',(-4.30000000000003,-0.5,0.299999999999998));
#5730=CARTESIAN_POINT('',(-4.30000000000003,-0.5,-20.169999999999));
#5731=VECTOR('',#7506,1.0);
#5732=CARTESIAN_POINT('',(-4.3,-2.16840434497101E-16,0.299999999999999));
#5733=VECTOR('',#7507,1.0);
#5734=CARTESIAN_POINT('',(4.3,-1.3,2.29999999999989));
#5735=CARTESIAN_POINT('',(4.3,-0.700000000000001,2.29999999999989));
#5736=CARTESIAN_POINT('',(4.3,-0.700000000000001,2.29999999999989));
#5737=VECTOR('',#7508,1.0);
#5738=CARTESIAN_POINT('',(4.3,-0.700000000000001,0.299999999999998));
#5739=CARTESIAN_POINT('',(4.3,-0.700000000000001,-20.169999999999));
#5740=VECTOR('',#7509,1.0);
#5741=CARTESIAN_POINT('',(4.3,-0.5,0.299999999999998));
#5742=CARTESIAN_POINT('',(4.3,-2.16840434497101E-16,0.299999999999999));
#5743=VECTOR('',#7510,1.0);
#5744=CARTESIAN_POINT('',(4.3,-0.5,2.29999999999989));
#5745=CARTESIAN_POINT('',(4.3,-0.5,-20.169999999999));
#5746=VECTOR('',#7511,1.0);
#5747=CARTESIAN_POINT('',(4.3,-0.1,2.29999999999989));
#5748=CARTESIAN_POINT('',(4.3,-0.1,2.29999999999989));
#5749=VECTOR('',#7512,1.0);
#5750=CARTESIAN_POINT('',(4.3,-0.1,0.299999999999998));
#5751=CARTESIAN_POINT('',(4.3,-0.1,-20.169999999999));
#5752=VECTOR('',#7513,1.0);
#5753=CARTESIAN_POINT('',(4.3,-2.16840434497101E-16,0.299999999999999));
#5754=VECTOR('',#7514,1.0);
#5755=CARTESIAN_POINT('',(4.3,-1.3,2.6));
#5756=CARTESIAN_POINT('',(4.3,-2.16840434497101E-16,2.6));
#5757=VECTOR('',#7515,1.0);
#5758=CARTESIAN_POINT('',(4.3,-1.3,0.299999999999999));
#5759=VECTOR('',#7516,1.0);
#5760=CARTESIAN_POINT('',(3.375,0.199999999999997,1.92));
#5761=CARTESIAN_POINT('',(3.375,0.199999999999998,0.799999999999999));
#5762=CARTESIAN_POINT('',(3.375,0.199999999999998,-24.03));
#5763=VECTOR('',#7517,1.0);
#5764=CARTESIAN_POINT('',(3.375,3.1,1.92));
#5765=VECTOR('',#7518,1.0);
#5766=CARTESIAN_POINT('',(3.375,0.0,0.799999999999998));
#5767=VECTOR('',#7519,1.0);
#5768=CARTESIAN_POINT('',(0.84,0.288196601125013,0.799999999999997));
#5769=CARTESIAN_POINT('',(1.16,0.288196601125013,0.799999999999997));
#5770=CARTESIAN_POINT('',(1.16,0.288196601125013,0.799999999999997));
#5771=VECTOR('',#7520,1.0);
#5772=CARTESIAN_POINT('',(1.16,1.9,0.799999999999998));
#5773=CARTESIAN_POINT('',(1.16,0.0,0.799999999999997));
#5774=VECTOR('',#7521,1.0);
#5775=CARTESIAN_POINT('',(1.925,1.9,0.799999999999998));
#5776=CARTESIAN_POINT('',(2.675,1.9,0.799999999999998));
#5777=VECTOR('',#7522,1.0);
#5778=CARTESIAN_POINT('',(1.925,1.25,0.799999999999998));
#5779=CARTESIAN_POINT('',(1.925,1.9,0.799999999999998));
#5780=VECTOR('',#7523,1.0);
#5781=CARTESIAN_POINT('',(2.675,1.25,0.799999999999999));
#5782=CARTESIAN_POINT('',(1.925,1.25,0.799999999999998));
#5783=VECTOR('',#7524,1.0);
#5784=CARTESIAN_POINT('',(2.675,3.1,0.799999999999999));
#5785=CARTESIAN_POINT('',(2.675,0.0,0.799999999999998));
#5786=VECTOR('',#7525,1.0);
#5787=CARTESIAN_POINT('',(3.375,3.1,0.799999999999999));
#5788=VECTOR('',#7526,1.0);
#5789=CARTESIAN_POINT('',(3.375,0.0,0.799999999999998));
#5790=VECTOR('',#7527,1.0);
#5791=CARTESIAN_POINT('',(-3.375,0.0,0.799999999999998));
#5792=VECTOR('',#7528,1.0);
#5793=CARTESIAN_POINT('',(-2.675,3.1,0.799999999999999));
#5794=CARTESIAN_POINT('',(-3.375,3.1,0.799999999999999));
#5795=VECTOR('',#7529,1.0);
#5796=CARTESIAN_POINT('',(-2.675,1.25,0.799999999999998));
#5797=CARTESIAN_POINT('',(-2.675,0.0,0.799999999999998));
#5798=VECTOR('',#7530,1.0);
#5799=CARTESIAN_POINT('',(-1.925,1.25,0.799999999999998));
#5800=CARTESIAN_POINT('',(-2.675,1.25,0.799999999999998));
#5801=VECTOR('',#7531,1.0);
#5802=CARTESIAN_POINT('',(-1.925,1.9,0.799999999999998));
#5803=CARTESIAN_POINT('',(-1.925,1.25,0.799999999999998));
#5804=VECTOR('',#7532,1.0);
#5805=CARTESIAN_POINT('',(-1.16,1.9,0.799999999999998));
#5806=CARTESIAN_POINT('',(2.675,1.9,0.799999999999998));
#5807=VECTOR('',#7533,1.0);
#5808=CARTESIAN_POINT('',(-1.16,0.288196601125013,0.799999999999997));
#5809=CARTESIAN_POINT('',(-1.16,0.0,0.799999999999997));
#5810=VECTOR('',#7534,1.0);
#5811=CARTESIAN_POINT('',(-0.84,0.288196601125013,0.799999999999997));
#5812=CARTESIAN_POINT('',(-0.84,0.288196601125013,0.799999999999997));
#5813=VECTOR('',#7535,1.0);
#5814=CARTESIAN_POINT('',(-0.84,1.9,0.799999999999998));
#5815=CARTESIAN_POINT('',(-0.84,0.0,0.799999999999997));
#5816=VECTOR('',#7536,1.0);
#5817=CARTESIAN_POINT('',(-0.16,1.9,0.799999999999998));
#5818=CARTESIAN_POINT('',(2.675,1.9,0.799999999999998));
#5819=VECTOR('',#7537,1.0);
#5820=CARTESIAN_POINT('',(-0.16,0.288196601125013,0.799999999999997));
#5821=CARTESIAN_POINT('',(-0.16,0.0,0.799999999999997));
#5822=VECTOR('',#7538,1.0);
#5823=CARTESIAN_POINT('',(0.16,0.288196601125013,0.799999999999997));
#5824=CARTESIAN_POINT('',(0.16,0.288196601125013,0.799999999999997));
#5825=VECTOR('',#7539,1.0);
#5826=CARTESIAN_POINT('',(0.16,1.9,0.799999999999998));
#5827=CARTESIAN_POINT('',(0.16,0.0,0.799999999999997));
#5828=VECTOR('',#7540,1.0);
#5829=CARTESIAN_POINT('',(0.84,1.9,0.799999999999998));
#5830=CARTESIAN_POINT('',(2.675,1.9,0.799999999999998));
#5831=VECTOR('',#7541,1.0);
#5832=CARTESIAN_POINT('',(0.84,0.0,0.799999999999997));
#5833=VECTOR('',#7542,1.0);
#5834=CARTESIAN_POINT('',(1.16,1.9,0.849999999999995));
#5835=CARTESIAN_POINT('',(1.16,1.9,0.799999999999998));
#5836=VECTOR('',#7543,1.0);
#5837=CARTESIAN_POINT('',(0.84,1.9,0.849999999999995));
#5838=CARTESIAN_POINT('',(2.675,1.9,0.849999999999995));
#5839=VECTOR('',#7544,1.0);
#5840=CARTESIAN_POINT('',(0.84,1.9,0.799999999999998));
#5841=VECTOR('',#7545,1.0);
#5842=CARTESIAN_POINT('',(0.16,1.9,0.849999999999995));
#5843=CARTESIAN_POINT('',(0.16,1.9,0.799999999999998));
#5844=VECTOR('',#7546,1.0);
#5845=CARTESIAN_POINT('',(-0.16,1.9,0.849999999999995));
#5846=CARTESIAN_POINT('',(2.675,1.9,0.849999999999995));
#5847=VECTOR('',#7547,1.0);
#5848=CARTESIAN_POINT('',(-0.16,1.9,0.799999999999998));
#5849=VECTOR('',#7548,1.0);
#5850=CARTESIAN_POINT('',(-0.84,1.9,0.849999999999995));
#5851=CARTESIAN_POINT('',(-0.84,1.9,0.799999999999998));
#5852=VECTOR('',#7549,1.0);
#5853=CARTESIAN_POINT('',(-1.16,1.9,0.849999999999995));
#5854=CARTESIAN_POINT('',(2.675,1.9,0.849999999999995));
#5855=VECTOR('',#7550,1.0);
#5856=CARTESIAN_POINT('',(-1.16,1.9,0.799999999999998));
#5857=VECTOR('',#7551,1.0);
#5858=CARTESIAN_POINT('',(-1.925,1.9,1.4));
#5859=CARTESIAN_POINT('',(-1.925,1.9,-4.53999999999999));
#5860=VECTOR('',#7552,1.0);
#5861=CARTESIAN_POINT('',(1.925,1.9,1.4));
#5862=CARTESIAN_POINT('',(2.675,1.9,1.4));
#5863=VECTOR('',#7553,1.0);
#5864=CARTESIAN_POINT('',(1.925,1.9,-4.53999999999999));
#5865=VECTOR('',#7554,1.0);
#5866=CARTESIAN_POINT('',(-4.50000000000003,-1.3,0.299999999999998));
#5867=CARTESIAN_POINT('',(4.5,-1.3,0.299999999999998));
#5868=CARTESIAN_POINT('',(-4.3,-1.3,0.299999999999999));
#5869=VECTOR('',#7555,1.0);
#5870=CARTESIAN_POINT('',(-4.50000000000003,-0.700000000000001,0.299999999999998));
#5871=CARTESIAN_POINT('',(-4.50000000000003,-0.700000000000001,0.299999999999998));
#5872=VECTOR('',#7556,1.0);
#5873=CARTESIAN_POINT('',(-4.30000000000003,-0.700000000000001,0.299999999999998));
#5874=VECTOR('',#7557,1.0);
#5875=CARTESIAN_POINT('',(-4.50000000000003,-0.2,0.299999999999998));
#5876=CARTESIAN_POINT('',(-4.50000000000003,-0.2,0.299999999999998));
#5877=VECTOR('',#7558,1.0);
#5878=CARTESIAN_POINT('',(-4.50000000000003,-0.1,0.299999999999998));
#5879=CARTESIAN_POINT('',(-4.50000000000003,-0.1,0.299999999999998));
#5880=VECTOR('',#7559,1.0);
#5881=CARTESIAN_POINT('',(-4.30000000000003,-0.1,0.299999999999998));
#5882=VECTOR('',#7560,1.0);
#5883=CARTESIAN_POINT('',(-4.3,-2.16840434497101E-16,0.299999999999999));
#5884=VECTOR('',#7561,1.0);
#5885=CARTESIAN_POINT('',(4.5,-0.1,0.299999999999998));
#5886=CARTESIAN_POINT('',(4.5,-0.1,0.299999999999998));
#5887=VECTOR('',#7562,1.0);
#5888=CARTESIAN_POINT('',(4.5,-0.2,0.299999999999998));
#5889=CARTESIAN_POINT('',(4.5,-0.2,0.299999999999998));
#5890=VECTOR('',#7563,1.0);
#5891=CARTESIAN_POINT('',(4.3,-0.5,0.299999999999998));
#5892=VECTOR('',#7564,1.0);
#5893=CARTESIAN_POINT('',(4.5,-0.700000000000001,0.299999999999998));
#5894=CARTESIAN_POINT('',(4.5,-0.700000000000001,0.299999999999998));
#5895=VECTOR('',#7565,1.0);
#5896=CARTESIAN_POINT('',(4.5,-1.3,0.299999999999998));
#5897=VECTOR('',#7566,1.0);
#5898=CARTESIAN_POINT('',(2.1,-1.3,2.6));
#5899=CARTESIAN_POINT('',(4.3,-1.3,2.6));
#5900=VECTOR('',#7567,1.0);
#5901=CARTESIAN_POINT('',(2.1,-2.16840434497101E-16,2.6));
#5902=VECTOR('',#7568,1.0);
#5903=CARTESIAN_POINT('',(2.1,-1.3,1.4));
#5904=CARTESIAN_POINT('',(2.1,-1.3,2.6));
#5905=VECTOR('',#7569,1.0);
#5906=CARTESIAN_POINT('',(2.1,-2.16840434497101E-16,2.6));
#5907=VECTOR('',#7570,1.0);
#5908=CARTESIAN_POINT('',(2.1,-2.16840434497101E-16,1.4));
#5909=VECTOR('',#7571,1.0);
#5910=CARTESIAN_POINT('',(1.925,1.25,1.4));
#5911=CARTESIAN_POINT('',(1.925,1.9,1.4));
#5912=VECTOR('',#7572,1.0);
#5913=CARTESIAN_POINT('',(-1.925,1.25,1.4));
#5914=CARTESIAN_POINT('',(-1.925,1.25,1.4));
#5915=VECTOR('',#7573,1.0);
#5916=CARTESIAN_POINT('',(-2.675,1.25,1.4));
#5917=CARTESIAN_POINT('',(-2.675,1.25,1.4));
#5918=VECTOR('',#7574,1.0);
#5919=CARTESIAN_POINT('',(-2.675,1.9,1.4));
#5920=VECTOR('',#7575,1.0);
#5921=CARTESIAN_POINT('',(-2.1,-1.3,1.4));
#5922=CARTESIAN_POINT('',(-2.1,-2.16840434497101E-16,1.4));
#5923=VECTOR('',#7576,1.0);
#5924=CARTESIAN_POINT('',(2.1,-1.3,1.4));
#5925=VECTOR('',#7577,1.0);
#5926=CARTESIAN_POINT('',(2.675,1.25,1.4));
#5927=CARTESIAN_POINT('',(2.675,1.9,1.4));
#5928=VECTOR('',#7578,1.0);
#5929=CARTESIAN_POINT('',(1.925,1.25,1.4));
#5930=VECTOR('',#7579,1.0);
#5931=CARTESIAN_POINT('',(-2.1,-1.3,2.6));
#5932=CARTESIAN_POINT('',(-2.1,-1.3,1.4));
#5933=VECTOR('',#7580,1.0);
#5934=CARTESIAN_POINT('',(-2.1,-2.16840434497101E-16,1.4));
#5935=VECTOR('',#7581,1.0);
#5936=CARTESIAN_POINT('',(-2.1,-2.16840434497101E-16,2.6));
#5937=VECTOR('',#7582,1.0);
#5938=CARTESIAN_POINT('',(-3.40000000000003,-0.1,2.6));
#5939=CARTESIAN_POINT('',(-3.00000000000003,-0.792820323027553,2.6));
#5940=CARTESIAN_POINT('',(-3.40000000000003,-0.1,2.6));
#5941=VECTOR('',#7583,1.0);
#5942=CARTESIAN_POINT('',(-2.60000000000003,-0.1,2.6));
#5943=CARTESIAN_POINT('',(-2.60000000000003,-0.1,2.6));
#5944=VECTOR('',#7584,1.0);
#5945=CARTESIAN_POINT('',(-3.00000000000003,-0.792820323027553,2.6));
#5946=VECTOR('',#7585,1.0);
#5947=CARTESIAN_POINT('',(-2.1,-1.3,2.6));
#5948=VECTOR('',#7586,1.0);
#5949=CARTESIAN_POINT('',(-4.50000000000003,-1.3,2.29999999999989));
#5950=CARTESIAN_POINT('',(-4.50000000000003,-1.3,2.29999999999989));
#5951=VECTOR('',#7587,1.0);
#5952=CARTESIAN_POINT('',(-4.50000000000003,-1.3,-20.169999999999));
#5953=VECTOR('',#7588,1.0);
#5954=CARTESIAN_POINT('',(4.5,-1.3,2.29999999999989));
#5955=CARTESIAN_POINT('',(4.5,-1.3,-20.169999999999));
#5956=VECTOR('',#7589,1.0);
#5957=CARTESIAN_POINT('',(4.3,-1.3,2.29999999999989));
#5958=VECTOR('',#7590,1.0);
#5959=CARTESIAN_POINT('',(-2.675,1.25,-4.53999999999999));
#5960=VECTOR('',#7591,1.0);
#5961=CARTESIAN_POINT('',(-1.925,1.25,-4.53999999999999));
#5962=VECTOR('',#7592,1.0);
#5963=CARTESIAN_POINT('',(1.925,1.25,-4.53999999999999));
#5964=VECTOR('',#7593,1.0);
#5965=CARTESIAN_POINT('',(2.675,1.25,-4.53999999999999));
#5966=VECTOR('',#7594,1.0);
#5967=CARTESIAN_POINT('',(2.675,3.1,1.92));
#5968=CARTESIAN_POINT('',(2.675,3.1,1.92));
#5969=VECTOR('',#7595,1.0);
#5970=CARTESIAN_POINT('',(2.675,3.1,0.799999999999999));
#5971=VECTOR('',#7596,1.0);
#5972=CARTESIAN_POINT('',(3.4386363636363,3.1,1.92));
#5973=CARTESIAN_POINT('',(3.375,3.1,1.92));
#5974=VECTOR('',#7597,1.0);
#5975=CARTESIAN_POINT('',(3.4386363636363,3.1,1.32));
#5976=CARTESIAN_POINT('',(3.4386363636363,3.1,1.32));
#5977=VECTOR('',#7598,1.0);
#5978=CARTESIAN_POINT('',(3.4386363636363,3.1,1.32));
#5979=VECTOR('',#7599,1.0);
#5980=CARTESIAN_POINT('',(3.375,3.1,1.92));
#5981=VECTOR('',#7600,1.0);
#5982=CARTESIAN_POINT('',(3.4890591452552,1.45746624508495,1.92));
#5983=CARTESIAN_POINT('',(3.375,1.0,1.92));
#5984=VECTOR('',#7601,1.0);
#5985=AXIS2_PLACEMENT_3D('',#7602,#7603,#7604);
#5986=CARTESIAN_POINT('',(3.46277931423174,1.61470879668599,1.92));
#5987=VECTOR('',#7605,1.0);
#5988=CARTESIAN_POINT('',(3.825,2.25,1.92));
#5989=CARTESIAN_POINT('',(3.375,2.25,1.92));
#5990=VECTOR('',#7606,1.0);
#5991=CARTESIAN_POINT('',(3.825,2.25,1.92));
#5992=VECTOR('',#7607,1.0);
#5993=CARTESIAN_POINT('',(3.825,2.25,1.32));
#5994=CARTESIAN_POINT('',(3.375,2.25,1.32));
#5995=VECTOR('',#7608,1.0);
#5996=CARTESIAN_POINT('',(3.825,2.25,1.32));
#5997=VECTOR('',#7609,1.0);
#5998=CARTESIAN_POINT('',(3.825,2.25,1.32));
#5999=VECTOR('',#7610,1.0);
#6000=CARTESIAN_POINT('',(3.4890591452552,1.45746624508495,1.32));
#6001=CARTESIAN_POINT('',(3.375,1.0,1.32));
#6002=VECTOR('',#7611,1.0);
#6003=CARTESIAN_POINT('',(3.4890591452552,1.45746624508495,1.32));
#6004=VECTOR('',#7612,1.0);
#6005=AXIS2_PLACEMENT_3D('',#7613,#7614,#7615);
#6006=CARTESIAN_POINT('',(3.46277931423174,1.61470879668599,1.32));
#6007=VECTOR('',#7616,1.0);
#6008=CARTESIAN_POINT('',(-2.675,3.1,1.92));
#6009=CARTESIAN_POINT('',(-2.675,3.1,0.799999999999999));
#6010=VECTOR('',#7617,1.0);
#6011=CARTESIAN_POINT('',(-2.675,3.1,1.92));
#6012=VECTOR('',#7618,1.0);
#6013=CARTESIAN_POINT('',(-3.4386363636363,3.1,1.32));
#6014=CARTESIAN_POINT('',(-3.4386363636363,3.1,1.32));
#6015=VECTOR('',#7619,1.0);
#6016=CARTESIAN_POINT('',(-3.4386363636363,3.1,1.92));
#6017=CARTESIAN_POINT('',(-3.4386363636363,3.1,1.32));
#6018=VECTOR('',#7620,1.0);
#6019=CARTESIAN_POINT('',(-3.375,3.1,1.92));
#6020=VECTOR('',#7621,1.0);
#6021=CARTESIAN_POINT('',(-3.825,2.25,1.92));
#6022=CARTESIAN_POINT('',(-3.825,2.25,1.92));
#6023=VECTOR('',#7622,1.0);
#6024=CARTESIAN_POINT('',(-3.375,2.25,1.92));
#6025=VECTOR('',#7623,1.0);
#6026=CARTESIAN_POINT('',(-3.46277931423174,1.61470879668599,1.92));
#6027=VECTOR('',#7624,1.0);
#6028=CARTESIAN_POINT('',(-3.4890591452552,1.45746624508495,1.92));
#6029=AXIS2_PLACEMENT_3D('',#7625,#7626,#7627);
#6030=CARTESIAN_POINT('',(-3.375,1.0,1.92));
#6031=VECTOR('',#7628,1.0);
#6032=CARTESIAN_POINT('',(-3.375,3.1,1.92));
#6033=VECTOR('',#7629,1.0);
#6034=CARTESIAN_POINT('',(-3.825,2.25,1.32));
#6035=CARTESIAN_POINT('',(-3.825,2.25,1.32));
#6036=VECTOR('',#7630,1.0);
#6037=CARTESIAN_POINT('',(-3.375,2.25,1.32));
#6038=VECTOR('',#7631,1.0);
#6039=CARTESIAN_POINT('',(-3.825,2.25,1.32));
#6040=VECTOR('',#7632,1.0);
#6041=CARTESIAN_POINT('',(-3.4890591452552,1.45746624508495,1.32));
#6042=CARTESIAN_POINT('',(-3.4890591452552,1.45746624508495,1.32));
#6043=VECTOR('',#7633,1.0);
#6044=CARTESIAN_POINT('',(-3.375,1.0,1.32));
#6045=VECTOR('',#7634,1.0);
#6046=AXIS2_PLACEMENT_3D('',#7635,#7636,#7637);
#6047=CARTESIAN_POINT('',(-3.46277931423174,1.61470879668599,1.32));
#6048=VECTOR('',#7638,1.0);
#6049=CARTESIAN_POINT('',(4.5,-0.2,2.29999999999989));
#6050=CARTESIAN_POINT('',(4.5,-0.2,-20.169999999999));
#6051=VECTOR('',#7639,1.0);
#6052=CARTESIAN_POINT('',(4.3,-0.5,2.29999999999989));
#6053=VECTOR('',#7640,1.0);
#6054=CARTESIAN_POINT('',(4.5,-0.1,2.29999999999989));
#6055=CARTESIAN_POINT('',(4.5,-0.2,2.29999999999989));
#6056=VECTOR('',#7641,1.0);
#6057=CARTESIAN_POINT('',(4.5,-0.1,2.29999999999989));
#6058=VECTOR('',#7642,1.0);
#6059=CARTESIAN_POINT('',(4.5,-0.1,-20.169999999999));
#6060=VECTOR('',#7643,1.0);
#6061=CARTESIAN_POINT('',(4.5,-0.700000000000001,2.29999999999989));
#6062=CARTESIAN_POINT('',(4.5,-1.3,2.29999999999989));
#6063=VECTOR('',#7644,1.0);
#6064=CARTESIAN_POINT('',(4.5,-0.700000000000001,2.29999999999989));
#6065=VECTOR('',#7645,1.0);
#6066=CARTESIAN_POINT('',(4.5,-0.700000000000001,-20.169999999999));
#6067=VECTOR('',#7646,1.0);
#6068=CARTESIAN_POINT('',(-4.50000000000003,-0.2,2.29999999999989));
#6069=CARTESIAN_POINT('',(-4.50000000000003,-0.2,-20.169999999999));
#6070=VECTOR('',#7647,1.0);
#6071=CARTESIAN_POINT('',(-4.50000000000003,-0.2,2.29999999999989));
#6072=VECTOR('',#7648,1.0);
#6073=CARTESIAN_POINT('',(-4.50000000000003,-0.1,2.29999999999989));
#6074=CARTESIAN_POINT('',(-4.50000000000003,-0.1,2.29999999999989));
#6075=VECTOR('',#7649,1.0);
#6076=CARTESIAN_POINT('',(-4.30000000000003,-0.1,2.29999999999989));
#6077=VECTOR('',#7650,1.0);
#6078=CARTESIAN_POINT('',(-4.50000000000003,-0.1,-20.169999999999));
#6079=VECTOR('',#7651,1.0);
#6080=CARTESIAN_POINT('',(-4.50000000000003,-0.700000000000001,2.29999999999989));
#6081=CARTESIAN_POINT('',(-4.50000000000003,-0.700000000000001,2.29999999999989));
#6082=VECTOR('',#7652,1.0);
#6083=CARTESIAN_POINT('',(-4.30000000000003,-0.700000000000001,2.29999999999989));
#6084=VECTOR('',#7653,1.0);
#6085=CARTESIAN_POINT('',(-4.50000000000003,-0.700000000000001,-20.169999999999));
#6086=VECTOR('',#7654,1.0);
#6087=CARTESIAN_POINT('',(-3.00000000000003,-0.792820323027553,2.55));
#6088=CARTESIAN_POINT('',(-3.00000000000003,-0.792820323027553,2.55));
#6089=VECTOR('',#7655,1.0);
#6090=CARTESIAN_POINT('',(-3.40000000000003,-0.1,2.55));
#6091=CARTESIAN_POINT('',(-3.40000000000003,-0.1,2.55));
#6092=VECTOR('',#7656,1.0);
#6093=CARTESIAN_POINT('',(-3.40000000000003,-0.1,2.55));
#6094=VECTOR('',#7657,1.0);
#6095=CARTESIAN_POINT('',(-2.60000000000003,-0.1,2.55));
#6096=CARTESIAN_POINT('',(-2.60000000000003,-0.1,2.55));
#6097=VECTOR('',#7658,1.0);
#6098=CARTESIAN_POINT('',(-3.00000000000003,-0.792820323027553,2.55));
#6099=VECTOR('',#7659,1.0);
#6100=CARTESIAN_POINT('',(-2.60000000000003,-0.1,2.55));
#6101=VECTOR('',#7660,1.0);
#6102=CARTESIAN_POINT('',(-3.375,0.199999999999999,0.749999999999996));
#6103=CARTESIAN_POINT('',(-3.375,0.199999999999998,-24.03));
#6104=VECTOR('',#7661,1.0);
#6105=CARTESIAN_POINT('',(-3.375,0.95,0.75));
#6106=CARTESIAN_POINT('',(-3.375,3.5,0.749999999999996));
#6107=VECTOR('',#7662,1.0);
#6108=CARTESIAN_POINT('',(-3.375,0.95,2.05));
#6109=VECTOR('',#7663,1.0);
#6110=CARTESIAN_POINT('',(-2.97500000000001,-1.19403062916867E-15,-3.46944695195361E-15));
#6111=CARTESIAN_POINT('',(-2.97500000000001,-1.19403062916867E-15,-24.03));
#6112=VECTOR('',#7664,1.0);
#6113=CARTESIAN_POINT('',(2.975,-1.30104260698261E-15,-3.46944695195361E-15));
#6114=CARTESIAN_POINT('',(-3.85,0.0,-1.99840144432528E-15));
#6115=VECTOR('',#7665,1.0);
#6116=CARTESIAN_POINT('',(2.975,-1.30104260698261E-15,-24.03));
#6117=VECTOR('',#7666,1.0);
#6118=CARTESIAN_POINT('',(-2.025,3.78399464074857E-17,1.45000000000008));
#6119=CARTESIAN_POINT('',(-2.025,0.0,1.45000000000008));
#6120=VECTOR('',#7667,1.0);
#6121=CARTESIAN_POINT('',(-2.025,0.0,1.8));
#6122=CARTESIAN_POINT('',(-2.025,0.0,1.8));
#6123=VECTOR('',#7668,1.0);
#6124=CARTESIAN_POINT('',(-1.9,0.0,1.8));
#6125=CARTESIAN_POINT('',(2.025,0.0,1.8));
#6126=VECTOR('',#7669,1.0);
#6127=CARTESIAN_POINT('',(-1.89999999999999,1.03719420186899E-14,2.44999999999999));
#6128=CARTESIAN_POINT('',(-1.9,6.06200165577947E-17,1.8));
#6129=VECTOR('',#7670,1.0);
#6130=CARTESIAN_POINT('',(-2.975,3.26056173304905E-14,2.44999999999999));
#6131=VECTOR('',#7671,1.0);
#6132=CARTESIAN_POINT('',(1.9,-1.12757025938492E-14,2.44999999999999));
#6133=CARTESIAN_POINT('',(1.9,-1.13026735860419E-14,2.44999999999999));
#6134=VECTOR('',#7672,1.0);
#6135=CARTESIAN_POINT('',(1.9,0.0,1.8));
#6136=CARTESIAN_POINT('',(1.9,6.06200165577947E-17,1.8));
#6137=VECTOR('',#7673,1.0);
#6138=CARTESIAN_POINT('',(2.025,0.0,1.8));
#6139=CARTESIAN_POINT('',(2.025,0.0,1.8));
#6140=VECTOR('',#7674,1.0);
#6141=CARTESIAN_POINT('',(2.025,3.78399464074922E-17,1.45000000000002));
#6142=CARTESIAN_POINT('',(2.025,0.0,1.8));
#6143=VECTOR('',#7675,1.0);
#6144=CARTESIAN_POINT('',(2.575,0.0,1.45000000000001));
#6145=VECTOR('',#7676,1.0);
#6146=CARTESIAN_POINT('',(3.375,0.95,2.05));
#6147=CARTESIAN_POINT('',(3.375,0.95,0.749999999999996));
#6148=VECTOR('',#7677,1.0);
#6149=CARTESIAN_POINT('',(3.375,0.199999999999999,2.05));
#6150=CARTESIAN_POINT('',(3.375,0.199999999999998,-24.03));
#6151=VECTOR('',#7678,1.0);
#6152=CARTESIAN_POINT('',(3.375,3.5,2.05));
#6153=VECTOR('',#7679,1.0);
#6154=CARTESIAN_POINT('',(3.375,0.199999999999998,0.749999999999996));
#6155=CARTESIAN_POINT('',(3.375,0.199999999999998,-24.03));
#6156=VECTOR('',#7680,1.0);
#6157=CARTESIAN_POINT('',(3.375,0.95,0.75));
#6158=CARTESIAN_POINT('',(3.375,0.95,0.749999999999996));
#6159=VECTOR('',#7681,1.0);
#6160=CARTESIAN_POINT('',(3.375,3.5,0.749999999999996));
#6161=VECTOR('',#7682,1.0);
#6162=CARTESIAN_POINT('',(1.16,0.258578643762692,0.749999999999997));
#6163=AXIS2_PLACEMENT_3D('',#7683,#7684,#7685);
#6164=CARTESIAN_POINT('',(0.84,0.258578643762692,0.749999999999997));
#6165=AXIS2_PLACEMENT_3D('',#7686,#7687,#7688);
#6166=CARTESIAN_POINT('',(1.16,0.258578643762692,0.749999999999997));
#6167=VECTOR('',#7689,1.0);
#6168=CARTESIAN_POINT('',(-0.84,0.258578643762692,0.749999999999997));
#6169=AXIS2_PLACEMENT_3D('',#7690,#7691,#7692);
#6170=CARTESIAN_POINT('',(-1.16,0.258578643762692,0.749999999999997));
#6171=AXIS2_PLACEMENT_3D('',#7693,#7694,#7695);
#6172=CARTESIAN_POINT('',(-0.84,0.258578643762692,0.749999999999997));
#6173=VECTOR('',#7696,1.0);
#6174=CARTESIAN_POINT('',(0.16,0.258578643762692,0.749999999999997));
#6175=AXIS2_PLACEMENT_3D('',#7697,#7698,#7699);
#6176=CARTESIAN_POINT('',(-0.16,0.258578643762692,0.749999999999997));
#6177=AXIS2_PLACEMENT_3D('',#7700,#7701,#7702);
#6178=CARTESIAN_POINT('',(0.16,0.258578643762692,0.749999999999997));
#6179=VECTOR('',#7703,1.0);
#6180=CARTESIAN_POINT('',(1.16,2.05,0.749999999999997));
#6181=CARTESIAN_POINT('',(1.16,0.0,0.749999999999996));
#6182=VECTOR('',#7704,1.0);
#6183=CARTESIAN_POINT('',(1.16,2.15,0.849999999999995));
#6184=CARTESIAN_POINT('',(1.16,2.05,0.749999999999997));
#6185=VECTOR('',#7705,1.0);
#6186=CARTESIAN_POINT('',(1.16,2.25,0.849999999999995));
#6187=VECTOR('',#7706,1.0);
#6188=CARTESIAN_POINT('',(0.84,2.15,0.849999999999995));
#6189=CARTESIAN_POINT('',(0.84,2.25,0.849999999999995));
#6190=VECTOR('',#7707,1.0);
#6191=CARTESIAN_POINT('',(0.84,2.05,0.749999999999997));
#6192=CARTESIAN_POINT('',(0.84,2.05,0.749999999999997));
#6193=VECTOR('',#7708,1.0);
#6194=CARTESIAN_POINT('',(0.84,0.0,0.749999999999996));
#6195=VECTOR('',#7709,1.0);
#6196=CARTESIAN_POINT('',(2.025,2.15,0.849999999999995));
#6197=VECTOR('',#7710,1.0);
#6198=CARTESIAN_POINT('',(-0.84,2.05,0.749999999999997));
#6199=CARTESIAN_POINT('',(-0.84,0.0,0.749999999999996));
#6200=VECTOR('',#7711,1.0);
#6201=CARTESIAN_POINT('',(-0.84,2.15,0.849999999999995));
#6202=CARTESIAN_POINT('',(-0.84,2.05,0.749999999999997));
#6203=VECTOR('',#7712,1.0);
#6204=CARTESIAN_POINT('',(-0.84,2.25,0.849999999999995));
#6205=VECTOR('',#7713,1.0);
#6206=CARTESIAN_POINT('',(-1.16,2.15,0.849999999999995));
#6207=CARTESIAN_POINT('',(-1.16,2.25,0.849999999999995));
#6208=VECTOR('',#7714,1.0);
#6209=CARTESIAN_POINT('',(-1.16,2.05,0.749999999999997));
#6210=CARTESIAN_POINT('',(-1.16,2.05,0.749999999999997));
#6211=VECTOR('',#7715,1.0);
#6212=CARTESIAN_POINT('',(-1.16,0.0,0.749999999999996));
#6213=VECTOR('',#7716,1.0);
#6214=CARTESIAN_POINT('',(2.025,2.15,0.849999999999995));
#6215=VECTOR('',#7717,1.0);
#6216=CARTESIAN_POINT('',(0.16,2.05,0.749999999999997));
#6217=CARTESIAN_POINT('',(0.16,0.0,0.749999999999996));
#6218=VECTOR('',#7718,1.0);
#6219=CARTESIAN_POINT('',(0.16,2.15,0.849999999999995));
#6220=CARTESIAN_POINT('',(0.16,2.05,0.749999999999997));
#6221=VECTOR('',#7719,1.0);
#6222=CARTESIAN_POINT('',(0.16,2.25,0.849999999999995));
#6223=VECTOR('',#7720,1.0);
#6224=CARTESIAN_POINT('',(-0.16,2.15,0.849999999999995));
#6225=CARTESIAN_POINT('',(-0.16,2.25,0.849999999999995));
#6226=VECTOR('',#7721,1.0);
#6227=CARTESIAN_POINT('',(-0.16,2.05,0.749999999999997));
#6228=CARTESIAN_POINT('',(-0.16,2.05,0.749999999999997));
#6229=VECTOR('',#7722,1.0);
#6230=CARTESIAN_POINT('',(-0.16,0.0,0.749999999999996));
#6231=VECTOR('',#7723,1.0);
#6232=CARTESIAN_POINT('',(2.025,2.15,0.849999999999995));
#6233=VECTOR('',#7724,1.0);
#6234=CARTESIAN_POINT('',(3.85,4.3,0.3));
#6235=CARTESIAN_POINT('',(3.85,2.3,0.3));
#6236=CARTESIAN_POINT('',(3.85,4.3,0.3));
#6237=VECTOR('',#7725,1.0);
#6238=CARTESIAN_POINT('',(3.275,2.3,0.3));
#6239=CARTESIAN_POINT('',(-1.8425,2.3,0.3));
#6240=VECTOR('',#7726,1.0);
#6241=CARTESIAN_POINT('',(3.275,3.35,0.299999999999998));
#6242=CARTESIAN_POINT('',(3.275,4.3,0.3));
#6243=VECTOR('',#7727,1.0);
#6244=CARTESIAN_POINT('',(2.975,3.35,0.299999999999998));
#6245=AXIS2_PLACEMENT_3D('',#7728,#7729,#7730);
#6246=CARTESIAN_POINT('',(2.975,2.73000000000001,0.3));
#6247=CARTESIAN_POINT('',(2.975,3.35,0.299999999999998));
#6248=VECTOR('',#7731,1.0);
#6249=CARTESIAN_POINT('',(2.2,2.73000000000001,0.3));
#6250=CARTESIAN_POINT('',(3.85,2.73000000000001,0.3));
#6251=VECTOR('',#7732,1.0);
#6252=CARTESIAN_POINT('',(2.2,2.9,0.3));
#6253=CARTESIAN_POINT('',(2.2,2.73000000000001,0.3));
#6254=VECTOR('',#7733,1.0);
#6255=CARTESIAN_POINT('',(1.75,2.9,0.3));
#6256=CARTESIAN_POINT('',(2.2,2.9,0.3));
#6257=VECTOR('',#7734,1.0);
#6258=CARTESIAN_POINT('',(1.75,3.70000000000001,0.3));
#6259=CARTESIAN_POINT('',(1.75,2.9,0.3));
#6260=VECTOR('',#7735,1.0);
#6261=CARTESIAN_POINT('',(2.2,3.70000000000001,0.3));
#6262=CARTESIAN_POINT('',(1.75,3.70000000000001,0.3));
#6263=VECTOR('',#7736,1.0);
#6264=CARTESIAN_POINT('',(2.2,3.87000000000001,0.3));
#6265=CARTESIAN_POINT('',(2.2,3.70000000000001,0.3));
#6266=VECTOR('',#7737,1.0);
#6267=CARTESIAN_POINT('',(3.15,3.87000000000001,0.3));
#6268=CARTESIAN_POINT('',(2.2,3.87000000000001,0.3));
#6269=VECTOR('',#7738,1.0);
#6270=CARTESIAN_POINT('',(3.15,4.30000000000001,0.3));
#6271=CARTESIAN_POINT('',(3.15,3.87000000000001,0.3));
#6272=VECTOR('',#7739,1.0);
#6273=CARTESIAN_POINT('',(-1.8425,4.3,0.3));
#6274=VECTOR('',#7740,1.0);
#6275=CARTESIAN_POINT('',(1.79270166537926,3.69,0.3));
#6276=CARTESIAN_POINT('',(2.06819660112501,3.69,0.3));
#6277=CARTESIAN_POINT('',(-1.8425,3.69,0.3));
#6278=VECTOR('',#7741,1.0);
#6279=CARTESIAN_POINT('',(1.79270166537926,2.91,0.3));
#6280=CARTESIAN_POINT('',(1.79270166537926,2.3,0.3));
#6281=VECTOR('',#7742,1.0);
#6282=CARTESIAN_POINT('',(2.06819660112501,2.91,0.3));
#6283=CARTESIAN_POINT('',(-1.8425,2.91,0.3));
#6284=VECTOR('',#7743,1.0);
#6285=CARTESIAN_POINT('',(2.06819660112501,2.3,0.3));
#6286=VECTOR('',#7744,1.0);
#6287=CARTESIAN_POINT('',(-3.85,2.3,0.3));
#6288=CARTESIAN_POINT('',(-3.275,2.3,0.3));
#6289=CARTESIAN_POINT('',(1.8425,2.3,0.3));
#6290=VECTOR('',#7745,1.0);
#6291=CARTESIAN_POINT('',(-3.85,4.3,0.3));
#6292=CARTESIAN_POINT('',(-3.85,4.3,0.3));
#6293=VECTOR('',#7746,1.0);
#6294=CARTESIAN_POINT('',(-3.15,4.30000000000001,0.3));
#6295=CARTESIAN_POINT('',(1.8425,4.3,0.3));
#6296=VECTOR('',#7747,1.0);
#6297=CARTESIAN_POINT('',(-3.15,3.87000000000001,0.3));
#6298=CARTESIAN_POINT('',(-3.15,4.30000000000001,0.3));
#6299=VECTOR('',#7748,1.0);
#6300=CARTESIAN_POINT('',(-2.2,3.87000000000001,0.3));
#6301=CARTESIAN_POINT('',(-3.15,3.87000000000001,0.3));
#6302=VECTOR('',#7749,1.0);
#6303=CARTESIAN_POINT('',(-2.2,3.70000000000001,0.3));
#6304=CARTESIAN_POINT('',(-2.2,3.87000000000001,0.3));
#6305=VECTOR('',#7750,1.0);
#6306=CARTESIAN_POINT('',(-1.75,3.70000000000001,0.3));
#6307=CARTESIAN_POINT('',(-2.2,3.70000000000001,0.3));
#6308=VECTOR('',#7751,1.0);
#6309=CARTESIAN_POINT('',(-1.75,2.9,0.3));
#6310=CARTESIAN_POINT('',(-1.75,3.70000000000001,0.3));
#6311=VECTOR('',#7752,1.0);
#6312=CARTESIAN_POINT('',(-2.2,2.9,0.3));
#6313=CARTESIAN_POINT('',(-1.75,2.9,0.3));
#6314=VECTOR('',#7753,1.0);
#6315=CARTESIAN_POINT('',(-2.2,2.73000000000001,0.3));
#6316=CARTESIAN_POINT('',(-2.2,2.9,0.3));
#6317=VECTOR('',#7754,1.0);
#6318=CARTESIAN_POINT('',(-2.975,2.73000000000001,0.3));
#6319=CARTESIAN_POINT('',(-2.2,2.73000000000001,0.3));
#6320=VECTOR('',#7755,1.0);
#6321=CARTESIAN_POINT('',(-2.975,3.35,0.299999999999998));
#6322=CARTESIAN_POINT('',(-2.97500000000001,-1.99173360096449E-15,0.299999999999998));
#6323=VECTOR('',#7756,1.0);
#6324=CARTESIAN_POINT('',(-3.27500000000001,3.35,0.299999999999998));
#6325=AXIS2_PLACEMENT_3D('',#7757,#7758,#7759);
#6326=CARTESIAN_POINT('',(-3.275,4.3,0.3));
#6327=VECTOR('',#7760,1.0);
#6328=CARTESIAN_POINT('',(-1.79270166537926,3.69,0.3));
#6329=CARTESIAN_POINT('',(-1.79270166537926,2.91,0.3));
#6330=CARTESIAN_POINT('',(-1.79270166537926,2.3,0.3));
#6331=VECTOR('',#7761,1.0);
#6332=CARTESIAN_POINT('',(-2.06819660112501,3.69,0.3));
#6333=CARTESIAN_POINT('',(1.8425,3.69,0.3));
#6334=VECTOR('',#7762,1.0);
#6335=CARTESIAN_POINT('',(-2.06819660112501,2.91,0.3));
#6336=CARTESIAN_POINT('',(-2.06819660112501,2.3,0.3));
#6337=VECTOR('',#7763,1.0);
#6338=CARTESIAN_POINT('',(1.8425,2.91,0.3));
#6339=VECTOR('',#7764,1.0);
#6340=CARTESIAN_POINT('',(2.975,0.79999999999998,2.44999999999999));
#6341=CARTESIAN_POINT('',(2.975,-1.33226762955019E-15,2.44999999999999));
#6342=VECTOR('',#7765,1.0);
#6343=CARTESIAN_POINT('',(2.975,3.5,1.94999999999999));
#6344=CARTESIAN_POINT('',(2.975,34.65,1.94999999999999));
#6345=VECTOR('',#7766,1.0);
#6346=CARTESIAN_POINT('',(2.975,3.5,2.04999999999999));
#6347=CARTESIAN_POINT('',(2.975,3.5,1.94999999999999));
#6348=VECTOR('',#7767,1.0);
#6349=CARTESIAN_POINT('',(2.975,3.35,2.05));
#6350=CARTESIAN_POINT('',(2.975,34.65,2.04999999999999));
#6351=VECTOR('',#7768,1.0);
#6352=CARTESIAN_POINT('',(2.975,3.35,2.69999999999999));
#6353=CARTESIAN_POINT('',(2.975,3.35,-24.03));
#6354=VECTOR('',#7769,1.0);
#6355=CARTESIAN_POINT('',(2.975,0.79999999999998,2.69999999999999));
#6356=CARTESIAN_POINT('',(2.975,3.35,2.69999999999999));
#6357=VECTOR('',#7770,1.0);
#6358=CARTESIAN_POINT('',(2.975,0.79999999999998,2.44999999999999));
#6359=VECTOR('',#7771,1.0);
#6360=CARTESIAN_POINT('',(3.125,3.5,2.05));
#6361=CARTESIAN_POINT('',(3.375,3.5,2.05));
#6362=VECTOR('',#7772,1.0);
#6363=CARTESIAN_POINT('',(2.575,3.5,1.95));
#6364=CARTESIAN_POINT('',(2.575,3.5,1.95));
#6365=VECTOR('',#7773,1.0);
#6366=CARTESIAN_POINT('',(2.575,3.5,0.749999999999996));
#6367=CARTESIAN_POINT('',(2.575,3.5,2.05));
#6368=VECTOR('',#7774,1.0);
#6369=CARTESIAN_POINT('',(3.125,3.5,0.749999999999996));
#6370=CARTESIAN_POINT('',(2.575,3.5,0.749999999999996));
#6371=VECTOR('',#7775,1.0);
#6372=CARTESIAN_POINT('',(3.275,3.5,0.75));
#6373=CARTESIAN_POINT('',(2.575,3.5,0.749999999999996));
#6374=VECTOR('',#7776,1.0);
#6375=CARTESIAN_POINT('',(3.275,3.5,2.05));
#6376=CARTESIAN_POINT('',(3.275,3.5,0.0));
#6377=VECTOR('',#7777,1.0);
#6378=CARTESIAN_POINT('',(3.375,3.5,2.05));
#6379=VECTOR('',#7778,1.0);
#6380=AXIS2_PLACEMENT_3D('',#7779,#7780,#7781);
#6381=CARTESIAN_POINT('',(-2.575,3.5,1.95000000000007));
#6382=CARTESIAN_POINT('',(-2.97499999999995,3.5,1.95000000000007));
#6383=CARTESIAN_POINT('',(-2.97499999999995,3.5,1.95000000000007));
#6384=VECTOR('',#7782,1.0);
#6385=CARTESIAN_POINT('',(-2.97499999999995,3.5,2.05));
#6386=CARTESIAN_POINT('',(-2.97499999999995,3.5,2.05000000000007));
#6387=VECTOR('',#7783,1.0);
#6388=CARTESIAN_POINT('',(-3.12500000000001,3.5,2.05));
#6389=CARTESIAN_POINT('',(-2.575,3.5,2.05));
#6390=VECTOR('',#7784,1.0);
#6391=CARTESIAN_POINT('',(-3.275,3.5,2.05));
#6392=CARTESIAN_POINT('',(-2.575,3.5,2.05));
#6393=VECTOR('',#7785,1.0);
#6394=CARTESIAN_POINT('',(-3.275,3.5,0.75));
#6395=CARTESIAN_POINT('',(-3.275,3.5,0.0));
#6396=VECTOR('',#7786,1.0);
#6397=CARTESIAN_POINT('',(-3.12500000000001,3.5,0.749999999999996));
#6398=CARTESIAN_POINT('',(-3.375,3.5,0.749999999999996));
#6399=VECTOR('',#7787,1.0);
#6400=CARTESIAN_POINT('',(-2.575,3.5,0.749999999999996));
#6401=CARTESIAN_POINT('',(-3.375,3.5,0.749999999999996));
#6402=VECTOR('',#7788,1.0);
#6403=CARTESIAN_POINT('',(-2.575,3.5,0.749999999999996));
#6404=VECTOR('',#7789,1.0);
#6405=CARTESIAN_POINT('',(-2.57499999999995,34.65,1.95000000000007));
#6406=VECTOR('',#7790,1.0);
#6407=CARTESIAN_POINT('',(-2.575,1.35,0.749999999999996));
#6408=CARTESIAN_POINT('',(-2.575,3.5,0.749999999999996));
#6409=VECTOR('',#7791,1.0);
#6410=CARTESIAN_POINT('',(-2.575,1.35,1.45000000000008));
#6411=CARTESIAN_POINT('',(-2.575,1.35,1.45000000000008));
#6412=VECTOR('',#7792,1.0);
#6413=CARTESIAN_POINT('',(-2.575,1.35,1.45000000000008));
#6414=VECTOR('',#7793,1.0);
#6415=CARTESIAN_POINT('',(0.16,4.3,0.491421356237307));
#6416=CARTESIAN_POINT('',(-0.16,4.3,0.491421356237307));
#6417=CARTESIAN_POINT('',(0.16,4.3,0.491421356237307));
#6418=VECTOR('',#7794,1.0);
#6419=CARTESIAN_POINT('',(0.16,4.3,0.929999999999996));
#6420=CARTESIAN_POINT('',(0.16,4.3,0.0));
#6421=VECTOR('',#7795,1.0);
#6422=CARTESIAN_POINT('',(-0.16,4.3,0.929999999999996));
#6423=CARTESIAN_POINT('',(0.0,4.3,0.929999999999996));
#6424=VECTOR('',#7796,1.0);
#6425=CARTESIAN_POINT('',(-0.16,4.3,0.0));
#6426=VECTOR('',#7797,1.0);
#6427=CARTESIAN_POINT('',(-0.84,4.3,0.491421356237307));
#6428=CARTESIAN_POINT('',(-1.16,4.3,0.491421356237307));
#6429=CARTESIAN_POINT('',(-0.84,4.3,0.491421356237307));
#6430=VECTOR('',#7798,1.0);
#6431=CARTESIAN_POINT('',(-0.84,4.3,0.929999999999996));
#6432=CARTESIAN_POINT('',(-0.84,4.3,0.0));
#6433=VECTOR('',#7799,1.0);
#6434=CARTESIAN_POINT('',(-1.16,4.3,0.929999999999996));
#6435=CARTESIAN_POINT('',(0.0,4.3,0.929999999999996));
#6436=VECTOR('',#7800,1.0);
#6437=CARTESIAN_POINT('',(-1.16,4.3,0.0));
#6438=VECTOR('',#7801,1.0);
#6439=CARTESIAN_POINT('',(1.16,4.3,0.491421356237307));
#6440=CARTESIAN_POINT('',(0.84,4.3,0.491421356237307));
#6441=CARTESIAN_POINT('',(1.16,4.3,0.491421356237307));
#6442=VECTOR('',#7802,1.0);
#6443=CARTESIAN_POINT('',(1.16,4.3,0.929999999999996));
#6444=CARTESIAN_POINT('',(1.16,4.3,0.0));
#6445=VECTOR('',#7803,1.0);
#6446=CARTESIAN_POINT('',(0.84,4.3,0.929999999999996));
#6447=CARTESIAN_POINT('',(0.0,4.3,0.929999999999996));
#6448=VECTOR('',#7804,1.0);
#6449=CARTESIAN_POINT('',(0.84,4.3,0.0));
#6450=VECTOR('',#7805,1.0);
#6451=CARTESIAN_POINT('',(-3.15,4.30000000000001,-3.5527136788005E-15));
#6452=CARTESIAN_POINT('',(-3.15,4.30000000000001,2.97000000000003));
#6453=VECTOR('',#7806,1.0);
#6454=CARTESIAN_POINT('',(-3.85,4.3,0.75));
#6455=CARTESIAN_POINT('',(-3.85,4.3,2.7));
#6456=VECTOR('',#7807,1.0);
#6457=CARTESIAN_POINT('',(-3.275,4.3,0.75));
#6458=CARTESIAN_POINT('',(1.8425,4.3,0.75));
#6459=VECTOR('',#7808,1.0);
#6460=CARTESIAN_POINT('',(-3.275,4.3,2.05));
#6461=CARTESIAN_POINT('',(-3.275,4.3,0.75));
#6462=VECTOR('',#7809,1.0);
#6463=CARTESIAN_POINT('',(-3.85,4.3,2.05));
#6464=CARTESIAN_POINT('',(1.8425,4.3,2.05));
#6465=VECTOR('',#7810,1.0);
#6466=CARTESIAN_POINT('',(-3.85,4.3,2.7));
#6467=CARTESIAN_POINT('',(-3.85,4.3,2.7));
#6468=VECTOR('',#7811,1.0);
#6469=CARTESIAN_POINT('',(3.85,4.3,2.7));
#6470=CARTESIAN_POINT('',(3.85,4.3,2.7));
#6471=VECTOR('',#7812,1.0);
#6472=CARTESIAN_POINT('',(3.85,4.3,2.05));
#6473=CARTESIAN_POINT('',(3.85,4.3,-1.77635683940025E-15));
#6474=VECTOR('',#7813,1.0);
#6475=CARTESIAN_POINT('',(3.275,4.3,2.05));
#6476=CARTESIAN_POINT('',(-1.8425,4.3,2.05));
#6477=VECTOR('',#7814,1.0);
#6478=CARTESIAN_POINT('',(3.275,4.3,0.75));
#6479=CARTESIAN_POINT('',(3.275,4.3,0.75));
#6480=VECTOR('',#7815,1.0);
#6481=CARTESIAN_POINT('',(3.85,4.3,0.75));
#6482=CARTESIAN_POINT('',(-1.8425,4.3,0.75));
#6483=VECTOR('',#7816,1.0);
#6484=CARTESIAN_POINT('',(3.85,4.3,-1.77635683940025E-15));
#6485=VECTOR('',#7817,1.0);
#6486=CARTESIAN_POINT('',(3.15,4.30000000000001,-3.5527136788005E-15));
#6487=CARTESIAN_POINT('',(3.15,4.30000000000001,2.97000000000003));
#6488=VECTOR('',#7818,1.0);
#6489=CARTESIAN_POINT('',(-3.85,4.3,-1.99840144432528E-15));
#6490=VECTOR('',#7819,1.0);
#6491=CARTESIAN_POINT('',(-3.85,1.75,0.15));
#6492=CARTESIAN_POINT('',(-3.85,2.3,0.3));
#6493=VECTOR('',#7820,1.0);
#6494=CARTESIAN_POINT('',(-3.85,0.2,0.15));
#6495=CARTESIAN_POINT('',(-3.85,1.75,0.15));
#6496=VECTOR('',#7821,1.0);
#6497=CARTESIAN_POINT('',(-3.85,0.199999999999996,2.69999999999999));
#6498=CARTESIAN_POINT('',(-3.85,0.199999999999996,-24.03));
#6499=VECTOR('',#7822,1.0);
#6500=CARTESIAN_POINT('',(-3.85,4.3,2.7));
#6501=VECTOR('',#7823,1.0);
#6502=CARTESIAN_POINT('',(-3.85,0.95,2.05));
#6503=CARTESIAN_POINT('',(-3.85,4.3,2.05));
#6504=VECTOR('',#7824,1.0);
#6505=CARTESIAN_POINT('',(-3.85,0.95,0.75));
#6506=CARTESIAN_POINT('',(-3.85,0.95,2.05));
#6507=VECTOR('',#7825,1.0);
#6508=CARTESIAN_POINT('',(-3.85,0.95,0.75));
#6509=VECTOR('',#7826,1.0);
#6510=CARTESIAN_POINT('',(-3.275,0.2,0.15));
#6511=CARTESIAN_POINT('',(1.8425,0.2,0.15));
#6512=VECTOR('',#7827,1.0);
#6513=CARTESIAN_POINT('',(-3.27500000000001,0.199999999999999,0.749999999999997));
#6514=CARTESIAN_POINT('',(-3.27500000000001,0.199999999999999,-24.03));
#6515=VECTOR('',#7828,1.0);
#6516=CARTESIAN_POINT('',(-3.275,0.199999999999999,0.749999999999997));
#6517=VECTOR('',#7829,1.0);
#6518=CARTESIAN_POINT('',(-3.375,0.199999999999999,2.05));
#6519=CARTESIAN_POINT('',(-3.375,0.199999999999998,-24.03));
#6520=VECTOR('',#7830,1.0);
#6521=CARTESIAN_POINT('',(-3.27500000000001,0.199999999999999,2.05));
#6522=CARTESIAN_POINT('',(-3.27500000000001,0.199999999999999,2.05));
#6523=VECTOR('',#7831,1.0);
#6524=CARTESIAN_POINT('',(-3.27500000000001,0.199999999999999,2.69999999999999));
#6525=CARTESIAN_POINT('',(-3.27500000000001,0.199999999999999,-24.03));
#6526=VECTOR('',#7832,1.0);
#6527=CARTESIAN_POINT('',(-3.27500000000001,0.199999999999999,2.69999999999999));
#6528=VECTOR('',#7833,1.0);
#6529=CARTESIAN_POINT('',(-3.375,0.95,2.05));
#6530=CARTESIAN_POINT('',(-3.375,0.95,2.05));
#6531=VECTOR('',#7834,1.0);
#6532=CARTESIAN_POINT('',(-3.375,3.5,2.05));
#6533=VECTOR('',#7835,1.0);
#6534=CARTESIAN_POINT('',(-3.15,3.87000000000001,-3.5527136788005E-15));
#6535=CARTESIAN_POINT('',(-3.15,4.30000000000001,-3.5527136788005E-15));
#6536=VECTOR('',#7836,1.0);
#6537=CARTESIAN_POINT('',(3.15,3.87000000000001,-3.5527136788005E-15));
#6538=CARTESIAN_POINT('',(3.15,3.87000000000001,-3.5527136788005E-15));
#6539=VECTOR('',#7837,1.0);
#6540=CARTESIAN_POINT('',(2.2,3.87000000000001,-3.5527136788005E-15));
#6541=CARTESIAN_POINT('',(2.2,3.87000000000001,-3.5527136788005E-15));
#6542=VECTOR('',#7838,1.0);
#6543=CARTESIAN_POINT('',(2.2,3.70000000000001,-3.5527136788005E-15));
#6544=CARTESIAN_POINT('',(2.2,3.70000000000001,-3.5527136788005E-15));
#6545=VECTOR('',#7839,1.0);
#6546=CARTESIAN_POINT('',(1.75,3.70000000000001,-3.5527136788005E-15));
#6547=CARTESIAN_POINT('',(1.75,3.70000000000001,-3.5527136788005E-15));
#6548=VECTOR('',#7840,1.0);
#6549=CARTESIAN_POINT('',(1.75,2.9,-3.5527136788005E-15));
#6550=CARTESIAN_POINT('',(1.75,2.9,-3.5527136788005E-15));
#6551=VECTOR('',#7841,1.0);
#6552=CARTESIAN_POINT('',(2.2,2.9,-3.5527136788005E-15));
#6553=CARTESIAN_POINT('',(2.2,2.9,-3.5527136788005E-15));
#6554=VECTOR('',#7842,1.0);
#6555=CARTESIAN_POINT('',(2.2,2.73000000000001,-3.5527136788005E-15));
#6556=CARTESIAN_POINT('',(2.2,2.73000000000001,-3.5527136788005E-15));
#6557=VECTOR('',#7843,1.0);
#6558=CARTESIAN_POINT('',(2.975,2.73000000000001,-3.5527136788005E-15));
#6559=CARTESIAN_POINT('',(3.85,2.73000000000001,-3.5527136788005E-15));
#6560=VECTOR('',#7844,1.0);
#6561=CARTESIAN_POINT('',(2.975,3.35,-3.46944695195361E-15));
#6562=VECTOR('',#7845,1.0);
#6563=CARTESIAN_POINT('',(-2.975,2.73000000000001,-3.5527136788005E-15));
#6564=CARTESIAN_POINT('',(-2.97500000000001,-1.33226762955019E-15,-3.46944695195361E-15));
#6565=VECTOR('',#7846,1.0);
#6566=CARTESIAN_POINT('',(-2.2,2.73000000000001,-3.5527136788005E-15));
#6567=CARTESIAN_POINT('',(-2.2,2.73000000000001,-3.5527136788005E-15));
#6568=VECTOR('',#7847,1.0);
#6569=CARTESIAN_POINT('',(-2.2,2.9,-3.5527136788005E-15));
#6570=CARTESIAN_POINT('',(-2.2,2.9,-3.5527136788005E-15));
#6571=VECTOR('',#7848,1.0);
#6572=CARTESIAN_POINT('',(-1.75,2.9,-3.5527136788005E-15));
#6573=CARTESIAN_POINT('',(-1.75,2.9,-3.5527136788005E-15));
#6574=VECTOR('',#7849,1.0);
#6575=CARTESIAN_POINT('',(-1.75,3.70000000000001,-3.5527136788005E-15));
#6576=CARTESIAN_POINT('',(-1.75,3.70000000000001,-3.5527136788005E-15));
#6577=VECTOR('',#7850,1.0);
#6578=CARTESIAN_POINT('',(-2.2,3.70000000000001,-3.5527136788005E-15));
#6579=CARTESIAN_POINT('',(-2.2,3.70000000000001,-3.5527136788005E-15));
#6580=VECTOR('',#7851,1.0);
#6581=CARTESIAN_POINT('',(-2.2,3.87000000000001,-3.5527136788005E-15));
#6582=CARTESIAN_POINT('',(-2.2,3.87000000000001,-3.5527136788005E-15));
#6583=VECTOR('',#7852,1.0);
#6584=CARTESIAN_POINT('',(-3.15,3.87000000000001,-3.5527136788005E-15));
#6585=VECTOR('',#7853,1.0);
#6586=CARTESIAN_POINT('',(3.275,0.2,0.15));
#6587=CARTESIAN_POINT('',(3.275,1.75,0.15));
#6588=CARTESIAN_POINT('',(3.275,1.75,0.15));
#6589=VECTOR('',#7854,1.0);
#6590=CARTESIAN_POINT('',(3.275,0.199999999999999,0.749999999999997));
#6591=CARTESIAN_POINT('',(3.275,0.199999999999999,-24.03));
#6592=VECTOR('',#7855,1.0);
#6593=CARTESIAN_POINT('',(3.275,3.35,0.749999999999997));
#6594=CARTESIAN_POINT('',(3.275,0.199999999999999,0.749999999999997));
#6595=VECTOR('',#7856,1.0);
#6596=CARTESIAN_POINT('',(3.275,3.35,-24.03));
#6597=VECTOR('',#7857,1.0);
#6598=CARTESIAN_POINT('',(3.275,2.3,0.3));
#6599=VECTOR('',#7858,1.0);
#6600=CARTESIAN_POINT('',(2.575,34.65,1.95));
#6601=VECTOR('',#7859,1.0);
#6602=CARTESIAN_POINT('',(2.575,1.35,1.45000000000001));
#6603=CARTESIAN_POINT('',(2.575,1.35,1.45000000000001));
#6604=VECTOR('',#7860,1.0);
#6605=CARTESIAN_POINT('',(2.575,1.35,0.750000000000014));
#6606=CARTESIAN_POINT('',(2.575,1.35,0.749999999999996));
#6607=VECTOR('',#7861,1.0);
#6608=CARTESIAN_POINT('',(2.575,3.5,0.749999999999996));
#6609=VECTOR('',#7862,1.0);
#6610=CARTESIAN_POINT('',(-2.97500000000001,3.35,0.749999999999997));
#6611=CARTESIAN_POINT('',(-2.975,3.35,-24.03));
#6612=VECTOR('',#7863,1.0);
#6613=CARTESIAN_POINT('',(-2.975,2.73000000000001,-24.03));
#6614=VECTOR('',#7864,1.0);
#6615=CARTESIAN_POINT('',(-2.97500000000001,-1.33226762955019E-15,0.749999999999997));
#6616=VECTOR('',#7865,1.0);
#6617=CARTESIAN_POINT('',(-3.275,3.35,2.05));
#6618=AXIS2_PLACEMENT_3D('',#7866,#7867,#7868);
#6619=CARTESIAN_POINT('',(-2.97500000000001,3.35,2.05));
#6620=AXIS2_PLACEMENT_3D('',#7869,#7870,#7871);
#6621=CARTESIAN_POINT('',(-2.975,3.35,2.69999999999999));
#6622=CARTESIAN_POINT('',(-2.975,3.35,-24.03));
#6623=VECTOR('',#7872,1.0);
#6624=CARTESIAN_POINT('',(-3.275,3.35,2.7));
#6625=AXIS2_PLACEMENT_3D('',#7873,#7874,#7875);
#6626=CARTESIAN_POINT('',(-3.27500000000001,3.35,-24.03));
#6627=VECTOR('',#7876,1.0);
#6628=CARTESIAN_POINT('',(-3.275,1.75,0.15));
#6629=CARTESIAN_POINT('',(-3.275,2.3,0.3));
#6630=VECTOR('',#7877,1.0);
#6631=CARTESIAN_POINT('',(-3.275,3.35,0.749999999999997));
#6632=CARTESIAN_POINT('',(-3.27500000000001,3.35,-24.03));
#6633=VECTOR('',#7878,1.0);
#6634=CARTESIAN_POINT('',(-3.275,3.35,0.749999999999997));
#6635=VECTOR('',#7879,1.0);
#6636=CARTESIAN_POINT('',(-3.275,1.75,0.15));
#6637=VECTOR('',#7880,1.0);
#6638=CARTESIAN_POINT('',(2.975,2.73000000000001,-24.03));
#6639=VECTOR('',#7881,1.0);
#6640=CARTESIAN_POINT('',(2.975,3.35,0.749999999999997));
#6641=CARTESIAN_POINT('',(2.975,3.35,-24.03));
#6642=VECTOR('',#7882,1.0);
#6643=CARTESIAN_POINT('',(2.975,3.35,0.749999999999997));
#6644=VECTOR('',#7883,1.0);
#6645=CARTESIAN_POINT('',(3.275,3.35,2.05));
#6646=AXIS2_PLACEMENT_3D('',#7884,#7885,#7886);
#6647=CARTESIAN_POINT('',(3.275,3.35,2.7));
#6648=CARTESIAN_POINT('',(3.275,3.35,-24.03));
#6649=VECTOR('',#7887,1.0);
#6650=AXIS2_PLACEMENT_3D('',#7888,#7889,#7890);
#6651=CARTESIAN_POINT('',(3.85,0.95,0.75));
#6652=CARTESIAN_POINT('',(3.85,0.95,0.75));
#6653=VECTOR('',#7891,1.0);
#6654=CARTESIAN_POINT('',(3.85,0.95,2.05));
#6655=CARTESIAN_POINT('',(3.85,0.95,2.05));
#6656=VECTOR('',#7892,1.0);
#6657=CARTESIAN_POINT('',(3.85,4.3,2.05));
#6658=VECTOR('',#7893,1.0);
#6659=CARTESIAN_POINT('',(3.85,0.199999999999996,2.69999999999999));
#6660=CARTESIAN_POINT('',(3.85,4.3,2.7));
#6661=VECTOR('',#7894,1.0);
#6662=CARTESIAN_POINT('',(3.85,0.2,0.15));
#6663=CARTESIAN_POINT('',(3.85,0.199999999999996,-24.03));
#6664=VECTOR('',#7895,1.0);
#6665=CARTESIAN_POINT('',(3.85,1.75,0.15));
#6666=CARTESIAN_POINT('',(3.85,1.75,0.15));
#6667=VECTOR('',#7896,1.0);
#6668=CARTESIAN_POINT('',(3.85,2.3,0.3));
#6669=VECTOR('',#7897,1.0);
#6670=CARTESIAN_POINT('',(1.9,0.799999999999986,2.69999999999999));
#6671=CARTESIAN_POINT('',(1.9,-1.3,2.7));
#6672=CARTESIAN_POINT('',(1.9,0.0,2.7));
#6673=VECTOR('',#7898,1.0);
#6674=CARTESIAN_POINT('',(2.975,0.79999999999998,2.69999999999999));
#6675=VECTOR('',#7899,1.0);
#6676=CARTESIAN_POINT('',(3.275,0.199999999999999,2.69999999999999));
#6677=CARTESIAN_POINT('',(3.275,0.199999999999999,2.69999999999999));
#6678=VECTOR('',#7900,1.0);
#6679=CARTESIAN_POINT('',(3.85,0.199999999999996,2.69999999999999));
#6680=VECTOR('',#7901,1.0);
#6681=CARTESIAN_POINT('',(-3.275,3.35,2.69999999999999));
#6682=VECTOR('',#7902,1.0);
#6683=CARTESIAN_POINT('',(-2.97499999999999,0.800000000000014,2.69999999999999));
#6684=CARTESIAN_POINT('',(-2.97500000000001,-1.33226762955019E-15,2.69999999999999));
#6685=VECTOR('',#7903,1.0);
#6686=CARTESIAN_POINT('',(-1.89999999999999,0.800000000000008,2.69999999999999));
#6687=CARTESIAN_POINT('',(-1.89999999999999,0.800000000000008,2.69999999999999));
#6688=VECTOR('',#7904,1.0);
#6689=CARTESIAN_POINT('',(-1.9,-1.3,2.7));
#6690=CARTESIAN_POINT('',(-1.9,0.0,2.7));
#6691=VECTOR('',#7905,1.0);
#6692=CARTESIAN_POINT('',(1.9,-1.3,2.7));
#6693=VECTOR('',#7906,1.0);
#6694=CARTESIAN_POINT('',(-1.9,-1.3,2.1));
#6695=CARTESIAN_POINT('',(-1.9,-1.3,2.7));
#6696=VECTOR('',#7907,1.0);
#6697=CARTESIAN_POINT('',(1.9,-1.3,2.1));
#6698=CARTESIAN_POINT('',(1.9,-1.3,2.1));
#6699=VECTOR('',#7908,1.0);
#6700=CARTESIAN_POINT('',(1.9,-1.3,2.7));
#6701=VECTOR('',#7909,1.0);
#6702=CARTESIAN_POINT('',(-1.9,-0.4,1.8));
#6703=CARTESIAN_POINT('',(-1.9,-1.3,2.1));
#6704=VECTOR('',#7910,1.0);
#6705=CARTESIAN_POINT('',(1.9,-0.4,1.8));
#6706=CARTESIAN_POINT('',(1.9,-0.4,1.8));
#6707=VECTOR('',#7911,1.0);
#6708=CARTESIAN_POINT('',(1.9,-1.3,2.1));
#6709=VECTOR('',#7912,1.0);
#6710=CARTESIAN_POINT('',(0.16,0.179674259045117,1.8));
#6711=CARTESIAN_POINT('',(-0.16,0.179674259045117,1.8));
#6712=CARTESIAN_POINT('',(1.9,0.179674259045117,1.8));
#6713=VECTOR('',#7913,1.0);
#6714=CARTESIAN_POINT('',(0.16,1.02749181343463,1.8));
#6715=CARTESIAN_POINT('',(0.16,-0.4,1.8));
#6716=VECTOR('',#7914,1.0);
#6717=CARTESIAN_POINT('',(-0.16,1.02749181343465,1.8));
#6718=CARTESIAN_POINT('',(1.9,1.02749181343463,1.8));
#6719=VECTOR('',#7915,1.0);
#6720=CARTESIAN_POINT('',(-0.16,-0.4,1.8));
#6721=VECTOR('',#7916,1.0);
#6722=CARTESIAN_POINT('',(-0.84,0.179674259045117,1.8));
#6723=CARTESIAN_POINT('',(-1.16,0.179674259045117,1.8));
#6724=CARTESIAN_POINT('',(1.9,0.179674259045117,1.8));
#6725=VECTOR('',#7917,1.0);
#6726=CARTESIAN_POINT('',(-0.84,1.02749181343463,1.8));
#6727=CARTESIAN_POINT('',(-0.84,-0.4,1.8));
#6728=VECTOR('',#7918,1.0);
#6729=CARTESIAN_POINT('',(-1.16,1.02749181343465,1.8));
#6730=CARTESIAN_POINT('',(1.9,1.02749181343463,1.8));
#6731=VECTOR('',#7919,1.0);
#6732=CARTESIAN_POINT('',(-1.16,-0.4,1.8));
#6733=VECTOR('',#7920,1.0);
#6734=CARTESIAN_POINT('',(1.16,0.179674259045117,1.8));
#6735=CARTESIAN_POINT('',(0.84,0.179674259045117,1.8));
#6736=CARTESIAN_POINT('',(1.9,0.179674259045117,1.8));
#6737=VECTOR('',#7921,1.0);
#6738=CARTESIAN_POINT('',(1.16,1.02749181343463,1.8));
#6739=CARTESIAN_POINT('',(1.16,-0.4,1.8));
#6740=VECTOR('',#7922,1.0);
#6741=CARTESIAN_POINT('',(0.84,1.02749181343465,1.8));
#6742=CARTESIAN_POINT('',(1.9,1.02749181343463,1.8));
#6743=VECTOR('',#7923,1.0);
#6744=CARTESIAN_POINT('',(0.84,-0.4,1.8));
#6745=VECTOR('',#7924,1.0);
#6746=CARTESIAN_POINT('',(-1.9,-0.4,1.8));
#6747=VECTOR('',#7925,1.0);
#6748=CARTESIAN_POINT('',(-2.025,2.5,1.8));
#6749=CARTESIAN_POINT('',(-2.025,2.5,1.8));
#6750=VECTOR('',#7926,1.0);
#6751=CARTESIAN_POINT('',(2.025,2.5,1.8));
#6752=CARTESIAN_POINT('',(2.025,2.5,1.8));
#6753=VECTOR('',#7927,1.0);
#6754=CARTESIAN_POINT('',(2.025,2.5,1.8));
#6755=VECTOR('',#7928,1.0);
#6756=CARTESIAN_POINT('',(1.9,-0.4,1.8));
#6757=VECTOR('',#7929,1.0);
#6758=CARTESIAN_POINT('',(1.9,0.799999999999986,2.44999999999999));
#6759=CARTESIAN_POINT('',(1.9,0.799999999999986,2.44999999999999));
#6760=VECTOR('',#7930,1.0);
#6761=CARTESIAN_POINT('',(1.9,0.799999999999986,2.44999999999999));
#6762=VECTOR('',#7931,1.0);
#6763=CARTESIAN_POINT('',(-1.89999999999999,0.800000000000008,2.44999999999999));
#6764=CARTESIAN_POINT('',(-1.89999999999999,0.800000000000008,2.44999999999999));
#6765=VECTOR('',#7932,1.0);
#6766=CARTESIAN_POINT('',(-1.89999999999999,1.0325074129014E-14,2.44999999999999));
#6767=VECTOR('',#7933,1.0);
#6768=CARTESIAN_POINT('',(2.025,2.05,0.749999999999997));
#6769=VECTOR('',#7934,1.0);
#6770=CARTESIAN_POINT('',(-2.025,2.05,0.749999999999997));
#6771=CARTESIAN_POINT('',(2.025,2.05,0.749999999999997));
#6772=VECTOR('',#7935,1.0);
#6773=CARTESIAN_POINT('',(-2.025,1.35,0.750000000000053));
#6774=CARTESIAN_POINT('',(-2.025,0.0,0.749999999999996));
#6775=VECTOR('',#7936,1.0);
#6776=CARTESIAN_POINT('',(-2.575,1.35,0.750000000000085));
#6777=VECTOR('',#7937,1.0);
#6778=AXIS2_PLACEMENT_3D('',#7938,#7939,#7940);
#6779=AXIS2_PLACEMENT_3D('',#7941,#7942,#7943);
#6780=CARTESIAN_POINT('',(2.025,1.35,0.749999999999996));
#6781=CARTESIAN_POINT('',(2.025,1.35,0.749999999999996));
#6782=VECTOR('',#7944,1.0);
#6783=CARTESIAN_POINT('',(2.025,2.05,0.749999999999997));
#6784=CARTESIAN_POINT('',(2.025,0.0,0.749999999999996));
#6785=VECTOR('',#7945,1.0);
#6786=CARTESIAN_POINT('',(2.025,2.05,0.749999999999997));
#6787=VECTOR('',#7946,1.0);
#6788=CARTESIAN_POINT('',(2.025,2.05,0.749999999999997));
#6789=VECTOR('',#7947,1.0);
#6790=CARTESIAN_POINT('',(2.025,2.5,1.2));
#6791=CARTESIAN_POINT('',(2.025,2.05,0.749999999999997));
#6792=VECTOR('',#7948,1.0);
#6793=CARTESIAN_POINT('',(-2.025,2.5,1.2));
#6794=CARTESIAN_POINT('',(2.025,2.5,1.2));
#6795=VECTOR('',#7949,1.0);
#6796=CARTESIAN_POINT('',(-2.025,2.05,0.749999999999997));
#6797=VECTOR('',#7950,1.0);
#6798=CARTESIAN_POINT('',(-2.025,2.5,1.2));
#6799=VECTOR('',#7951,1.0);
#6800=CARTESIAN_POINT('',(2.025,2.5,1.2));
#6801=VECTOR('',#7952,1.0);
#6802=CARTESIAN_POINT('',(2.025,1.35,1.45000000000002));
#6803=CARTESIAN_POINT('',(2.025,1.35,1.45000000000002));
#6804=VECTOR('',#7953,1.0);
#6805=CARTESIAN_POINT('',(2.025,1.35,1.45000000000002));
#6806=VECTOR('',#7954,1.0);
#6807=CARTESIAN_POINT('',(-2.025,1.35,1.45000000000008));
#6808=CARTESIAN_POINT('',(-2.025,1.35,0.749999999999996));
#6809=VECTOR('',#7955,1.0);
#6810=CARTESIAN_POINT('',(-2.025,1.35,1.45000000000008));
#6811=VECTOR('',#7956,1.0);
#6812=CARTESIAN_POINT('',(-2.97499999999999,0.800000000000014,2.44999999999999));
#6813=CARTESIAN_POINT('',(-2.97499999999999,0.800000000000014,2.44999999999999));
#6814=VECTOR('',#7957,1.0);
#6815=CARTESIAN_POINT('',(-2.97499999999999,0.800000000000014,2.44999999999999));
#6816=VECTOR('',#7958,1.0);
#6817=CARTESIAN_POINT('',(-2.97499999999995,34.65,2.05000000000007));
#6818=VECTOR('',#7959,1.0);
#6819=CARTESIAN_POINT('',(-2.97499999999995,34.65,1.95000000000007));
#6820=VECTOR('',#7960,1.0);
#6821=AXIS2_PLACEMENT_3D('',#7961,#7962,#7963);
#6822=CARTESIAN_POINT('',(-3.275,3.35,2.05));
#6823=VECTOR('',#7964,1.0);
#6824=CARTESIAN_POINT('',(-1.8425,0.2,0.15));
#6825=VECTOR('',#7965,1.0);
#6826=CARTESIAN_POINT('',(3.275,0.199999999999999,2.05));
#6827=CARTESIAN_POINT('',(3.275,0.199999999999999,-24.03));
#6828=VECTOR('',#7966,1.0);
#6829=CARTESIAN_POINT('',(3.85,0.199999999999996,2.05));
#6830=VECTOR('',#7967,1.0);
#6831=CARTESIAN_POINT('',(3.85,0.199999999999996,0.749999999999997));
#6832=VECTOR('',#7968,1.0);
#6833=CARTESIAN_POINT('',(3.275,0.199999999999999,2.05));
#6834=VECTOR('',#7969,1.0);
#6835=AXIS2_PLACEMENT_3D('',#7970,#7971,#7972);
#6836=CARTESIAN_POINT('',(-1.8425,0.95,0.75));
#6837=VECTOR('',#7973,1.0);
#6838=CARTESIAN_POINT('',(3.275,0.950000000000001,0.75));
#6839=VECTOR('',#7974,1.0);
#6840=CARTESIAN_POINT('',(3.275,4.3,2.05));
#6841=VECTOR('',#7975,1.0);
#6842=CARTESIAN_POINT('',(-1.8425,0.95,2.05));
#6843=VECTOR('',#7976,1.0);
#6844=CARTESIAN_POINT('',(-3.275,0.950000000000001,0.75));
#6845=VECTOR('',#7977,1.0);
#6846=CARTESIAN_POINT('',(1.8425,0.95,0.75));
#6847=VECTOR('',#7978,1.0);
#6848=CARTESIAN_POINT('',(1.8425,0.95,2.05));
#6849=VECTOR('',#7979,1.0);
#6850=CARTESIAN_POINT('',(-3.275,4.3,2.05));
#6851=VECTOR('',#7980,1.0);
#6852=CARTESIAN_POINT('',(-2.025,1.35,1.45000000000008));
#6853=VECTOR('',#7981,1.0);
#6854=CARTESIAN_POINT('',(2.575,1.35,1.45000000000001));
#6855=VECTOR('',#7982,1.0);
#6856=CARTESIAN_POINT('',(-1.8425,1.75,0.15));
#6857=VECTOR('',#7983,1.0);
#6858=CARTESIAN_POINT('',(1.8425,1.75,0.15));
#6859=VECTOR('',#7984,1.0);
#6860=CARTESIAN_POINT('',(2.2,2.73000000000001,2.97000000000003));
#6861=VECTOR('',#7985,1.0);
#6862=CARTESIAN_POINT('',(2.2,3.87000000000001,2.97000000000003));
#6863=VECTOR('',#7986,1.0);
#6864=CARTESIAN_POINT('',(3.15,3.87000000000001,2.97000000000003));
#6865=VECTOR('',#7987,1.0);
#6866=CARTESIAN_POINT('',(2.2,2.9,2.97000000000003));
#6867=VECTOR('',#7988,1.0);
#6868=CARTESIAN_POINT('',(1.75,2.9,2.97000000000003));
#6869=VECTOR('',#7989,1.0);
#6870=CARTESIAN_POINT('',(2.2,3.70000000000001,2.97000000000003));
#6871=VECTOR('',#7990,1.0);
#6872=CARTESIAN_POINT('',(1.75,3.70000000000001,2.97000000000003));
#6873=VECTOR('',#7991,1.0);
#6874=CARTESIAN_POINT('',(-2.2,2.73000000000001,2.97000000000003));
#6875=VECTOR('',#7992,1.0);
#6876=CARTESIAN_POINT('',(-3.15,3.87000000000001,2.97000000000003));
#6877=VECTOR('',#7993,1.0);
#6878=CARTESIAN_POINT('',(-2.2,3.87000000000001,2.97000000000003));
#6879=VECTOR('',#7994,1.0);
#6880=CARTESIAN_POINT('',(-2.2,3.70000000000001,2.97000000000003));
#6881=VECTOR('',#7995,1.0);
#6882=CARTESIAN_POINT('',(-1.75,3.70000000000001,2.97000000000003));
#6883=VECTOR('',#7996,1.0);
#6884=CARTESIAN_POINT('',(-1.75,2.9,2.97000000000003));
#6885=VECTOR('',#7997,1.0);
#6886=CARTESIAN_POINT('',(-2.2,2.9,2.97000000000003));
#6887=VECTOR('',#7998,1.0);
#6888=CARTESIAN_POINT('',(2.975,0.79999999999998,2.44999999999999));
#6889=VECTOR('',#7999,1.0);
#6890=CARTESIAN_POINT('',(-1.89999999999999,0.800000000000008,2.44999999999999));
#6891=VECTOR('',#8000,1.0);
#6892=CARTESIAN_POINT('',(1.16,0.384920862654404,1.62407433976347));
#6893=AXIS2_PLACEMENT_3D('',#8001,#8002,#8003);
#6894=CARTESIAN_POINT('',(0.84,0.384920862654404,1.62407433976347));
#6895=CARTESIAN_POINT('',(1.16,0.384920862654404,1.62407433976347));
#6896=VECTOR('',#8004,1.0);
#6897=AXIS2_PLACEMENT_3D('',#8005,#8006,#8007);
#6898=CARTESIAN_POINT('',(0.84,0.550000000000001,1.76999999999999));
#6899=CARTESIAN_POINT('',(0.84,0.550000000000001,1.7));
#6900=VECTOR('',#8008,1.0);
#6901=CARTESIAN_POINT('',(1.16,0.550000000000001,1.76999999999999));
#6902=CARTESIAN_POINT('',(1.16,0.550000000000001,1.76999999999999));
#6903=VECTOR('',#8009,1.0);
#6904=CARTESIAN_POINT('',(1.16,0.550000000000001,1.7));
#6905=VECTOR('',#8010,1.0);
#6906=CARTESIAN_POINT('',(1.16,0.0349208626544031,1.92407433976346));
#6907=VECTOR('',#8011,1.0);
#6908=CARTESIAN_POINT('',(1.16,0.550000000000001,1.76999999999999));
#6909=VECTOR('',#8012,1.0);
#6910=CARTESIAN_POINT('',(0.84,0.0349208626544031,1.92407433976346));
#6911=VECTOR('',#8013,1.0);
#6912=CARTESIAN_POINT('',(0.84,0.550000000000001,1.76999999999999));
#6913=VECTOR('',#8014,1.0);
#6914=CARTESIAN_POINT('',(1.16,4.4,0.349999999999997));
#6915=AXIS2_PLACEMENT_3D('',#8015,#8016,#8017);
#6916=CARTESIAN_POINT('',(0.84,4.4,0.349999999999997));
#6917=AXIS2_PLACEMENT_3D('',#8018,#8019,#8020);
#6918=CARTESIAN_POINT('',(1.16,4.4,0.349999999999997));
#6919=VECTOR('',#8021,1.0);
#6920=CARTESIAN_POINT('',(0.84,4.7,0.929999999999996));
#6921=CARTESIAN_POINT('',(0.84,4.7,0.929999999999996));
#6922=VECTOR('',#8022,1.0);
#6923=CARTESIAN_POINT('',(1.16,4.7,0.929999999999996));
#6924=CARTESIAN_POINT('',(1.16,4.7,0.929999999999996));
#6925=VECTOR('',#8023,1.0);
#6926=CARTESIAN_POINT('',(1.16,4.7,0.929999999999996));
#6927=VECTOR('',#8024,1.0);
#6928=CARTESIAN_POINT('',(1.16,4.4,0.149999999999996));
#6929=CARTESIAN_POINT('',(1.16,4.4,0.349999999999996));
#6930=VECTOR('',#8025,1.0);
#6931=CARTESIAN_POINT('',(1.16,4.55,-4.41812385287843E-15));
#6932=CARTESIAN_POINT('',(1.16,4.4,0.149999999999996));
#6933=VECTOR('',#8026,1.0);
#6934=CARTESIAN_POINT('',(1.16,6.3,-3.71924713249427E-15));
#6935=CARTESIAN_POINT('',(1.16,4.55,-4.38538094726937E-15));
#6936=VECTOR('',#8027,1.0);
#6937=CARTESIAN_POINT('',(1.16,6.3,0.299999999999996));
#6938=CARTESIAN_POINT('',(1.16,6.3,-3.71924713249427E-15));
#6939=VECTOR('',#8028,1.0);
#6940=CARTESIAN_POINT('',(1.16,4.9,0.299999999999995));
#6941=CARTESIAN_POINT('',(1.16,6.3,0.299999999999996));
#6942=VECTOR('',#8029,1.0);
#6943=CARTESIAN_POINT('',(1.16,4.9,0.729999999999995));
#6944=CARTESIAN_POINT('',(1.16,4.9,0.299999999999995));
#6945=VECTOR('',#8030,1.0);
#6946=CARTESIAN_POINT('',(1.16,4.9,0.729999999999995));
#6947=VECTOR('',#8031,1.0);
#6948=CARTESIAN_POINT('',(0.84,4.9,0.729999999999995));
#6949=CARTESIAN_POINT('',(0.84,4.9,0.729999999999995));
#6950=VECTOR('',#8032,1.0);
#6951=CARTESIAN_POINT('',(0.84,4.9,0.299999999999995));
#6952=CARTESIAN_POINT('',(0.84,4.9,0.299999999999995));
#6953=VECTOR('',#8033,1.0);
#6954=CARTESIAN_POINT('',(0.84,6.3,0.299999999999996));
#6955=CARTESIAN_POINT('',(0.84,6.3,0.299999999999996));
#6956=VECTOR('',#8034,1.0);
#6957=CARTESIAN_POINT('',(0.84,6.3,-3.71924713249427E-15));
#6958=CARTESIAN_POINT('',(0.84,6.3,-3.71924713249427E-15));
#6959=VECTOR('',#8035,1.0);
#6960=CARTESIAN_POINT('',(0.84,4.55,-4.41812385287843E-15));
#6961=CARTESIAN_POINT('',(0.84,4.55,-4.38538094726937E-15));
#6962=VECTOR('',#8036,1.0);
#6963=CARTESIAN_POINT('',(0.84,4.4,0.149999999999996));
#6964=CARTESIAN_POINT('',(0.84,4.4,0.149999999999996));
#6965=VECTOR('',#8037,1.0);
#6966=CARTESIAN_POINT('',(0.84,4.4,0.349999999999996));
#6967=VECTOR('',#8038,1.0);
#6968=CARTESIAN_POINT('',(1.16,4.4,0.149999999999996));
#6969=VECTOR('',#8039,1.0);
#6970=CARTESIAN_POINT('',(1.16,4.55,-4.41812385287843E-15));
#6971=VECTOR('',#8040,1.0);
#6972=CARTESIAN_POINT('',(1.16,6.3,-3.71924713249427E-15));
#6973=VECTOR('',#8041,1.0);
#6974=CARTESIAN_POINT('',(1.16,6.3,0.299999999999996));
#6975=VECTOR('',#8042,1.0);
#6976=CARTESIAN_POINT('',(1.16,4.9,0.299999999999995));
#6977=VECTOR('',#8043,1.0);
#6978=CARTESIAN_POINT('',(1.16,4.9,0.729999999999995));
#6979=VECTOR('',#8044,1.0);
#6980=CARTESIAN_POINT('',(-0.84,0.384920862654404,1.62407433976347));
#6981=AXIS2_PLACEMENT_3D('',#8045,#8046,#8047);
#6982=CARTESIAN_POINT('',(-1.16,0.384920862654404,1.62407433976347));
#6983=CARTESIAN_POINT('',(-0.84,0.384920862654404,1.62407433976347));
#6984=VECTOR('',#8048,1.0);
#6985=AXIS2_PLACEMENT_3D('',#8049,#8050,#8051);
#6986=CARTESIAN_POINT('',(-1.16,0.550000000000001,1.76999999999999));
#6987=CARTESIAN_POINT('',(-1.16,0.550000000000001,1.7));
#6988=VECTOR('',#8052,1.0);
#6989=CARTESIAN_POINT('',(-0.84,0.550000000000001,1.76999999999999));
#6990=CARTESIAN_POINT('',(-0.84,0.550000000000001,1.76999999999999));
#6991=VECTOR('',#8053,1.0);
#6992=CARTESIAN_POINT('',(-0.84,0.550000000000001,1.7));
#6993=VECTOR('',#8054,1.0);
#6994=CARTESIAN_POINT('',(-0.84,0.0349208626544031,1.92407433976346));
#6995=VECTOR('',#8055,1.0);
#6996=CARTESIAN_POINT('',(-0.84,0.550000000000001,1.76999999999999));
#6997=VECTOR('',#8056,1.0);
#6998=CARTESIAN_POINT('',(-1.16,0.0349208626544031,1.92407433976346));
#6999=VECTOR('',#8057,1.0);
#7000=CARTESIAN_POINT('',(-1.16,0.550000000000001,1.76999999999999));
#7001=VECTOR('',#8058,1.0);
#7002=CARTESIAN_POINT('',(0.16,0.384920862654404,1.62407433976347));
#7003=AXIS2_PLACEMENT_3D('',#8059,#8060,#8061);
#7004=CARTESIAN_POINT('',(-0.16,0.384920862654404,1.62407433976347));
#7005=CARTESIAN_POINT('',(0.16,0.384920862654404,1.62407433976347));
#7006=VECTOR('',#8062,1.0);
#7007=AXIS2_PLACEMENT_3D('',#8063,#8064,#8065);
#7008=CARTESIAN_POINT('',(-0.16,0.550000000000001,1.76999999999999));
#7009=CARTESIAN_POINT('',(-0.16,0.550000000000001,1.7));
#7010=VECTOR('',#8066,1.0);
#7011=CARTESIAN_POINT('',(0.16,0.550000000000001,1.76999999999999));
#7012=CARTESIAN_POINT('',(0.16,0.550000000000001,1.76999999999999));
#7013=VECTOR('',#8067,1.0);
#7014=CARTESIAN_POINT('',(0.16,0.550000000000001,1.7));
#7015=VECTOR('',#8068,1.0);
#7016=CARTESIAN_POINT('',(0.16,0.0349208626544031,1.92407433976346));
#7017=VECTOR('',#8069,1.0);
#7018=CARTESIAN_POINT('',(0.16,0.550000000000001,1.76999999999999));
#7019=VECTOR('',#8070,1.0);
#7020=CARTESIAN_POINT('',(-0.16,0.0349208626544031,1.92407433976346));
#7021=VECTOR('',#8071,1.0);
#7022=CARTESIAN_POINT('',(-0.16,0.550000000000001,1.76999999999999));
#7023=VECTOR('',#8072,1.0);
#7024=CARTESIAN_POINT('',(-0.84,4.4,0.349999999999997));
#7025=AXIS2_PLACEMENT_3D('',#8073,#8074,#8075);
#7026=CARTESIAN_POINT('',(-1.16,4.4,0.349999999999997));
#7027=AXIS2_PLACEMENT_3D('',#8076,#8077,#8078);
#7028=CARTESIAN_POINT('',(-0.84,4.4,0.349999999999997));
#7029=VECTOR('',#8079,1.0);
#7030=CARTESIAN_POINT('',(-1.16,4.7,0.929999999999996));
#7031=CARTESIAN_POINT('',(-1.16,4.7,0.929999999999996));
#7032=VECTOR('',#8080,1.0);
#7033=CARTESIAN_POINT('',(-0.84,4.7,0.929999999999996));
#7034=CARTESIAN_POINT('',(-0.84,4.7,0.929999999999996));
#7035=VECTOR('',#8081,1.0);
#7036=CARTESIAN_POINT('',(-0.84,4.7,0.929999999999996));
#7037=VECTOR('',#8082,1.0);
#7038=CARTESIAN_POINT('',(-0.84,4.4,0.149999999999996));
#7039=CARTESIAN_POINT('',(-0.84,4.4,0.349999999999996));
#7040=VECTOR('',#8083,1.0);
#7041=CARTESIAN_POINT('',(-0.84,4.55,-4.41812385287843E-15));
#7042=CARTESIAN_POINT('',(-0.84,4.4,0.149999999999996));
#7043=VECTOR('',#8084,1.0);
#7044=CARTESIAN_POINT('',(-0.84,6.3,-3.71924713249427E-15));
#7045=CARTESIAN_POINT('',(-0.84,4.55,-4.38538094726937E-15));
#7046=VECTOR('',#8085,1.0);
#7047=CARTESIAN_POINT('',(-0.84,6.3,0.299999999999996));
#7048=CARTESIAN_POINT('',(-0.84,6.3,-3.71924713249427E-15));
#7049=VECTOR('',#8086,1.0);
#7050=CARTESIAN_POINT('',(-0.84,4.9,0.299999999999995));
#7051=CARTESIAN_POINT('',(-0.84,6.3,0.299999999999996));
#7052=VECTOR('',#8087,1.0);
#7053=CARTESIAN_POINT('',(-0.84,4.9,0.729999999999995));
#7054=CARTESIAN_POINT('',(-0.84,4.9,0.299999999999995));
#7055=VECTOR('',#8088,1.0);
#7056=CARTESIAN_POINT('',(-0.84,4.9,0.729999999999995));
#7057=VECTOR('',#8089,1.0);
#7058=CARTESIAN_POINT('',(-1.16,4.9,0.729999999999995));
#7059=CARTESIAN_POINT('',(-1.16,4.9,0.729999999999995));
#7060=VECTOR('',#8090,1.0);
#7061=CARTESIAN_POINT('',(-1.16,4.9,0.299999999999995));
#7062=CARTESIAN_POINT('',(-1.16,4.9,0.299999999999995));
#7063=VECTOR('',#8091,1.0);
#7064=CARTESIAN_POINT('',(-1.16,6.3,0.299999999999996));
#7065=CARTESIAN_POINT('',(-1.16,6.3,0.299999999999996));
#7066=VECTOR('',#8092,1.0);
#7067=CARTESIAN_POINT('',(-1.16,6.3,-3.71924713249427E-15));
#7068=CARTESIAN_POINT('',(-1.16,6.3,-3.71924713249427E-15));
#7069=VECTOR('',#8093,1.0);
#7070=CARTESIAN_POINT('',(-1.16,4.55,-4.41812385287843E-15));
#7071=CARTESIAN_POINT('',(-1.16,4.55,-4.38538094726937E-15));
#7072=VECTOR('',#8094,1.0);
#7073=CARTESIAN_POINT('',(-1.16,4.4,0.149999999999996));
#7074=CARTESIAN_POINT('',(-1.16,4.4,0.149999999999996));
#7075=VECTOR('',#8095,1.0);
#7076=CARTESIAN_POINT('',(-1.16,4.4,0.349999999999996));
#7077=VECTOR('',#8096,1.0);
#7078=CARTESIAN_POINT('',(-0.84,4.4,0.149999999999996));
#7079=VECTOR('',#8097,1.0);
#7080=CARTESIAN_POINT('',(-0.84,4.55,-4.41812385287843E-15));
#7081=VECTOR('',#8098,1.0);
#7082=CARTESIAN_POINT('',(-0.84,6.3,-3.71924713249427E-15));
#7083=VECTOR('',#8099,1.0);
#7084=CARTESIAN_POINT('',(-0.84,6.3,0.299999999999996));
#7085=VECTOR('',#8100,1.0);
#7086=CARTESIAN_POINT('',(-0.84,4.9,0.299999999999995));
#7087=VECTOR('',#8101,1.0);
#7088=CARTESIAN_POINT('',(-0.84,4.9,0.729999999999995));
#7089=VECTOR('',#8102,1.0);
#7090=CARTESIAN_POINT('',(0.16,4.4,0.349999999999997));
#7091=AXIS2_PLACEMENT_3D('',#8103,#8104,#8105);
#7092=CARTESIAN_POINT('',(-0.16,4.4,0.349999999999997));
#7093=AXIS2_PLACEMENT_3D('',#8106,#8107,#8108);
#7094=CARTESIAN_POINT('',(0.16,4.4,0.349999999999997));
#7095=VECTOR('',#8109,1.0);
#7096=CARTESIAN_POINT('',(-0.16,4.7,0.929999999999996));
#7097=CARTESIAN_POINT('',(-0.16,4.7,0.929999999999996));
#7098=VECTOR('',#8110,1.0);
#7099=CARTESIAN_POINT('',(0.16,4.7,0.929999999999996));
#7100=CARTESIAN_POINT('',(0.16,4.7,0.929999999999996));
#7101=VECTOR('',#8111,1.0);
#7102=CARTESIAN_POINT('',(0.16,4.7,0.929999999999996));
#7103=VECTOR('',#8112,1.0);
#7104=CARTESIAN_POINT('',(0.16,4.4,0.149999999999996));
#7105=CARTESIAN_POINT('',(0.16,4.4,0.349999999999996));
#7106=VECTOR('',#8113,1.0);
#7107=CARTESIAN_POINT('',(0.16,4.55,-4.41812385287843E-15));
#7108=CARTESIAN_POINT('',(0.16,4.4,0.149999999999996));
#7109=VECTOR('',#8114,1.0);
#7110=CARTESIAN_POINT('',(0.16,6.3,-3.71924713249427E-15));
#7111=CARTESIAN_POINT('',(0.16,4.55,-4.38538094726937E-15));
#7112=VECTOR('',#8115,1.0);
#7113=CARTESIAN_POINT('',(0.16,6.3,0.299999999999996));
#7114=CARTESIAN_POINT('',(0.16,6.3,-3.71924713249427E-15));
#7115=VECTOR('',#8116,1.0);
#7116=CARTESIAN_POINT('',(0.16,4.9,0.299999999999995));
#7117=CARTESIAN_POINT('',(0.16,6.3,0.299999999999996));
#7118=VECTOR('',#8117,1.0);
#7119=CARTESIAN_POINT('',(0.16,4.9,0.729999999999995));
#7120=CARTESIAN_POINT('',(0.16,4.9,0.299999999999995));
#7121=VECTOR('',#8118,1.0);
#7122=CARTESIAN_POINT('',(0.16,4.9,0.729999999999995));
#7123=VECTOR('',#8119,1.0);
#7124=CARTESIAN_POINT('',(-0.16,4.9,0.729999999999995));
#7125=CARTESIAN_POINT('',(-0.16,4.9,0.729999999999995));
#7126=VECTOR('',#8120,1.0);
#7127=CARTESIAN_POINT('',(-0.16,4.9,0.299999999999995));
#7128=CARTESIAN_POINT('',(-0.16,4.9,0.299999999999995));
#7129=VECTOR('',#8121,1.0);
#7130=CARTESIAN_POINT('',(-0.16,6.3,0.299999999999996));
#7131=CARTESIAN_POINT('',(-0.16,6.3,0.299999999999996));
#7132=VECTOR('',#8122,1.0);
#7133=CARTESIAN_POINT('',(-0.16,6.3,-3.71924713249427E-15));
#7134=CARTESIAN_POINT('',(-0.16,6.3,-3.71924713249427E-15));
#7135=VECTOR('',#8123,1.0);
#7136=CARTESIAN_POINT('',(-0.16,4.55,-4.41812385287843E-15));
#7137=CARTESIAN_POINT('',(-0.16,4.55,-4.38538094726937E-15));
#7138=VECTOR('',#8124,1.0);
#7139=CARTESIAN_POINT('',(-0.16,4.4,0.149999999999996));
#7140=CARTESIAN_POINT('',(-0.16,4.4,0.149999999999996));
#7141=VECTOR('',#8125,1.0);
#7142=CARTESIAN_POINT('',(-0.16,4.4,0.349999999999996));
#7143=VECTOR('',#8126,1.0);
#7144=CARTESIAN_POINT('',(0.16,4.4,0.149999999999996));
#7145=VECTOR('',#8127,1.0);
#7146=CARTESIAN_POINT('',(0.16,4.55,-4.41812385287843E-15));
#7147=VECTOR('',#8128,1.0);
#7148=CARTESIAN_POINT('',(0.16,6.3,-3.71924713249427E-15));
#7149=VECTOR('',#8129,1.0);
#7150=CARTESIAN_POINT('',(0.16,6.3,0.299999999999996));
#7151=VECTOR('',#8130,1.0);
#7152=CARTESIAN_POINT('',(0.16,4.9,0.299999999999995));
#7153=VECTOR('',#8131,1.0);
#7154=CARTESIAN_POINT('',(0.16,4.9,0.729999999999995));
#7155=VECTOR('',#8132,1.0);
#7156=CARTESIAN_POINT('',(-4.25,2.3,0.249999999999996));
#7157=CARTESIAN_POINT('',(-3.85,2.3,0.249999999999996));
#7158=CARTESIAN_POINT('',(-4.25,2.3,0.249999999999997));
#7159=VECTOR('',#8133,1.0);
#7160=CARTESIAN_POINT('',(-3.35,2.8,0.249999999999997));
#7161=CARTESIAN_POINT('',(-4.05,2.1,0.249999999999997));
#7162=VECTOR('',#8134,1.0);
#7163=CARTESIAN_POINT('',(-2.51,2.8,0.249999999999997));
#7164=CARTESIAN_POINT('',(-4.25,2.8,0.249999999999997));
#7165=VECTOR('',#8135,1.0);
#7166=CARTESIAN_POINT('',(-2.4,2.91,0.249999999999996));
#7167=CARTESIAN_POINT('',(-3.63,1.68,0.249999999999997));
#7168=VECTOR('',#8136,1.0);
#7169=CARTESIAN_POINT('',(-2.18,2.91,0.249999999999996));
#7170=CARTESIAN_POINT('',(-4.25,2.91,0.249999999999997));
#7171=VECTOR('',#8137,1.0);
#7172=CARTESIAN_POINT('',(-2.18,3.69,0.249999999999996));
#7173=CARTESIAN_POINT('',(-2.18,2.3,0.249999999999996));
#7174=VECTOR('',#8138,1.0);
#7175=CARTESIAN_POINT('',(-2.4,3.69,0.249999999999996));
#7176=CARTESIAN_POINT('',(-4.25,3.69,0.249999999999997));
#7177=VECTOR('',#8139,1.0);
#7178=CARTESIAN_POINT('',(-2.51,3.8,0.249999999999997));
#7179=CARTESIAN_POINT('',(-2.62999999999999,3.91999999999999,0.249999999999996));
#7180=VECTOR('',#8140,1.0);
#7181=CARTESIAN_POINT('',(-3.35,3.8,0.249999999999997));
#7182=CARTESIAN_POINT('',(-4.25,3.8,0.249999999999997));
#7183=VECTOR('',#8141,1.0);
#7184=CARTESIAN_POINT('',(-3.85,4.3,0.249999999999996));
#7185=CARTESIAN_POINT('',(-3.05,3.49999999999999,0.249999999999997));
#7186=VECTOR('',#8142,1.0);
#7187=CARTESIAN_POINT('',(-4.25,4.3,0.249999999999996));
#7188=CARTESIAN_POINT('',(-4.25,4.3,0.249999999999997));
#7189=VECTOR('',#8143,1.0);
#7190=CARTESIAN_POINT('',(-4.25,2.3,0.249999999999996));
#7191=VECTOR('',#8144,1.0);
#7192=AXIS2_PLACEMENT_3D('',#8145,#8146,#8147);
#7193=AXIS2_PLACEMENT_3D('',#8148,#8149,#8150);
#7194=CARTESIAN_POINT('',(-2.18,3.69,-3.5527136788005E-15));
#7195=AXIS2_PLACEMENT_3D('',#8151,#8152,#8153);
#7196=CARTESIAN_POINT('',(-2.18,2.91,-3.5527136788005E-15));
#7197=AXIS2_PLACEMENT_3D('',#8154,#8155,#8156);
#7198=CARTESIAN_POINT('',(-2.18,2.3,-3.52365706057789E-15));
#7199=VECTOR('',#8157,1.0);
#7200=CARTESIAN_POINT('',(-2.51,2.8,-3.5527136788005E-15));
#7201=CARTESIAN_POINT('',(-3.35,2.8,-3.5527136788005E-15));
#7202=CARTESIAN_POINT('',(-2.51,2.8,-3.5527136788005E-15));
#7203=VECTOR('',#8158,1.0);
#7204=CARTESIAN_POINT('',(-3.85,2.3,-3.5527136788005E-15));
#7205=CARTESIAN_POINT('',(-3.35,2.8,-3.5527136788005E-15));
#7206=VECTOR('',#8159,1.0);
#7207=CARTESIAN_POINT('',(-4.25,2.3,-3.5527136788005E-15));
#7208=CARTESIAN_POINT('',(-2.18,2.3,-3.5527136788005E-15));
#7209=VECTOR('',#8160,1.0);
#7210=CARTESIAN_POINT('',(-4.25,4.3,-3.5527136788005E-15));
#7211=CARTESIAN_POINT('',(-4.25,2.3,-3.5527136788005E-15));
#7212=VECTOR('',#8161,1.0);
#7213=CARTESIAN_POINT('',(-3.85,4.3,-3.5527136788005E-15));
#7214=CARTESIAN_POINT('',(-2.18,4.3,-3.5527136788005E-15));
#7215=VECTOR('',#8162,1.0);
#7216=CARTESIAN_POINT('',(-3.35,3.8,-3.5527136788005E-15));
#7217=CARTESIAN_POINT('',(-3.35,3.8,-3.5527136788005E-15));
#7218=VECTOR('',#8163,1.0);
#7219=CARTESIAN_POINT('',(-2.51,3.8,-3.5527136788005E-15));
#7220=CARTESIAN_POINT('',(-2.51,3.8,-3.5527136788005E-15));
#7221=VECTOR('',#8164,1.0);
#7222=CARTESIAN_POINT('',(-2.4,3.69,-3.5527136788005E-15));
#7223=CARTESIAN_POINT('',(-2.4,3.69,-3.5527136788005E-15));
#7224=VECTOR('',#8165,1.0);
#7225=CARTESIAN_POINT('',(-1.75,3.69,-3.5527136788005E-15));
#7226=VECTOR('',#8166,1.0);
#7227=CARTESIAN_POINT('',(-2.4,2.91,-3.5527136788005E-15));
#7228=CARTESIAN_POINT('',(-1.75,2.91,-3.5527136788005E-15));
#7229=VECTOR('',#8167,1.0);
#7230=CARTESIAN_POINT('',(-2.4,2.91,-3.5527136788005E-15));
#7231=VECTOR('',#8168,1.0);
#7232=CARTESIAN_POINT('',(-4.65,4.3,0.399999999999997));
#7233=CARTESIAN_POINT('',(-4.65,4.3,2.0));
#7234=CARTESIAN_POINT('',(-4.65,4.3,0.399999999999997));
#7235=VECTOR('',#8169,1.0);
#7236=CARTESIAN_POINT('',(-4.65,2.3,0.399999999999997));
#7237=CARTESIAN_POINT('',(-4.65,2.3,0.399999999999997));
#7238=VECTOR('',#8170,1.0);
#7239=CARTESIAN_POINT('',(-4.65,2.3,2.0));
#7240=CARTESIAN_POINT('',(-4.65,2.3,0.399999999999997));
#7241=VECTOR('',#8171,1.0);
#7242=CARTESIAN_POINT('',(-4.65,2.3,2.0));
#7243=VECTOR('',#8172,1.0);
#7244=CARTESIAN_POINT('',(-4.4,4.3,2.0));
#7245=CARTESIAN_POINT('',(-4.65,4.3,2.0));
#7246=VECTOR('',#8173,1.0);
#7247=CARTESIAN_POINT('',(-4.4,2.3,2.0));
#7248=CARTESIAN_POINT('',(-4.65,2.3,2.0));
#7249=VECTOR('',#8174,1.0);
#7250=CARTESIAN_POINT('',(-4.4,2.3,2.0));
#7251=VECTOR('',#8175,1.0);
#7252=CARTESIAN_POINT('',(-4.4,4.3,0.399999999999997));
#7253=CARTESIAN_POINT('',(-4.4,4.3,2.0));
#7254=VECTOR('',#8176,1.0);
#7255=CARTESIAN_POINT('',(-4.4,2.3,0.399999999999997));
#7256=CARTESIAN_POINT('',(-4.4,2.3,2.0));
#7257=VECTOR('',#8177,1.0);
#7258=CARTESIAN_POINT('',(-4.4,2.3,0.399999999999997));
#7259=VECTOR('',#8178,1.0);
#7260=AXIS2_PLACEMENT_3D('',#8179,#8180,#8181);
#7261=AXIS2_PLACEMENT_3D('',#8182,#8183,#8184);
#7262=AXIS2_PLACEMENT_3D('',#8185,#8186,#8187);
#7263=AXIS2_PLACEMENT_3D('',#8188,#8189,#8190);
#7264=CARTESIAN_POINT('',(-3.85,2.3,0.499999999999996));
#7265=VECTOR('',#8191,1.0);
#7266=CARTESIAN_POINT('',(-3.85,4.3,0.499999999999996));
#7267=VECTOR('',#8192,1.0);
#7268=CARTESIAN_POINT('',(-3.35,3.8,0.499999999999996));
#7269=VECTOR('',#8193,1.0);
#7270=CARTESIAN_POINT('',(-2.4,3.69,0.499999999999996));
#7271=VECTOR('',#8194,1.0);
#7272=CARTESIAN_POINT('',(-2.51,3.8,0.499999999999996));
#7273=VECTOR('',#8195,1.0);
#7274=CARTESIAN_POINT('',(-3.35,2.8,0.499999999999996));
#7275=VECTOR('',#8196,1.0);
#7276=CARTESIAN_POINT('',(-2.4,2.91,0.499999999999996));
#7277=VECTOR('',#8197,1.0);
#7278=CARTESIAN_POINT('',(-2.51,2.8,0.499999999999996));
#7279=VECTOR('',#8198,1.0);
#7280=CARTESIAN_POINT('',(2.18,3.69,-3.5527136788005E-15));
#7281=AXIS2_PLACEMENT_3D('',#8199,#8200,#8201);
#7282=CARTESIAN_POINT('',(2.18,2.91,-3.5527136788005E-15));
#7283=CARTESIAN_POINT('',(2.18,2.3,-3.5527136788005E-15));
#7284=VECTOR('',#8202,1.0);
#7285=AXIS2_PLACEMENT_3D('',#8203,#8204,#8205);
#7286=CARTESIAN_POINT('',(2.18,2.91,0.249999999999996));
#7287=AXIS2_PLACEMENT_3D('',#8206,#8207,#8208);
#7288=CARTESIAN_POINT('',(2.18,3.69,0.249999999999997));
#7289=CARTESIAN_POINT('',(2.18,2.3,0.249999999999996));
#7290=VECTOR('',#8209,1.0);
#7291=AXIS2_PLACEMENT_3D('',#8210,#8211,#8212);
#7292=CARTESIAN_POINT('',(2.4,3.69,0.249999999999996));
#7293=CARTESIAN_POINT('',(2.18,3.69,0.249999999999996));
#7294=VECTOR('',#8213,1.0);
#7295=CARTESIAN_POINT('',(2.4,3.69,-3.5527136788005E-15));
#7296=CARTESIAN_POINT('',(2.4,3.69,0.499999999999996));
#7297=VECTOR('',#8214,1.0);
#7298=CARTESIAN_POINT('',(2.4,3.69,-3.5527136788005E-15));
#7299=VECTOR('',#8215,1.0);
#7300=CARTESIAN_POINT('',(2.4,2.91,-3.5527136788005E-15));
#7301=CARTESIAN_POINT('',(2.4,2.91,-3.5527136788005E-15));
#7302=VECTOR('',#8216,1.0);
#7303=CARTESIAN_POINT('',(2.4,2.91,0.249999999999996));
#7304=CARTESIAN_POINT('',(2.4,2.91,0.499999999999996));
#7305=VECTOR('',#8217,1.0);
#7306=CARTESIAN_POINT('',(2.18,2.91,0.249999999999996));
#7307=VECTOR('',#8218,1.0);
#7308=CARTESIAN_POINT('',(2.51,2.8,0.249999999999996));
#7309=CARTESIAN_POINT('',(2.595,2.715,0.249999999999996));
#7310=VECTOR('',#8219,1.0);
#7311=CARTESIAN_POINT('',(3.35,2.8,0.249999999999997));
#7312=CARTESIAN_POINT('',(2.18,2.8,0.249999999999996));
#7313=VECTOR('',#8220,1.0);
#7314=CARTESIAN_POINT('',(3.85,2.3,0.249999999999997));
#7315=CARTESIAN_POINT('',(3.015,3.135,0.249999999999997));
#7316=VECTOR('',#8221,1.0);
#7317=CARTESIAN_POINT('',(4.25,2.3,0.249999999999997));
#7318=CARTESIAN_POINT('',(2.18,2.3,0.249999999999996));
#7319=VECTOR('',#8222,1.0);
#7320=CARTESIAN_POINT('',(4.25,4.3,0.249999999999997));
#7321=CARTESIAN_POINT('',(4.25,2.3,0.249999999999997));
#7322=VECTOR('',#8223,1.0);
#7323=CARTESIAN_POINT('',(3.85,4.3,0.249999999999997));
#7324=CARTESIAN_POINT('',(2.18,4.3,0.249999999999996));
#7325=VECTOR('',#8224,1.0);
#7326=CARTESIAN_POINT('',(3.35,3.8,0.249999999999997));
#7327=CARTESIAN_POINT('',(2.015,2.465,0.249999999999996));
#7328=VECTOR('',#8225,1.0);
#7329=CARTESIAN_POINT('',(2.51,3.8,0.249999999999996));
#7330=CARTESIAN_POINT('',(2.18,3.8,0.249999999999996));
#7331=VECTOR('',#8226,1.0);
#7332=CARTESIAN_POINT('',(1.595,2.88499999999999,0.249999999999996));
#7333=VECTOR('',#8227,1.0);
#7334=CARTESIAN_POINT('',(2.51,2.8,-3.5527136788005E-15));
#7335=CARTESIAN_POINT('',(2.51,2.8,-3.5527136788005E-15));
#7336=VECTOR('',#8228,1.0);
#7337=CARTESIAN_POINT('',(2.51,3.8,-3.5527136788005E-15));
#7338=CARTESIAN_POINT('',(2.51,3.8,-3.5527136788005E-15));
#7339=VECTOR('',#8229,1.0);
#7340=CARTESIAN_POINT('',(3.35,3.8,-3.5527136788005E-15));
#7341=CARTESIAN_POINT('',(3.35,3.8,-3.5527136788005E-15));
#7342=VECTOR('',#8230,1.0);
#7343=CARTESIAN_POINT('',(3.85,4.3,-3.5527136788005E-15));
#7344=CARTESIAN_POINT('',(3.85,4.3,-3.5527136788005E-15));
#7345=VECTOR('',#8231,1.0);
#7346=CARTESIAN_POINT('',(4.25,4.3,-4.55364912443912E-15));
#7347=CARTESIAN_POINT('',(4.25,4.3,-3.27515792264421E-15));
#7348=VECTOR('',#8232,1.0);
#7349=CARTESIAN_POINT('',(4.25,2.3,-4.55364912443912E-15));
#7350=CARTESIAN_POINT('',(4.25,2.3,-4.55364912443912E-15));
#7351=VECTOR('',#8233,1.0);
#7352=CARTESIAN_POINT('',(3.85,2.3,-3.5527136788005E-15));
#7353=CARTESIAN_POINT('',(4.25,2.3,-3.27515792264421E-15));
#7354=VECTOR('',#8234,1.0);
#7355=CARTESIAN_POINT('',(3.35,2.8,-3.5527136788005E-15));
#7356=CARTESIAN_POINT('',(3.85,2.3,-3.5527136788005E-15));
#7357=VECTOR('',#8235,1.0);
#7358=CARTESIAN_POINT('',(3.35,2.8,-3.5527136788005E-15));
#7359=VECTOR('',#8236,1.0);
#7360=CARTESIAN_POINT('',(3.85,2.3,0.499999999999996));
#7361=VECTOR('',#8237,1.0);
#7362=CARTESIAN_POINT('',(4.65,2.3,0.399999999999997));
#7363=AXIS2_PLACEMENT_3D('',#8238,#8239,#8240);
#7364=CARTESIAN_POINT('',(4.65,2.3,2.0));
#7365=CARTESIAN_POINT('',(4.65,2.3,2.0));
#7366=VECTOR('',#8241,1.0);
#7367=CARTESIAN_POINT('',(4.4,2.3,2.0));
#7368=CARTESIAN_POINT('',(4.4,2.3,2.0));
#7369=VECTOR('',#8242,1.0);
#7370=CARTESIAN_POINT('',(4.4,2.3,0.399999999999997));
#7371=CARTESIAN_POINT('',(4.4,2.3,0.399999999999997));
#7372=VECTOR('',#8243,1.0);
#7373=AXIS2_PLACEMENT_3D('',#8244,#8245,#8246);
#7374=CARTESIAN_POINT('',(3.85,4.3,0.499999999999996));
#7375=VECTOR('',#8247,1.0);
#7376=CARTESIAN_POINT('',(4.4,4.3,0.399999999999997));
#7377=AXIS2_PLACEMENT_3D('',#8248,#8249,#8250);
#7378=CARTESIAN_POINT('',(4.4,4.3,2.0));
#7379=CARTESIAN_POINT('',(4.4,4.3,0.399999999999997));
#7380=VECTOR('',#8251,1.0);
#7381=CARTESIAN_POINT('',(4.65,4.3,2.0));
#7382=CARTESIAN_POINT('',(4.4,4.3,2.0));
#7383=VECTOR('',#8252,1.0);
#7384=CARTESIAN_POINT('',(4.65,4.3,0.399999999999997));
#7385=CARTESIAN_POINT('',(4.65,4.3,2.0));
#7386=VECTOR('',#8253,1.0);
#7387=AXIS2_PLACEMENT_3D('',#8254,#8255,#8256);
#7388=CARTESIAN_POINT('',(4.4,2.3,0.399999999999997));
#7389=VECTOR('',#8257,1.0);
#7390=CARTESIAN_POINT('',(4.4,2.3,2.0));
#7391=VECTOR('',#8258,1.0);
#7392=CARTESIAN_POINT('',(4.65,2.3,2.0));
#7393=VECTOR('',#8259,1.0);
#7394=CARTESIAN_POINT('',(4.65,2.3,0.399999999999997));
#7395=VECTOR('',#8260,1.0);
#7396=CARTESIAN_POINT('',(3.35,3.8,0.499999999999996));
#7397=VECTOR('',#8261,1.0);
#7398=CARTESIAN_POINT('',(2.51,3.8,0.499999999999996));
#7399=VECTOR('',#8262,1.0);
#7400=CARTESIAN_POINT('',(2.51,2.8,0.499999999999996));
#7401=VECTOR('',#8263,1.0);
#7402=CARTESIAN_POINT('',(3.35,2.8,0.499999999999996));
#7403=VECTOR('',#8264,1.0);
#7404=DIRECTION('',(1.0,-0.0,0.0));
#7405=CARTESIAN_POINT('',(-0.16,0.450000000000001,1.7));
#7406=DIRECTION('',(1.0,0.0,0.0));
#7407=DIRECTION('',(0.0,1.0,0.0));
#7408=DIRECTION('',(-1.0,0.0,0.0));
#7409=CARTESIAN_POINT('',(0.16,0.450000000000001,1.7));
#7410=DIRECTION('',(1.0,0.0,0.0));
#7411=DIRECTION('',(0.0,1.0,0.0));
#7412=DIRECTION('',(1.0,-0.0,0.0));
#7413=CARTESIAN_POINT('',(-1.16,0.450000000000001,1.7));
#7414=DIRECTION('',(1.0,0.0,0.0));
#7415=DIRECTION('',(0.0,1.0,0.0));
#7416=DIRECTION('',(-1.0,0.0,0.0));
#7417=CARTESIAN_POINT('',(-0.84,0.450000000000001,1.7));
#7418=DIRECTION('',(1.0,0.0,0.0));
#7419=DIRECTION('',(0.0,1.0,0.0));
#7420=DIRECTION('',(1.0,-0.0,0.0));
#7421=CARTESIAN_POINT('',(0.84,0.450000000000001,1.7));
#7422=DIRECTION('',(1.0,0.0,0.0));
#7423=DIRECTION('',(0.0,1.0,0.0));
#7424=DIRECTION('',(-1.0,0.0,0.0));
#7425=CARTESIAN_POINT('',(1.16,0.450000000000001,1.7));
#7426=DIRECTION('',(1.0,0.0,0.0));
#7427=DIRECTION('',(0.0,1.0,0.0));
#7428=DIRECTION('',(0.0,0.0,-1.0));
#7429=CARTESIAN_POINT('',(-3.295,1.50585062420488,1.92));
#7430=DIRECTION('',(0.0,0.0,-1.0));
#7431=DIRECTION('',(-1.0,0.0,0.0));
#7432=DIRECTION('',(0.0,0.0,1.0));
#7433=CARTESIAN_POINT('',(-3.295,1.50585062420488,1.32));
#7434=DIRECTION('',(0.0,0.0,-1.0));
#7435=DIRECTION('',(-1.0,0.0,0.0));
#7436=DIRECTION('',(-0.0,-0.0,1.0));
#7437=CARTESIAN_POINT('',(3.295,1.50585062420488,1.32));
#7438=DIRECTION('',(0.0,0.0,1.0));
#7439=DIRECTION('',(1.0,0.0,0.0));
#7440=DIRECTION('',(0.0,0.0,1.0));
#7441=CARTESIAN_POINT('',(3.295,1.50585062420488,1.92));
#7442=DIRECTION('',(0.0,0.0,1.0));
#7443=DIRECTION('',(1.0,0.0,0.0));
#7444=DIRECTION('',(0.0,2.50200501342809E-16,-1.0));
#7445=DIRECTION('',(0.0,-1.0,-7.69433799828422E-16));
#7446=DIRECTION('',(0.0,0.0,1.0));
#7447=DIRECTION('',(0.0,-1.0,0.0));
#7448=DIRECTION('',(0.0,0.0,1.0));
#7449=DIRECTION('',(0.0,-1.0,-7.69433799828422E-16));
#7450=DIRECTION('',(0.0,0.0,1.0));
#7451=DIRECTION('',(0.0,-1.0,0.0));
#7452=DIRECTION('',(0.0,-1.1616451848059E-15,1.0));
#7453=DIRECTION('',(0.0,1.0,4.89639690799905E-16));
#7454=DIRECTION('',(0.0,0.0,1.0));
#7455=DIRECTION('',(0.0,1.0,4.89639690799905E-16));
#7456=DIRECTION('',(0.0,5.10634767552572E-16,-1.0));
#7457=DIRECTION('',(0.0,-1.0,-7.69433799828422E-16));
#7458=DIRECTION('',(0.0,-1.0,-7.69433799828422E-16));
#7459=DIRECTION('',(0.0,2.50200501342809E-16,-1.0));
#7460=DIRECTION('',(0.0,1.0,4.89639690799905E-16));
#7461=DIRECTION('',(0.0,-1.1616451848059E-15,1.0));
#7462=DIRECTION('',(0.0,-1.0,0.0));
#7463=DIRECTION('',(0.0,0.0,1.0));
#7464=DIRECTION('',(0.0,-1.0,-7.69433799828422E-16));
#7465=DIRECTION('',(0.0,0.0,1.0));
#7466=DIRECTION('',(0.0,-1.0,0.0));
#7467=DIRECTION('',(0.0,0.0,1.0));
#7468=DIRECTION('',(1.0,-2.068248866214E-14,0.0));
#7469=DIRECTION('',(0.0,0.0,1.0));
#7470=DIRECTION('',(1.0,0.0,-1.35525271560688E-14));
#7471=DIRECTION('',(0.0,0.0,1.0));
#7472=DIRECTION('',(-1.0,0.0,1.37989367407246E-14));
#7473=DIRECTION('',(0.0,0.0,1.0));
#7474=DIRECTION('',(1.0,0.0,0.0));
#7475=DIRECTION('',(0.0,5.10634767552572E-16,-1.0));
#7476=DIRECTION('',(1.0,0.0,0.0));
#7477=DIRECTION('',(-1.0,0.0,0.0));
#7478=DIRECTION('',(0.0,5.10634767552572E-16,-1.0));
#7479=DIRECTION('',(-1.0,0.0,0.0));
#7480=DIRECTION('',(0.0,5.10634767552572E-16,-1.0));
#7481=DIRECTION('',(1.0,0.0,0.0));
#7482=DIRECTION('',(0.0,0.0,-1.0));
#7483=DIRECTION('',(-1.0,0.0,1.41931920761738E-14));
#7484=DIRECTION('',(0.0,0.0,-1.0));
#7485=DIRECTION('',(1.0,0.0,-1.35525271560688E-14));
#7486=DIRECTION('',(0.0,0.0,1.0));
#7487=DIRECTION('',(1.0,9.27479623859691E-15,0.0));
#7488=DIRECTION('',(0.0,0.0,-1.0));
#7489=DIRECTION('',(-1.0,0.0,-1.37989367407246E-15));
#7490=DIRECTION('',(0.0,0.0,1.0));
#7491=DIRECTION('',(1.0,0.0,0.0));
#7492=DIRECTION('',(0.0,0.0,1.0));
#7493=DIRECTION('',(-1.0,0.0,0.0));
#7494=DIRECTION('',(0.0,0.0,1.0));
#7495=DIRECTION('',(1.0,0.0,0.0));
#7496=DIRECTION('',(0.0,0.0,-1.0));
#7497=DIRECTION('',(-1.0,0.0,0.0));
#7498=DIRECTION('',(0.0,0.0,1.0));
#7499=DIRECTION('',(0.0,0.0,-1.0));
#7500=DIRECTION('',(-1.44560289664734E-15,-1.0,0.0));
#7501=DIRECTION('',(0.0,0.0,-1.0));
#7502=DIRECTION('',(0.0,-1.0,0.0));
#7503=DIRECTION('',(0.0,-1.0,0.0));
#7504=DIRECTION('',(0.0,0.0,-1.0));
#7505=DIRECTION('',(2.16840434497101E-15,-1.0,0.0));
#7506=DIRECTION('',(0.0,0.0,-1.0));
#7507=DIRECTION('',(0.0,-1.0,0.0));
#7508=DIRECTION('',(-1.44560289664734E-15,1.0,0.0));
#7509=DIRECTION('',(0.0,0.0,-1.0));
#7510=DIRECTION('',(0.0,-1.0,0.0));
#7511=DIRECTION('',(0.0,0.0,-1.0));
#7512=DIRECTION('',(2.16840434497101E-15,1.0,0.0));
#7513=DIRECTION('',(0.0,0.0,-1.0));
#7514=DIRECTION('',(0.0,-1.0,0.0));
#7515=DIRECTION('',(0.0,-1.0,0.0));
#7516=DIRECTION('',(0.0,0.0,1.0));
#7517=DIRECTION('',(0.0,0.0,-1.0));
#7518=DIRECTION('',(0.0,-1.0,-7.69433799828422E-16));
#7519=DIRECTION('',(0.0,1.0,4.89639690799905E-16));
#7520=DIRECTION('',(1.0,0.0,0.0));
#7521=DIRECTION('',(0.0,-1.0,-5.13569450124713E-16));
#7522=DIRECTION('',(-1.0,0.0,0.0));
#7523=DIRECTION('',(-3.33600668457078E-16,1.0,5.13569450124713E-16));
#7524=DIRECTION('',(-1.0,-2.89120579329468E-16,-1.48483496945973E-31));
#7525=DIRECTION('',(0.0,1.0,4.89639690799905E-16));
#7526=DIRECTION('',(-1.0,0.0,0.0));
#7527=DIRECTION('',(0.0,1.0,4.89639690799905E-16));
#7528=DIRECTION('',(0.0,1.0,4.89639690799905E-16));
#7529=DIRECTION('',(1.0,0.0,0.0));
#7530=DIRECTION('',(0.0,1.0,4.89639690799905E-16));
#7531=DIRECTION('',(-1.0,2.89120579329468E-16,1.48483496945973E-31));
#7532=DIRECTION('',(-3.33600668457078E-16,-1.0,-5.13569450124713E-16));
#7533=DIRECTION('',(-1.0,0.0,0.0));
#7534=DIRECTION('',(0.0,-1.0,-5.13569450124713E-16));
#7535=DIRECTION('',(1.0,0.0,0.0));
#7536=DIRECTION('',(0.0,-1.0,-5.13569450124713E-16));
#7537=DIRECTION('',(-1.0,0.0,0.0));
#7538=DIRECTION('',(0.0,-1.0,-5.13569450124713E-16));
#7539=DIRECTION('',(1.0,0.0,0.0));
#7540=DIRECTION('',(0.0,-1.0,-5.13569450124713E-16));
#7541=DIRECTION('',(-1.0,0.0,0.0));
#7542=DIRECTION('',(0.0,-1.0,-5.13569450124713E-16));
#7543=DIRECTION('',(0.0,7.22801448323668E-16,-1.0));
#7544=DIRECTION('',(-1.0,0.0,0.0));
#7545=DIRECTION('',(0.0,7.22801448323668E-16,-1.0));
#7546=DIRECTION('',(0.0,7.22801448323668E-16,-1.0));
#7547=DIRECTION('',(-1.0,0.0,0.0));
#7548=DIRECTION('',(0.0,7.22801448323668E-16,-1.0));
#7549=DIRECTION('',(0.0,7.22801448323668E-16,-1.0));
#7550=DIRECTION('',(-1.0,0.0,0.0));
#7551=DIRECTION('',(0.0,7.22801448323668E-16,-1.0));
#7552=DIRECTION('',(0.0,0.0,1.0));
#7553=DIRECTION('',(-1.0,0.0,0.0));
#7554=DIRECTION('',(0.0,0.0,1.0));
#7555=DIRECTION('',(1.0,0.0,0.0));
#7556=DIRECTION('',(0.0,1.0,0.0));
#7557=DIRECTION('',(1.0,0.0,0.0));
#7558=DIRECTION('',(-0.554700196225228,0.832050294337844,0.0));
#7559=DIRECTION('',(0.0,1.0,0.0));
#7560=DIRECTION('',(1.0,-2.03287907341033E-16,0.0));
#7561=DIRECTION('',(1.0,0.0,0.0));
#7562=DIRECTION('',(1.0,2.03287907341032E-16,0.0));
#7563=DIRECTION('',(0.0,-1.0,0.0));
#7564=DIRECTION('',(-0.55470019622523,-0.832050294337843,0.0));
#7565=DIRECTION('',(1.0,0.0,0.0));
#7566=DIRECTION('',(0.0,-1.0,0.0));
#7567=DIRECTION('',(-1.0,0.0,-1.37989367407246E-15));
#7568=DIRECTION('',(0.0,-1.0,0.0));
#7569=DIRECTION('',(0.0,0.0,-1.0));
#7570=DIRECTION('',(0.0,0.0,-1.0));
#7571=DIRECTION('',(0.0,-1.0,0.0));
#7572=DIRECTION('',(3.33600668457078E-16,-1.0,0.0));
#7573=DIRECTION('',(3.33600668457078E-16,1.0,0.0));
#7574=DIRECTION('',(1.0,-2.89120579329468E-16,0.0));
#7575=DIRECTION('',(0.0,-1.0,-5.70632722360792E-16));
#7576=DIRECTION('',(0.0,-1.0,0.0));
#7577=DIRECTION('',(-1.0,0.0,0.0));
#7578=DIRECTION('',(0.0,-1.0,-5.70632722360792E-16));
#7579=DIRECTION('',(1.0,2.89120579329468E-16,0.0));
#7580=DIRECTION('',(0.0,0.0,1.0));
#7581=DIRECTION('',(0.0,0.0,1.0));
#7582=DIRECTION('',(0.0,-1.0,0.0));
#7583=DIRECTION('',(0.499999999999999,-0.866025403784439,0.0));
#7584=DIRECTION('',(-1.0,-1.35525271560688E-16,0.0));
#7585=DIRECTION('',(0.5,0.866025403784439,0.0));
#7586=DIRECTION('',(-1.0,0.0,0.0));
#7587=DIRECTION('',(-1.0,0.0,0.0));
#7588=DIRECTION('',(0.0,0.0,-1.0));
#7589=DIRECTION('',(0.0,0.0,-1.0));
#7590=DIRECTION('',(-1.0,0.0,0.0));
#7591=DIRECTION('',(0.0,0.0,1.0));
#7592=DIRECTION('',(0.0,0.0,-1.0));
#7593=DIRECTION('',(0.0,0.0,-1.0));
#7594=DIRECTION('',(0.0,0.0,1.0));
#7595=DIRECTION('',(0.0,-1.0,-7.69433799828422E-16));
#7596=DIRECTION('',(0.0,-1.1616451848059E-15,1.0));
#7597=DIRECTION('',(-1.0,0.0,0.0));
#7598=DIRECTION('',(0.0,0.0,1.0));
#7599=DIRECTION('',(-1.0,0.0,0.0));
#7600=DIRECTION('',(0.0,-1.0,-7.69433799828422E-16));
#7601=DIRECTION('',(0.241921895599668,0.970295726275996,0.0));
#7602=CARTESIAN_POINT('',(3.295,1.50585062420488,1.92));
#7603=DIRECTION('',(0.0,0.0,1.0));
#7604=DIRECTION('',(1.0,0.0,0.0));
#7605=DIRECTION('',(-0.544290862405565,0.83889657115869,0.0));
#7606=DIRECTION('',(1.0,0.0,0.0));
#7607=DIRECTION('',(-0.413802944301239,0.91036647746258,4.64480617704896E-16));
#7608=DIRECTION('',(1.0,0.0,0.0));
#7609=DIRECTION('',(0.0,0.0,1.0));
#7610=DIRECTION('',(-0.413802944301239,0.91036647746258,4.64480617704896E-16));
#7611=DIRECTION('',(0.241921895599668,0.970295726275996,0.0));
#7612=DIRECTION('',(0.0,0.0,1.0));
#7613=CARTESIAN_POINT('',(3.295,1.50585062420488,1.32));
#7614=DIRECTION('',(0.0,0.0,1.0));
#7615=DIRECTION('',(1.0,0.0,0.0));
#7616=DIRECTION('',(-0.544290862405565,0.83889657115869,0.0));
#7617=DIRECTION('',(0.0,-1.1616451848059E-15,1.0));
#7618=DIRECTION('',(0.0,-1.0,-7.69433799828422E-16));
#7619=DIRECTION('',(1.0,0.0,0.0));
#7620=DIRECTION('',(0.0,0.0,1.0));
#7621=DIRECTION('',(1.0,0.0,0.0));
#7622=DIRECTION('',(0.413802944301239,0.91036647746258,-4.64480617704896E-16));
#7623=DIRECTION('',(-1.0,0.0,0.0));
#7624=DIRECTION('',(0.544290862405565,0.83889657115869,0.0));
#7625=CARTESIAN_POINT('',(-3.295,1.50585062420488,1.92));
#7626=DIRECTION('',(0.0,0.0,-1.0));
#7627=DIRECTION('',(-1.0,0.0,0.0));
#7628=DIRECTION('',(-0.241921895599668,0.970295726275996,0.0));
#7629=DIRECTION('',(0.0,-1.0,-7.69433799828422E-16));
#7630=DIRECTION('',(0.0,0.0,1.0));
#7631=DIRECTION('',(-1.0,0.0,0.0));
#7632=DIRECTION('',(0.413802944301239,0.91036647746258,-4.64480617704896E-16));
#7633=DIRECTION('',(0.0,0.0,1.0));
#7634=DIRECTION('',(-0.241921895599668,0.970295726275996,0.0));
#7635=CARTESIAN_POINT('',(-3.295,1.50585062420488,1.32));
#7636=DIRECTION('',(0.0,0.0,-1.0));
#7637=DIRECTION('',(-1.0,0.0,0.0));
#7638=DIRECTION('',(0.544290862405565,0.83889657115869,0.0));
#7639=DIRECTION('',(0.0,0.0,-1.0));
#7640=DIRECTION('',(-0.55470019622523,-0.832050294337843,0.0));
#7641=DIRECTION('',(0.0,-1.0,0.0));
#7642=DIRECTION('',(1.0,2.03287907341032E-16,0.0));
#7643=DIRECTION('',(0.0,0.0,-1.0));
#7644=DIRECTION('',(0.0,-1.0,0.0));
#7645=DIRECTION('',(1.0,0.0,0.0));
#7646=DIRECTION('',(0.0,0.0,-1.0));
#7647=DIRECTION('',(0.0,0.0,-1.0));
#7648=DIRECTION('',(-0.554700196225228,0.832050294337844,0.0));
#7649=DIRECTION('',(0.0,1.0,0.0));
#7650=DIRECTION('',(1.0,-2.03287907341033E-16,0.0));
#7651=DIRECTION('',(0.0,0.0,-1.0));
#7652=DIRECTION('',(0.0,1.0,0.0));
#7653=DIRECTION('',(1.0,0.0,0.0));
#7654=DIRECTION('',(0.0,0.0,-1.0));
#7655=DIRECTION('',(0.0,0.0,-1.0));
#7656=DIRECTION('',(-0.499999999999999,0.866025403784439,0.0));
#7657=DIRECTION('',(0.0,0.0,-1.0));
#7658=DIRECTION('',(0.0,0.0,-1.0));
#7659=DIRECTION('',(-0.5,-0.866025403784439,0.0));
#7660=DIRECTION('',(1.0,1.35525271560688E-16,0.0));
#7661=DIRECTION('',(0.0,0.0,1.0));
#7662=DIRECTION('',(0.0,1.0,0.0));
#7663=DIRECTION('',(0.0,2.50200501342809E-16,-1.0));
#7664=DIRECTION('',(0.0,0.0,1.0));
#7665=DIRECTION('',(1.0,0.0,0.0));
#7666=DIRECTION('',(0.0,0.0,1.0));
#7667=DIRECTION('',(-1.0,0.0,1.37989367407246E-14));
#7668=DIRECTION('',(0.0,1.08114132592841E-16,-1.0));
#7669=DIRECTION('',(1.0,0.0,0.0));
#7670=DIRECTION('',(0.0,-6.73555739531046E-17,1.0));
#7671=DIRECTION('',(1.0,-2.068248866214E-14,0.0));
#7672=DIRECTION('',(1.0,9.27479623859691E-15,0.0));
#7673=DIRECTION('',(0.0,-6.73555739531046E-17,1.0));
#7674=DIRECTION('',(1.0,0.0,0.0));
#7675=DIRECTION('',(0.0,1.08114132592841E-16,-1.0));
#7676=DIRECTION('',(-1.0,0.0,1.41931920761738E-14));
#7677=DIRECTION('',(0.0,2.50200501342809E-16,-1.0));
#7678=DIRECTION('',(0.0,0.0,-1.0));
#7679=DIRECTION('',(0.0,1.0,0.0));
#7680=DIRECTION('',(0.0,0.0,-1.0));
#7681=DIRECTION('',(0.0,2.50200501342809E-16,-1.0));
#7682=DIRECTION('',(0.0,1.0,0.0));
#7683=CARTESIAN_POINT('',(1.16,0.400000000000001,0.699999999999995));
#7684=DIRECTION('',(1.0,0.0,0.0));
#7685=DIRECTION('',(0.0,1.0,0.0));
#7686=CARTESIAN_POINT('',(0.84,0.400000000000001,0.699999999999995));
#7687=DIRECTION('',(1.0,0.0,0.0));
#7688=DIRECTION('',(0.0,1.0,0.0));
#7689=DIRECTION('',(-1.0,0.0,0.0));
#7690=CARTESIAN_POINT('',(-0.84,0.400000000000001,0.699999999999995));
#7691=DIRECTION('',(1.0,0.0,0.0));
#7692=DIRECTION('',(0.0,1.0,0.0));
#7693=CARTESIAN_POINT('',(-1.16,0.400000000000001,0.699999999999995));
#7694=DIRECTION('',(1.0,0.0,0.0));
#7695=DIRECTION('',(0.0,1.0,0.0));
#7696=DIRECTION('',(-1.0,0.0,0.0));
#7697=CARTESIAN_POINT('',(0.16,0.400000000000001,0.699999999999995));
#7698=DIRECTION('',(1.0,0.0,0.0));
#7699=DIRECTION('',(0.0,1.0,0.0));
#7700=CARTESIAN_POINT('',(-0.16,0.400000000000001,0.699999999999995));
#7701=DIRECTION('',(1.0,0.0,0.0));
#7702=DIRECTION('',(0.0,1.0,0.0));
#7703=DIRECTION('',(-1.0,0.0,0.0));
#7704=DIRECTION('',(0.0,1.0,3.7021537597066E-16));
#7705=DIRECTION('',(0.0,0.707106781186547,0.707106781186548));
#7706=DIRECTION('',(0.0,-1.0,0.0));
#7707=DIRECTION('',(0.0,-1.0,0.0));
#7708=DIRECTION('',(0.0,0.707106781186547,0.707106781186548));
#7709=DIRECTION('',(0.0,1.0,3.7021537597066E-16));
#7710=DIRECTION('',(1.0,0.0,0.0));
#7711=DIRECTION('',(0.0,1.0,3.7021537597066E-16));
#7712=DIRECTION('',(0.0,0.707106781186547,0.707106781186548));
#7713=DIRECTION('',(0.0,-1.0,0.0));
#7714=DIRECTION('',(0.0,-1.0,0.0));
#7715=DIRECTION('',(0.0,0.707106781186547,0.707106781186548));
#7716=DIRECTION('',(0.0,1.0,3.7021537597066E-16));
#7717=DIRECTION('',(1.0,0.0,0.0));
#7718=DIRECTION('',(0.0,1.0,3.7021537597066E-16));
#7719=DIRECTION('',(0.0,0.707106781186547,0.707106781186548));
#7720=DIRECTION('',(0.0,-1.0,0.0));
#7721=DIRECTION('',(0.0,-1.0,0.0));
#7722=DIRECTION('',(0.0,0.707106781186547,0.707106781186548));
#7723=DIRECTION('',(0.0,1.0,3.7021537597066E-16));
#7724=DIRECTION('',(1.0,0.0,0.0));
#7725=DIRECTION('',(0.0,-1.0,-2.71050543121376E-17));
#7726=DIRECTION('',(-1.0,0.0,0.0));
#7727=DIRECTION('',(-1.37676466347366E-16,1.0,2.71050543121376E-17));
#7728=CARTESIAN_POINT('',(3.125,3.35,0.299999999999998));
#7729=DIRECTION('',(0.0,0.0,-1.0));
#7730=DIRECTION('',(0.0,-1.0,0.0));
#7731=DIRECTION('',(2.58913951638329E-16,-1.0,-2.71050543121376E-17));
#7732=DIRECTION('',(-1.0,2.62836890299516E-16,7.12420818680174E-33));
#7733=DIRECTION('',(0.0,1.0,2.71050543121376E-17));
#7734=DIRECTION('',(-1.0,0.0,0.0));
#7735=DIRECTION('',(5.42101086242747E-16,1.0,2.71050543121376E-17));
#7736=DIRECTION('',(1.0,-1.92747052886312E-15,-5.22441933698795E-32));
#7737=DIRECTION('',(0.0,1.0,2.71050543121376E-17));
#7738=DIRECTION('',(1.0,-9.13012355777267E-16,-2.47472494909955E-32));
#7739=DIRECTION('',(-1.00856016045163E-15,1.0,2.71050543121376E-17));
#7740=DIRECTION('',(1.0,0.0,0.0));
#7741=DIRECTION('',(1.0,0.0,0.0));
#7742=DIRECTION('',(0.0,-1.0,0.0));
#7743=DIRECTION('',(1.0,0.0,0.0));
#7744=DIRECTION('',(0.0,1.0,0.0));
#7745=DIRECTION('',(1.0,0.0,0.0));
#7746=DIRECTION('',(0.0,-1.0,-2.71050543121376E-17));
#7747=DIRECTION('',(-1.0,0.0,0.0));
#7748=DIRECTION('',(-1.00856016045163E-15,-1.0,-2.71050543121376E-17));
#7749=DIRECTION('',(1.0,9.13012355777267E-16,2.47472494909955E-32));
#7750=DIRECTION('',(0.0,-1.0,-2.71050543121376E-17));
#7751=DIRECTION('',(1.0,-3.85494105772624E-15,-1.04488386739759E-31));
#7752=DIRECTION('',(5.42101086242747E-16,-1.0,-2.71050543121376E-17));
#7753=DIRECTION('',(-1.0,0.0,0.0));
#7754=DIRECTION('',(0.0,-1.0,-2.71050543121376E-17));
#7755=DIRECTION('',(-1.0,-2.62836890299516E-16,-7.12420818680174E-33));
#7756=DIRECTION('',(-2.58913951638329E-16,-1.0,-2.71050543121376E-17));
#7757=CARTESIAN_POINT('',(-3.12500000000001,3.35,0.299999999999998));
#7758=DIRECTION('',(0.0,0.0,-1.0));
#7759=DIRECTION('',(0.0,-1.0,0.0));
#7760=DIRECTION('',(1.37676466347366E-16,1.0,2.71050543121376E-17));
#7761=DIRECTION('',(0.0,-1.0,0.0));
#7762=DIRECTION('',(-1.0,0.0,0.0));
#7763=DIRECTION('',(0.0,1.0,0.0));
#7764=DIRECTION('',(-1.0,0.0,0.0));
#7765=DIRECTION('',(1.08420217248553E-15,1.0,0.0));
#7766=DIRECTION('',(0.0,-1.0,0.0));
#7767=DIRECTION('',(-1.73472347597681E-14,0.0,-1.0));
#7768=DIRECTION('',(0.0,-1.0,0.0));
#7769=DIRECTION('',(0.0,0.0,-1.0));
#7770=DIRECTION('',(2.58913951638329E-16,-1.0,0.0));
#7771=DIRECTION('',(0.0,0.0,1.0));
#7772=DIRECTION('',(1.0,0.0,0.0));
#7773=DIRECTION('',(-1.0,0.0,1.35525271560688E-14));
#7774=DIRECTION('',(0.0,0.0,1.0));
#7775=DIRECTION('',(1.0,0.0,1.35525271560688E-16));
#7776=DIRECTION('',(-1.0,0.0,-1.35525271560688E-16));
#7777=DIRECTION('',(0.0,0.0,1.0));
#7778=DIRECTION('',(1.0,0.0,0.0));
#7779=CARTESIAN_POINT('',(3.125,3.35,2.05));
#7780=DIRECTION('',(0.0,0.0,-1.0));
#7781=DIRECTION('',(1.0,0.0,0.0));
#7782=DIRECTION('',(-1.0,0.0,1.35525271560688E-14));
#7783=DIRECTION('',(8.67361737988405E-15,0.0,1.0));
#7784=DIRECTION('',(1.0,0.0,0.0));
#7785=DIRECTION('',(1.0,0.0,0.0));
#7786=DIRECTION('',(0.0,0.0,-1.0));
#7787=DIRECTION('',(-1.0,0.0,1.35525271560688E-16));
#7788=DIRECTION('',(1.0,0.0,-1.35525271560688E-16));
#7789=DIRECTION('',(0.0,0.0,-1.0));
#7790=DIRECTION('',(0.0,-1.0,0.0));
#7791=DIRECTION('',(0.0,-1.0,0.0));
#7792=DIRECTION('',(0.0,0.0,-1.0));
#7793=DIRECTION('',(0.0,-1.0,0.0));
#7794=DIRECTION('',(-1.0,0.0,0.0));
#7795=DIRECTION('',(0.0,0.0,1.0));
#7796=DIRECTION('',(1.0,0.0,0.0));
#7797=DIRECTION('',(0.0,0.0,1.0));
#7798=DIRECTION('',(-1.0,0.0,0.0));
#7799=DIRECTION('',(0.0,0.0,1.0));
#7800=DIRECTION('',(1.0,0.0,0.0));
#7801=DIRECTION('',(0.0,0.0,1.0));
#7802=DIRECTION('',(-1.0,0.0,0.0));
#7803=DIRECTION('',(0.0,0.0,1.0));
#7804=DIRECTION('',(1.0,0.0,0.0));
#7805=DIRECTION('',(0.0,0.0,1.0));
#7806=DIRECTION('',(0.0,0.0,-1.0));
#7807=DIRECTION('',(-3.21245088143853E-16,0.0,-1.0));
#7808=DIRECTION('',(-1.0,0.0,0.0));
#7809=DIRECTION('',(0.0,0.0,-1.0));
#7810=DIRECTION('',(-1.0,0.0,0.0));
#7811=DIRECTION('',(-3.21245088143853E-16,0.0,-1.0));
#7812=DIRECTION('',(-1.0,0.0,5.63221907784678E-16));
#7813=DIRECTION('',(1.60622544071927E-16,0.0,1.0));
#7814=DIRECTION('',(1.0,0.0,0.0));
#7815=DIRECTION('',(0.0,0.0,-1.0));
#7816=DIRECTION('',(1.0,0.0,0.0));
#7817=DIRECTION('',(1.60622544071927E-16,0.0,1.0));
#7818=DIRECTION('',(0.0,0.0,-1.0));
#7819=DIRECTION('',(1.0,0.0,0.0));
#7820=DIRECTION('',(0.0,-0.964763821237732,-0.263117405792109));
#7821=DIRECTION('',(0.0,-1.0,0.0));
#7822=DIRECTION('',(0.0,0.0,1.0));
#7823=DIRECTION('',(0.0,-1.0,0.0));
#7824=DIRECTION('',(0.0,-1.0,0.0));
#7825=DIRECTION('',(0.0,2.50200501342809E-16,-1.0));
#7826=DIRECTION('',(0.0,1.0,1.29456975819165E-16));
#7827=DIRECTION('',(-1.0,0.0,0.0));
#7828=DIRECTION('',(0.0,0.0,-1.0));
#7829=DIRECTION('',(-1.0,-5.75098543666225E-15,1.35525271560688E-16));
#7830=DIRECTION('',(0.0,0.0,1.0));
#7831=DIRECTION('',(1.0,5.75098543666225E-15,0.0));
#7832=DIRECTION('',(0.0,0.0,-1.0));
#7833=DIRECTION('',(-1.0,-5.75098543666225E-15,0.0));
#7834=DIRECTION('',(0.0,2.50200501342809E-16,-1.0));
#7835=DIRECTION('',(0.0,1.0,0.0));
#7836=DIRECTION('',(-1.00856016045163E-15,-1.0,0.0));
#7837=DIRECTION('',(-1.00856016045163E-15,1.0,0.0));
#7838=DIRECTION('',(1.0,-9.13012355777267E-16,0.0));
#7839=DIRECTION('',(0.0,1.0,0.0));
#7840=DIRECTION('',(1.0,-1.92747052886312E-15,0.0));
#7841=DIRECTION('',(5.42101086242747E-16,1.0,0.0));
#7842=DIRECTION('',(-1.0,0.0,0.0));
#7843=DIRECTION('',(0.0,1.0,0.0));
#7844=DIRECTION('',(-1.0,2.62836890299516E-16,0.0));
#7845=DIRECTION('',(2.58913951638329E-16,-1.0,0.0));
#7846=DIRECTION('',(2.58913951638329E-16,1.0,0.0));
#7847=DIRECTION('',(-1.0,-2.62836890299516E-16,0.0));
#7848=DIRECTION('',(0.0,-1.0,0.0));
#7849=DIRECTION('',(-1.0,0.0,0.0));
#7850=DIRECTION('',(5.42101086242747E-16,-1.0,0.0));
#7851=DIRECTION('',(1.0,-3.85494105772624E-15,0.0));
#7852=DIRECTION('',(0.0,-1.0,0.0));
#7853=DIRECTION('',(1.0,9.13012355777267E-16,0.0));
#7854=DIRECTION('',(-1.37676466347366E-16,1.0,0.0));
#7855=DIRECTION('',(0.0,0.0,-1.0));
#7856=DIRECTION('',(-1.37676466347366E-16,1.0,-1.86586404892427E-32));
#7857=DIRECTION('',(0.0,0.0,-1.0));
#7858=DIRECTION('',(-1.32825273767792E-16,0.964763821237732,0.263117405792109));
#7859=DIRECTION('',(0.0,-1.0,0.0));
#7860=DIRECTION('',(0.0,-1.0,0.0));
#7861=DIRECTION('',(0.0,0.0,1.0));
#7862=DIRECTION('',(0.0,-1.0,0.0));
#7863=DIRECTION('',(0.0,0.0,-1.0));
#7864=DIRECTION('',(0.0,0.0,-1.0));
#7865=DIRECTION('',(2.58913951638329E-16,1.0,-3.50893836066355E-32));
#7866=CARTESIAN_POINT('',(-3.12500000000001,3.35,2.05));
#7867=DIRECTION('',(0.0,0.0,-1.0));
#7868=DIRECTION('',(1.0,0.0,0.0));
#7869=CARTESIAN_POINT('',(-3.12500000000001,3.35,2.05));
#7870=DIRECTION('',(0.0,0.0,-1.0));
#7871=DIRECTION('',(1.0,0.0,0.0));
#7872=DIRECTION('',(0.0,0.0,-1.0));
#7873=CARTESIAN_POINT('',(-3.12500000000001,3.35,2.69999999999999));
#7874=DIRECTION('',(0.0,0.0,1.0));
#7875=DIRECTION('',(-1.0,0.0,0.0));
#7876=DIRECTION('',(0.0,0.0,-1.0));
#7877=DIRECTION('',(1.32825273767792E-16,0.964763821237732,0.263117405792109));
#7878=DIRECTION('',(0.0,0.0,-1.0));
#7879=DIRECTION('',(-1.37676466347366E-16,-1.0,1.86586404892427E-32));
#7880=DIRECTION('',(1.37676466347366E-16,1.0,0.0));
#7881=DIRECTION('',(0.0,0.0,1.0));
#7882=DIRECTION('',(0.0,0.0,-1.0));
#7883=DIRECTION('',(2.58913951638329E-16,-1.0,3.50893836066355E-32));
#7884=CARTESIAN_POINT('',(3.125,3.35,2.05));
#7885=DIRECTION('',(0.0,0.0,-1.0));
#7886=DIRECTION('',(1.0,0.0,0.0));
#7887=DIRECTION('',(0.0,0.0,-1.0));
#7888=CARTESIAN_POINT('',(3.125,3.35,2.69999999999999));
#7889=DIRECTION('',(0.0,0.0,1.0));
#7890=DIRECTION('',(1.0,0.0,0.0));
#7891=DIRECTION('',(0.0,1.0,1.29456975819165E-16));
#7892=DIRECTION('',(0.0,2.50200501342809E-16,-1.0));
#7893=DIRECTION('',(0.0,-1.0,0.0));
#7894=DIRECTION('',(0.0,-1.0,0.0));
#7895=DIRECTION('',(0.0,0.0,1.0));
#7896=DIRECTION('',(0.0,-1.0,0.0));
#7897=DIRECTION('',(0.0,-0.964763821237732,-0.263117405792109));
#7898=DIRECTION('',(0.0,-1.0,0.0));
#7899=DIRECTION('',(-1.0,6.35392901084528E-15,0.0));
#7900=DIRECTION('',(-1.37676466347366E-16,1.0,0.0));
#7901=DIRECTION('',(-1.0,5.75098543666225E-15,0.0));
#7902=DIRECTION('',(-1.37676466347366E-16,-1.0,0.0));
#7903=DIRECTION('',(2.58913951638329E-16,1.0,0.0));
#7904=DIRECTION('',(-1.0,5.04280080225816E-15,0.0));
#7905=DIRECTION('',(0.0,-1.0,0.0));
#7906=DIRECTION('',(-1.0,0.0,0.0));
#7907=DIRECTION('',(0.0,3.6140072416183E-16,-1.0));
#7908=DIRECTION('',(-1.0,0.0,0.0));
#7909=DIRECTION('',(0.0,3.6140072416183E-16,-1.0));
#7910=DIRECTION('',(0.0,0.948683298050514,-0.316227766016837));
#7911=DIRECTION('',(-1.0,0.0,0.0));
#7912=DIRECTION('',(0.0,0.948683298050514,-0.316227766016837));
#7913=DIRECTION('',(-1.0,0.0,0.0));
#7914=DIRECTION('',(0.0,1.0,0.0));
#7915=DIRECTION('',(1.0,0.0,0.0));
#7916=DIRECTION('',(0.0,1.0,0.0));
#7917=DIRECTION('',(-1.0,0.0,0.0));
#7918=DIRECTION('',(0.0,1.0,0.0));
#7919=DIRECTION('',(1.0,0.0,0.0));
#7920=DIRECTION('',(0.0,1.0,0.0));
#7921=DIRECTION('',(-1.0,0.0,0.0));
#7922=DIRECTION('',(0.0,1.0,0.0));
#7923=DIRECTION('',(1.0,0.0,0.0));
#7924=DIRECTION('',(0.0,1.0,0.0));
#7925=DIRECTION('',(0.0,1.0,0.0));
#7926=DIRECTION('',(0.0,-1.0,-8.67361737988404E-17));
#7927=DIRECTION('',(-1.0,0.0,0.0));
#7928=DIRECTION('',(0.0,-1.0,-8.67361737988404E-17));
#7929=DIRECTION('',(0.0,1.0,0.0));
#7930=DIRECTION('',(-4.33680868994203E-15,-1.0,0.0));
#7931=DIRECTION('',(0.0,0.0,1.0));
#7932=DIRECTION('',(0.0,0.0,1.0));
#7933=DIRECTION('',(7.0473141211558E-15,1.0,0.0));
#7934=DIRECTION('',(1.0,0.0,0.0));
#7935=DIRECTION('',(1.0,0.0,0.0));
#7936=DIRECTION('',(0.0,-1.0,-3.7021537597066E-16));
#7937=DIRECTION('',(1.0,0.0,-5.93354279851156E-14));
#7938=CARTESIAN_POINT('',(-3.12500000000001,3.35,0.749999999999997));
#7939=DIRECTION('',(0.0,0.0,1.0));
#7940=DIRECTION('',(-1.0,0.0,0.0));
#7941=CARTESIAN_POINT('',(3.125,3.35,0.749999999999997));
#7942=DIRECTION('',(0.0,0.0,1.0));
#7943=DIRECTION('',(-1.0,0.0,0.0));
#7944=DIRECTION('',(1.0,0.0,3.13432991682172E-14));
#7945=DIRECTION('',(0.0,-1.0,-3.7021537597066E-16));
#7946=DIRECTION('',(1.0,0.0,0.0));
#7947=DIRECTION('',(1.0,0.0,0.0));
#7948=DIRECTION('',(0.0,-0.707106781186547,-0.707106781186548));
#7949=DIRECTION('',(1.0,0.0,0.0));
#7950=DIRECTION('',(0.0,-0.707106781186547,-0.707106781186548));
#7951=DIRECTION('',(0.0,7.22801448323671E-16,-1.0));
#7952=DIRECTION('',(0.0,7.22801448323671E-16,-1.0));
#7953=DIRECTION('',(0.0,1.08114132592841E-16,-1.0));
#7954=DIRECTION('',(0.0,-1.0,0.0));
#7955=DIRECTION('',(0.0,-1.08114132592841E-16,1.0));
#7956=DIRECTION('',(0.0,-1.0,0.0));
#7957=DIRECTION('',(-1.13841228110981E-14,-1.0,0.0));
#7958=DIRECTION('',(0.0,0.0,1.0));
#7959=DIRECTION('',(0.0,1.0,0.0));
#7960=DIRECTION('',(0.0,-1.0,0.0));
#7961=CARTESIAN_POINT('',(-3.12500000000001,3.35,0.749999999999997));
#7962=DIRECTION('',(0.0,0.0,1.0));
#7963=DIRECTION('',(-1.0,0.0,0.0));
#7964=DIRECTION('',(1.37676466347366E-16,1.0,0.0));
#7965=DIRECTION('',(1.0,0.0,0.0));
#7966=DIRECTION('',(0.0,0.0,-1.0));
#7967=DIRECTION('',(1.0,-5.75098543666225E-15,0.0));
#7968=DIRECTION('',(-1.0,5.75098543666225E-15,-1.35525271560688E-16));
#7969=DIRECTION('',(1.37676466347366E-16,-1.0,0.0));
#7970=CARTESIAN_POINT('',(3.125,3.35,0.749999999999997));
#7971=DIRECTION('',(0.0,0.0,1.0));
#7972=DIRECTION('',(-1.0,0.0,0.0));
#7973=DIRECTION('',(1.0,0.0,0.0));
#7974=DIRECTION('',(1.37676466347366E-16,-1.0,-1.29456975819165E-16));
#7975=DIRECTION('',(1.37676466347366E-16,-1.0,0.0));
#7976=DIRECTION('',(-1.0,0.0,0.0));
#7977=DIRECTION('',(-1.37676466347366E-16,-1.0,-1.29456975819165E-16));
#7978=DIRECTION('',(-1.0,0.0,0.0));
#7979=DIRECTION('',(-1.0,0.0,0.0));
#7980=DIRECTION('',(1.37676466347366E-16,1.0,0.0));
#7981=DIRECTION('',(1.0,0.0,-1.37989367407246E-14));
#7982=DIRECTION('',(1.0,0.0,-1.41931920761738E-14));
#7983=DIRECTION('',(-1.0,0.0,0.0));
#7984=DIRECTION('',(1.0,0.0,0.0));
#7985=DIRECTION('',(0.0,0.0,1.0));
#7986=DIRECTION('',(0.0,0.0,1.0));
#7987=DIRECTION('',(0.0,0.0,1.0));
#7988=DIRECTION('',(0.0,0.0,1.0));
#7989=DIRECTION('',(0.0,0.0,1.0));
#7990=DIRECTION('',(0.0,0.0,1.0));
#7991=DIRECTION('',(0.0,0.0,1.0));
#7992=DIRECTION('',(0.0,0.0,1.0));
#7993=DIRECTION('',(0.0,0.0,1.0));
#7994=DIRECTION('',(0.0,0.0,1.0));
#7995=DIRECTION('',(0.0,0.0,1.0));
#7996=DIRECTION('',(0.0,0.0,1.0));
#7997=DIRECTION('',(0.0,0.0,1.0));
#7998=DIRECTION('',(0.0,0.0,1.0));
#7999=DIRECTION('',(1.0,-6.35392901084528E-15,0.0));
#8000=DIRECTION('',(1.0,-5.04280080225816E-15,0.0));
#8001=CARTESIAN_POINT('',(1.16,0.450000000000001,1.7));
#8002=DIRECTION('',(1.0,0.0,0.0));
#8003=DIRECTION('',(0.0,1.0,0.0));
#8004=DIRECTION('',(-1.0,0.0,0.0));
#8005=CARTESIAN_POINT('',(0.84,0.450000000000001,1.7));
#8006=DIRECTION('',(1.0,0.0,0.0));
#8007=DIRECTION('',(0.0,1.0,0.0));
#8008=DIRECTION('',(0.0,0.0,1.0));
#8009=DIRECTION('',(-1.0,0.0,0.0));
#8010=DIRECTION('',(0.0,0.0,1.0));
#8011=DIRECTION('',(0.0,0.759256602365298,-0.650791373455967));
#8012=DIRECTION('',(0.0,0.998032126284391,0.0627046641347963));
#8013=DIRECTION('',(0.0,0.759256602365298,-0.650791373455967));
#8014=DIRECTION('',(0.0,0.998032126284391,0.0627046641347963));
#8015=CARTESIAN_POINT('',(1.16,4.25,0.349999999999997));
#8016=DIRECTION('',(-1.0,0.0,0.0));
#8017=DIRECTION('',(0.0,1.0,0.0));
#8018=CARTESIAN_POINT('',(0.84,4.25,0.349999999999997));
#8019=DIRECTION('',(-1.0,0.0,0.0));
#8020=DIRECTION('',(0.0,1.0,0.0));
#8021=DIRECTION('',(-1.0,0.0,0.0));
#8022=DIRECTION('',(0.0,-1.0,0.0));
#8023=DIRECTION('',(0.0,-1.0,0.0));
#8024=DIRECTION('',(-1.0,0.0,0.0));
#8025=DIRECTION('',(0.0,0.0,-1.0));
#8026=DIRECTION('',(0.0,0.70710678118655,-0.707106781186545));
#8027=DIRECTION('',(0.0,1.0,3.80647894157197E-16));
#8028=DIRECTION('',(0.0,5.78241158658937E-15,1.0));
#8029=DIRECTION('',(0.0,-1.0,-1.93607530800983E-16));
#8030=DIRECTION('',(0.0,0.0,1.0));
#8031=DIRECTION('',(0.0,-0.707106781186548,0.707106781186547));
#8032=DIRECTION('',(0.0,-0.707106781186548,0.707106781186547));
#8033=DIRECTION('',(0.0,0.0,1.0));
#8034=DIRECTION('',(0.0,-1.0,-1.93607530800983E-16));
#8035=DIRECTION('',(0.0,5.78241158658937E-15,1.0));
#8036=DIRECTION('',(0.0,1.0,3.80647894157197E-16));
#8037=DIRECTION('',(0.0,0.70710678118655,-0.707106781186545));
#8038=DIRECTION('',(0.0,0.0,-1.0));
#8039=DIRECTION('',(-1.0,0.0,0.0));
#8040=DIRECTION('',(-1.0,0.0,0.0));
#8041=DIRECTION('',(-1.0,0.0,0.0));
#8042=DIRECTION('',(-1.0,0.0,0.0));
#8043=DIRECTION('',(-1.0,0.0,0.0));
#8044=DIRECTION('',(-1.0,0.0,0.0));
#8045=CARTESIAN_POINT('',(-0.84,0.450000000000001,1.7));
#8046=DIRECTION('',(1.0,0.0,0.0));
#8047=DIRECTION('',(0.0,1.0,0.0));
#8048=DIRECTION('',(-1.0,0.0,0.0));
#8049=CARTESIAN_POINT('',(-1.16,0.450000000000001,1.7));
#8050=DIRECTION('',(1.0,0.0,0.0));
#8051=DIRECTION('',(0.0,1.0,0.0));
#8052=DIRECTION('',(0.0,0.0,1.0));
#8053=DIRECTION('',(-1.0,0.0,0.0));
#8054=DIRECTION('',(0.0,0.0,1.0));
#8055=DIRECTION('',(0.0,0.759256602365298,-0.650791373455967));
#8056=DIRECTION('',(0.0,0.998032126284391,0.0627046641347963));
#8057=DIRECTION('',(0.0,0.759256602365298,-0.650791373455967));
#8058=DIRECTION('',(0.0,0.998032126284391,0.0627046641347963));
#8059=CARTESIAN_POINT('',(0.16,0.450000000000001,1.7));
#8060=DIRECTION('',(1.0,0.0,0.0));
#8061=DIRECTION('',(0.0,1.0,0.0));
#8062=DIRECTION('',(-1.0,0.0,0.0));
#8063=CARTESIAN_POINT('',(-0.16,0.450000000000001,1.7));
#8064=DIRECTION('',(1.0,0.0,0.0));
#8065=DIRECTION('',(0.0,1.0,0.0));
#8066=DIRECTION('',(0.0,0.0,1.0));
#8067=DIRECTION('',(-1.0,0.0,0.0));
#8068=DIRECTION('',(0.0,0.0,1.0));
#8069=DIRECTION('',(0.0,0.759256602365298,-0.650791373455967));
#8070=DIRECTION('',(0.0,0.998032126284391,0.0627046641347963));
#8071=DIRECTION('',(0.0,0.759256602365298,-0.650791373455967));
#8072=DIRECTION('',(0.0,0.998032126284391,0.0627046641347963));
#8073=CARTESIAN_POINT('',(-0.84,4.25,0.349999999999997));
#8074=DIRECTION('',(-1.0,0.0,0.0));
#8075=DIRECTION('',(0.0,1.0,0.0));
#8076=CARTESIAN_POINT('',(-1.16,4.25,0.349999999999997));
#8077=DIRECTION('',(-1.0,0.0,0.0));
#8078=DIRECTION('',(0.0,1.0,0.0));
#8079=DIRECTION('',(-1.0,0.0,0.0));
#8080=DIRECTION('',(0.0,-1.0,0.0));
#8081=DIRECTION('',(0.0,-1.0,0.0));
#8082=DIRECTION('',(-1.0,0.0,0.0));
#8083=DIRECTION('',(0.0,0.0,-1.0));
#8084=DIRECTION('',(0.0,0.70710678118655,-0.707106781186545));
#8085=DIRECTION('',(0.0,1.0,3.80647894157197E-16));
#8086=DIRECTION('',(0.0,5.78241158658937E-15,1.0));
#8087=DIRECTION('',(0.0,-1.0,-1.93607530800983E-16));
#8088=DIRECTION('',(0.0,0.0,1.0));
#8089=DIRECTION('',(0.0,-0.707106781186548,0.707106781186547));
#8090=DIRECTION('',(0.0,-0.707106781186548,0.707106781186547));
#8091=DIRECTION('',(0.0,0.0,1.0));
#8092=DIRECTION('',(0.0,-1.0,-1.93607530800983E-16));
#8093=DIRECTION('',(0.0,5.78241158658937E-15,1.0));
#8094=DIRECTION('',(0.0,1.0,3.80647894157197E-16));
#8095=DIRECTION('',(0.0,0.70710678118655,-0.707106781186545));
#8096=DIRECTION('',(0.0,0.0,-1.0));
#8097=DIRECTION('',(-1.0,0.0,0.0));
#8098=DIRECTION('',(-1.0,0.0,0.0));
#8099=DIRECTION('',(-1.0,0.0,0.0));
#8100=DIRECTION('',(-1.0,0.0,0.0));
#8101=DIRECTION('',(-1.0,0.0,0.0));
#8102=DIRECTION('',(-1.0,0.0,0.0));
#8103=CARTESIAN_POINT('',(0.16,4.25,0.349999999999997));
#8104=DIRECTION('',(-1.0,0.0,0.0));
#8105=DIRECTION('',(0.0,1.0,0.0));
#8106=CARTESIAN_POINT('',(-0.16,4.25,0.349999999999997));
#8107=DIRECTION('',(-1.0,0.0,0.0));
#8108=DIRECTION('',(0.0,1.0,0.0));
#8109=DIRECTION('',(-1.0,0.0,0.0));
#8110=DIRECTION('',(0.0,-1.0,0.0));
#8111=DIRECTION('',(0.0,-1.0,0.0));
#8112=DIRECTION('',(-1.0,0.0,0.0));
#8113=DIRECTION('',(0.0,0.0,-1.0));
#8114=DIRECTION('',(0.0,0.70710678118655,-0.707106781186545));
#8115=DIRECTION('',(0.0,1.0,3.80647894157197E-16));
#8116=DIRECTION('',(0.0,5.78241158658937E-15,1.0));
#8117=DIRECTION('',(0.0,-1.0,-1.93607530800983E-16));
#8118=DIRECTION('',(0.0,0.0,1.0));
#8119=DIRECTION('',(0.0,-0.707106781186548,0.707106781186547));
#8120=DIRECTION('',(0.0,-0.707106781186548,0.707106781186547));
#8121=DIRECTION('',(0.0,0.0,1.0));
#8122=DIRECTION('',(0.0,-1.0,-1.93607530800983E-16));
#8123=DIRECTION('',(0.0,5.78241158658937E-15,1.0));
#8124=DIRECTION('',(0.0,1.0,3.80647894157197E-16));
#8125=DIRECTION('',(0.0,0.70710678118655,-0.707106781186545));
#8126=DIRECTION('',(0.0,0.0,-1.0));
#8127=DIRECTION('',(-1.0,0.0,0.0));
#8128=DIRECTION('',(-1.0,0.0,0.0));
#8129=DIRECTION('',(-1.0,0.0,0.0));
#8130=DIRECTION('',(-1.0,0.0,0.0));
#8131=DIRECTION('',(-1.0,0.0,0.0));
#8132=DIRECTION('',(-1.0,0.0,0.0));
#8133=DIRECTION('',(1.0,0.0,-1.5713074963558E-16));
#8134=DIRECTION('',(-0.707106781186547,-0.707106781186548,1.11108218600245E-16));
#8135=DIRECTION('',(-1.0,0.0,1.5713074963558E-16));
#8136=DIRECTION('',(-0.707106781186546,-0.707106781186549,1.11108218600244E-16));
#8137=DIRECTION('',(-1.0,0.0,1.5713074963558E-16));
#8138=DIRECTION('',(0.0,1.0,0.0));
#8139=DIRECTION('',(-1.0,0.0,1.5713074963558E-16));
#8140=DIRECTION('',(-0.707106781186543,0.707106781186552,1.11108218600244E-16));
#8141=DIRECTION('',(-1.0,0.0,1.5713074963558E-16));
#8142=DIRECTION('',(-0.707106781186544,0.707106781186551,1.11108218600244E-16));
#8143=DIRECTION('',(1.0,0.0,-1.5713074963558E-16));
#8144=DIRECTION('',(0.0,1.0,0.0));
#8145=CARTESIAN_POINT('',(-2.18,2.91,0.399999999999996));
#8146=DIRECTION('',(0.0,-1.0,0.0));
#8147=DIRECTION('',(0.0,0.0,-1.0));
#8148=CARTESIAN_POINT('',(-2.18,3.69,0.399999999999996));
#8149=DIRECTION('',(0.0,-1.0,0.0));
#8150=DIRECTION('',(0.0,0.0,-1.0));
#8151=CARTESIAN_POINT('',(-2.18,3.69,0.399999999999996));
#8152=DIRECTION('',(0.0,1.0,0.0));
#8153=DIRECTION('',(0.0,0.0,-1.0));
#8154=CARTESIAN_POINT('',(-2.18,2.91,0.399999999999996));
#8155=DIRECTION('',(0.0,1.0,0.0));
#8156=DIRECTION('',(0.0,0.0,-1.0));
#8157=DIRECTION('',(0.0,1.0,0.0));
#8158=DIRECTION('',(-1.0,0.0,0.0));
#8159=DIRECTION('',(-0.707106781186547,-0.707106781186548,0.0));
#8160=DIRECTION('',(-1.0,0.0,0.0));
#8161=DIRECTION('',(0.0,1.0,0.0));
#8162=DIRECTION('',(-1.0,0.0,0.0));
#8163=DIRECTION('',(-0.707106781186544,0.707106781186551,0.0));
#8164=DIRECTION('',(-1.0,0.0,0.0));
#8165=DIRECTION('',(-0.707106781186543,0.707106781186552,0.0));
#8166=DIRECTION('',(-1.0,0.0,0.0));
#8167=DIRECTION('',(-1.0,0.0,0.0));
#8168=DIRECTION('',(-0.707106781186546,-0.707106781186549,0.0));
#8169=DIRECTION('',(-5.42101086242752E-16,0.0,1.0));
#8170=DIRECTION('',(0.0,1.0,0.0));
#8171=DIRECTION('',(-5.42101086242752E-16,0.0,1.0));
#8172=DIRECTION('',(0.0,1.0,0.0));
#8173=DIRECTION('',(1.0,0.0,0.0));
#8174=DIRECTION('',(1.0,0.0,0.0));
#8175=DIRECTION('',(0.0,1.0,0.0));
#8176=DIRECTION('',(5.42101086242752E-16,0.0,-1.0));
#8177=DIRECTION('',(5.42101086242752E-16,0.0,-1.0));
#8178=DIRECTION('',(0.0,1.0,0.0));
#8179=CARTESIAN_POINT('',(-4.25,4.3,0.399999999999997));
#8180=DIRECTION('',(0.0,-1.0,0.0));
#8181=DIRECTION('',(1.0,0.0,0.0));
#8182=CARTESIAN_POINT('',(-4.25,2.3,0.399999999999997));
#8183=DIRECTION('',(0.0,-1.0,0.0));
#8184=DIRECTION('',(1.0,0.0,0.0));
#8185=CARTESIAN_POINT('',(-4.25,4.3,0.399999999999997));
#8186=DIRECTION('',(-0.0,1.0,0.0));
#8187=DIRECTION('',(1.0,0.0,0.0));
#8188=CARTESIAN_POINT('',(-4.25,2.3,0.399999999999997));
#8189=DIRECTION('',(-0.0,1.0,0.0));
#8190=DIRECTION('',(1.0,0.0,0.0));
#8191=DIRECTION('',(0.0,0.0,-1.0));
#8192=DIRECTION('',(0.0,0.0,-1.0));
#8193=DIRECTION('',(0.0,0.0,1.0));
#8194=DIRECTION('',(0.0,0.0,1.0));
#8195=DIRECTION('',(0.0,0.0,1.0));
#8196=DIRECTION('',(0.0,0.0,1.0));
#8197=DIRECTION('',(0.0,0.0,1.0));
#8198=DIRECTION('',(0.0,0.0,1.0));
#8199=CARTESIAN_POINT('',(2.18,3.69,0.399999999999997));
#8200=DIRECTION('',(0.0,1.0,0.0));
#8201=DIRECTION('',(0.0,0.0,-1.0));
#8202=DIRECTION('',(0.0,1.0,0.0));
#8203=CARTESIAN_POINT('',(2.18,2.91,0.399999999999997));
#8204=DIRECTION('',(0.0,1.0,0.0));
#8205=DIRECTION('',(0.0,0.0,-1.0));
#8206=CARTESIAN_POINT('',(2.18,2.91,0.399999999999997));
#8207=DIRECTION('',(0.0,-1.0,0.0));
#8208=DIRECTION('',(0.0,0.0,-1.0));
#8209=DIRECTION('',(0.0,1.0,0.0));
#8210=CARTESIAN_POINT('',(2.18,3.69,0.399999999999997));
#8211=DIRECTION('',(0.0,-1.0,0.0));
#8212=DIRECTION('',(0.0,0.0,-1.0));
#8213=DIRECTION('',(1.0,0.0,1.5713074963558E-16));
#8214=DIRECTION('',(0.0,0.0,1.0));
#8215=DIRECTION('',(-1.0,0.0,0.0));
#8216=DIRECTION('',(-1.0,0.0,0.0));
#8217=DIRECTION('',(0.0,0.0,1.0));
#8218=DIRECTION('',(1.0,0.0,1.5713074963558E-16));
#8219=DIRECTION('',(0.707106781186546,-0.707106781186549,1.11108218600244E-16));
#8220=DIRECTION('',(1.0,0.0,1.5713074963558E-16));
#8221=DIRECTION('',(0.707106781186547,-0.707106781186548,1.11108218600245E-16));
#8222=DIRECTION('',(1.0,0.0,1.5713074963558E-16));
#8223=DIRECTION('',(0.0,1.0,0.0));
#8224=DIRECTION('',(1.0,0.0,1.5713074963558E-16));
#8225=DIRECTION('',(0.707106781186547,0.707106781186548,1.11108218600244E-16));
#8226=DIRECTION('',(1.0,0.0,1.5713074963558E-16));
#8227=DIRECTION('',(0.707106781186543,0.707106781186552,1.11108218600244E-16));
#8228=DIRECTION('',(-0.707106781186546,0.707106781186549,0.0));
#8229=DIRECTION('',(-0.707106781186543,-0.707106781186552,0.0));
#8230=DIRECTION('',(-1.0,0.0,0.0));
#8231=DIRECTION('',(-0.707106781186547,-0.707106781186548,0.0));
#8232=DIRECTION('',(-1.0,0.0,-1.34084906355695E-16));
#8233=DIRECTION('',(0.0,1.0,0.0));
#8234=DIRECTION('',(-1.0,0.0,-1.34084906355695E-16));
#8235=DIRECTION('',(-0.707106781186547,0.707106781186548,0.0));
#8236=DIRECTION('',(-1.0,0.0,0.0));
#8237=DIRECTION('',(0.0,0.0,-1.0));
#8238=CARTESIAN_POINT('',(4.25,2.3,0.399999999999997));
#8239=DIRECTION('',(0.0,1.0,0.0));
#8240=DIRECTION('',(-1.0,0.0,-1.35525271560688E-16));
#8241=DIRECTION('',(0.0,0.0,-1.0));
#8242=DIRECTION('',(1.0,0.0,0.0));
#8243=DIRECTION('',(5.42101086242752E-16,0.0,1.0));
#8244=CARTESIAN_POINT('',(4.25,2.3,0.399999999999997));
#8245=DIRECTION('',(0.0,-1.0,0.0));
#8246=DIRECTION('',(-1.0,0.0,3.61400724161835E-16));
#8247=DIRECTION('',(0.0,0.0,-1.0));
#8248=CARTESIAN_POINT('',(4.25,4.3,0.399999999999997));
#8249=DIRECTION('',(0.0,-1.0,0.0));
#8250=DIRECTION('',(-1.0,0.0,3.61400724161835E-16));
#8251=DIRECTION('',(5.42101086242752E-16,0.0,1.0));
#8252=DIRECTION('',(1.0,0.0,0.0));
#8253=DIRECTION('',(0.0,0.0,-1.0));
#8254=CARTESIAN_POINT('',(4.25,4.3,0.399999999999997));
#8255=DIRECTION('',(0.0,1.0,0.0));
#8256=DIRECTION('',(-1.0,0.0,-1.35525271560688E-16));
#8257=DIRECTION('',(0.0,1.0,0.0));
#8258=DIRECTION('',(0.0,1.0,0.0));
#8259=DIRECTION('',(0.0,1.0,0.0));
#8260=DIRECTION('',(0.0,1.0,0.0));
#8261=DIRECTION('',(0.0,0.0,1.0));
#8262=DIRECTION('',(0.0,0.0,1.0));
#8263=DIRECTION('',(0.0,0.0,1.0));
#8264=DIRECTION('',(0.0,0.0,1.0));
#8265=PRESENTATION_LAYER_ASSIGNMENT('1','Layer 1',(#25));
ENDSEC;
END-ISO-10303-21;
